[2026-06-20 19:40:47.391] [2357] [HailoRT] [info] [vdevice.cpp:535] [create] Creating vdevice with params: device_count: 1, scheduling_algorithm: NONE, multi_process_service: false
[2026-06-20 19:40:47.410] [2357] [HailoRT] [info] [device.cpp:51] [Device] OS Version: Linux 6.18.33+rpt-rpi-2712 #1 SMP PREEMPT Debian 1:6.18.33-1+rpt1 (2026-06-01) aarch64
[2026-06-20 19:40:47.412] [2357] [HailoRT] [info] [control.cpp:113] [control__parse_identify_results] firmware_version is: 4.23.0
[2026-06-20 19:40:47.412] [2357] [HailoRT] [info] [vdevice.cpp:682] [create] VDevice Infos: 0001:01:00.0
[2026-06-20 19:40:47.421] [2357] [HailoRT] [info] [internal_buffer_manager.cpp:75] [print_execution_results] Default Internal buffer planner failed to meet requirements
[2026-06-20 19:40:47.421] [2357] [HailoRT] [info] [internal_buffer_manager.cpp:86] [print_execution_results] Default Internal buffer planner executed successfully
[2026-06-20 19:40:47.434] [2357] [HailoRT] [info] [device_internal.cpp:57] [configure] Configuring HEF took 22.098497 milliseconds
[2026-06-20 19:40:47.435] [2357] [HailoRT] [info] [vdevice.cpp:780] [configure] Configuring HEF on VDevice took 22.763203 milliseconds
[2026-06-20 19:40:47.435] [2357] [HailoRT] [info] [hef.cpp:1994] [get_network_group_and_network_name] No name was given. Addressing all networks of default network_group: yolov8n
[2026-06-20 19:40:47.435] [2357] [HailoRT] [info] [hef.cpp:1994] [get_network_group_and_network_name] No name was given. Addressing all networks of default network_group: yolov8n
[2026-06-20 19:40:47.437] [2357] [HailoRT] [info] [core_op.cpp:156] [activate] Activating yolov8n took 0.615241 milliseconds. Note that the function is asynchronous and thus the network is not fully activated yet.
[2026-06-20 19:40:47.437] [2357] [HailoRT] [info] [core_op.cpp:156] [activate] Activating yolov8n took 0.633076 milliseconds. Note that the function is asynchronous and thus the network is not fully activated yet.
[2026-06-20 19:40:47.440] [2357] [HailoRT] [info] [edge_elements.cpp:52] [create] Created (HwWriteEl11yolov8n/input_layer1 | hw_frame_size: 1228800)
[2026-06-20 19:40:47.441] [2357] [HailoRT] [info] [vstream.cpp:754] [InputVStreamImpl] Creating yolov8n/input_layer1...
[2026-06-20 19:40:47.441] [2357] [HailoRT] [info] [vstream_builder.cpp:102] [create_inputs] Input pipeline 'yolov8n/input_layer1': (HwWriteEl11yolov8n/input_layer1 | hw_frame_size: 1228800) >> HW
[2026-06-20 19:40:47.441] [2357] [HailoRT] [info] [edge_elements.cpp:287] [create] Created (HwReadEl13yolov8n/conv41 | hw_frame_size: 409600)
[2026-06-20 19:40:47.441] [2357] [HailoRT] [info] [queue_elements.cpp:657] [create] Created (PullQEl_hw_read13yolov8n/conv41)
[2026-06-20 19:40:47.441] [2357] [HailoRT] [info] [filter_elements.cpp:372] [create] Created (PostInferEl13yolov8n/conv41 | Quantization - src_type: UINT8, dst_type FLOAT32, limvals_min: -15.2439, limvals_max: 13.765)
[2026-06-20 19:40:47.442] [2357] [HailoRT] [info] [queue_elements.cpp:800] [create] Created (UserBuffQEl13yolov8n/conv41 | timeout: 10s)
[2026-06-20 19:40:47.442] [2357] [HailoRT] [info] [vstream.cpp:1114] [OutputVStreamImpl] Creating yolov8n/conv41...
[2026-06-20 19:40:47.442] [2357] [HailoRT] [info] [vstream_builder.cpp:220] [create_outputs] Output pipeline 'yolov8n/conv41': HW >> (HwReadEl13yolov8n/conv41 | hw_frame_size: 409600) >> (PullQEl_hw_read13yolov8n/conv41) >> (PostInferEl13yolov8n/conv41 | Quantization - src_type: UINT8, dst_type FLOAT32, limvals_min: -15.2439, limvals_max: 13.765) >> (UserBuffQEl13yolov8n/conv41 | timeout: 10s)
[2026-06-20 19:40:47.442] [2357] [HailoRT] [info] [edge_elements.cpp:287] [create] Created (HwReadEl12yolov8n/conv42 | hw_frame_size: 32000)
[2026-06-20 19:40:47.443] [2357] [HailoRT] [info] [queue_elements.cpp:657] [create] Created (PullQEl_hw_read12yolov8n/conv42)
[2026-06-20 19:40:47.443] [2357] [HailoRT] [info] [filter_elements.cpp:372] [create] Created (PostInferEl12yolov8n/conv42 | Quantization - src_type: UINT8, dst_type FLOAT32, limvals_min: 0, limvals_max: 1)
[2026-06-20 19:40:47.443] [2357] [HailoRT] [info] [queue_elements.cpp:800] [create] Created (UserBuffQEl12yolov8n/conv42 | timeout: 10s)
[2026-06-20 19:40:47.443] [2357] [HailoRT] [info] [vstream.cpp:1114] [OutputVStreamImpl] Creating yolov8n/conv42...
[2026-06-20 19:40:47.443] [2357] [HailoRT] [info] [vstream_builder.cpp:220] [create_outputs] Output pipeline 'yolov8n/conv42': HW >> (HwReadEl12yolov8n/conv42 | hw_frame_size: 32000) >> (PullQEl_hw_read12yolov8n/conv42) >> (PostInferEl12yolov8n/conv42 | Quantization - src_type: UINT8, dst_type FLOAT32, limvals_min: 0, limvals_max: 1) >> (UserBuffQEl12yolov8n/conv42 | timeout: 10s)
[2026-06-20 19:40:47.443] [2357] [HailoRT] [info] [edge_elements.cpp:287] [create] Created (HwReadEl15yolov8n/conv52 | hw_frame_size: 102400)
[2026-06-20 19:40:47.443] [2357] [HailoRT] [info] [queue_elements.cpp:657] [create] Created (PullQEl_hw_read15yolov8n/conv52)
[2026-06-20 19:40:47.443] [2357] [HailoRT] [info] [filter_elements.cpp:372] [create] Created (PostInferEl15yolov8n/conv52 | Quantization - src_type: UINT8, dst_type FLOAT32, limvals_min: -14.8019, limvals_max: 12.3526)
[2026-06-20 19:40:47.443] [2357] [HailoRT] [info] [queue_elements.cpp:800] [create] Created (UserBuffQEl15yolov8n/conv52 | timeout: 10s)
[2026-06-20 19:40:47.443] [2357] [HailoRT] [info] [vstream.cpp:1114] [OutputVStreamImpl] Creating yolov8n/conv52...
[2026-06-20 19:40:47.443] [2357] [HailoRT] [info] [vstream_builder.cpp:220] [create_outputs] Output pipeline 'yolov8n/conv52': HW >> (HwReadEl15yolov8n/conv52 | hw_frame_size: 102400) >> (PullQEl_hw_read15yolov8n/conv52) >> (PostInferEl15yolov8n/conv52 | Quantization - src_type: UINT8, dst_type FLOAT32, limvals_min: -14.8019, limvals_max: 12.3526) >> (UserBuffQEl15yolov8n/conv52 | timeout: 10s)
[2026-06-20 19:40:47.443] [2357] [HailoRT] [info] [edge_elements.cpp:287] [create] Created (HwReadEl14yolov8n/conv53 | hw_frame_size: 8000)
[2026-06-20 19:40:47.443] [2357] [HailoRT] [info] [queue_elements.cpp:657] [create] Created (PullQEl_hw_read14yolov8n/conv53)
[2026-06-20 19:40:47.443] [2357] [HailoRT] [info] [filter_elements.cpp:372] [create] Created (PostInferEl14yolov8n/conv53 | Quantization - src_type: UINT8, dst_type FLOAT32, limvals_min: 0, limvals_max: 1)
[2026-06-20 19:40:47.443] [2357] [HailoRT] [info] [queue_elements.cpp:800] [create] Created (UserBuffQEl14yolov8n/conv53 | timeout: 10s)
[2026-06-20 19:40:47.443] [2357] [HailoRT] [info] [vstream.cpp:1114] [OutputVStreamImpl] Creating yolov8n/conv53...
[2026-06-20 19:40:47.443] [2357] [HailoRT] [info] [vstream_builder.cpp:220] [create_outputs] Output pipeline 'yolov8n/conv53': HW >> (HwReadEl14yolov8n/conv53 | hw_frame_size: 8000) >> (PullQEl_hw_read14yolov8n/conv53) >> (PostInferEl14yolov8n/conv53 | Quantization - src_type: UINT8, dst_type FLOAT32, limvals_min: 0, limvals_max: 1) >> (UserBuffQEl14yolov8n/conv53 | timeout: 10s)
[2026-06-20 19:40:47.443] [2357] [HailoRT] [info] [edge_elements.cpp:287] [create] Created (HwReadEl8yolov8n/conv62 | hw_frame_size: 25600)
[2026-06-20 19:40:47.443] [2357] [HailoRT] [info] [queue_elements.cpp:657] [create] Created (PullQEl_hw_read8yolov8n/conv62)
[2026-06-20 19:40:47.443] [2357] [HailoRT] [info] [filter_elements.cpp:372] [create] Created (PostInferEl8yolov8n/conv62 | Quantization - src_type: UINT8, dst_type FLOAT32, limvals_min: -15.9876, limvals_max: 12.1285)
[2026-06-20 19:40:47.444] [2357] [HailoRT] [info] [queue_elements.cpp:800] [create] Created (UserBuffQEl8yolov8n/conv62 | timeout: 10s)
[2026-06-20 19:40:47.444] [2357] [HailoRT] [info] [vstream.cpp:1114] [OutputVStreamImpl] Creating yolov8n/conv62...
[2026-06-20 19:40:47.444] [2357] [HailoRT] [info] [vstream_builder.cpp:220] [create_outputs] Output pipeline 'yolov8n/conv62': HW >> (HwReadEl8yolov8n/conv62 | hw_frame_size: 25600) >> (PullQEl_hw_read8yolov8n/conv62) >> (PostInferEl8yolov8n/conv62 | Quantization - src_type: UINT8, dst_type FLOAT32, limvals_min: -15.9876, limvals_max: 12.1285) >> (UserBuffQEl8yolov8n/conv62 | timeout: 10s)
[2026-06-20 19:40:47.444] [2357] [HailoRT] [info] [edge_elements.cpp:287] [create] Created (HwReadEl2yolov8n/conv63 | hw_frame_size: 2000)
[2026-06-20 19:40:47.444] [2357] [HailoRT] [info] [queue_elements.cpp:657] [create] Created (PullQEl_hw_read2yolov8n/conv63)
[2026-06-20 19:40:47.444] [2357] [HailoRT] [info] [filter_elements.cpp:372] [create] Created (PostInferEl2yolov8n/conv63 | Quantization - src_type: UINT8, dst_type FLOAT32, limvals_min: 0, limvals_max: 1 | Reorder - src_order: NHCW, src_shape: (20, 20, 5), dst_order: NHWC, dst_shape: (20, 20, 5))
[2026-06-20 19:40:47.444] [2357] [HailoRT] [info] [queue_elements.cpp:800] [create] Created (UserBuffQEl2yolov8n/conv63 | timeout: 10s)
[2026-06-20 19:40:47.444] [2357] [HailoRT] [info] [vstream.cpp:1114] [OutputVStreamImpl] Creating yolov8n/conv63...
[2026-06-20 19:40:47.444] [2357] [HailoRT] [info] [vstream_builder.cpp:220] [create_outputs] Output pipeline 'yolov8n/conv63': HW >> (HwReadEl2yolov8n/conv63 | hw_frame_size: 2000) >> (PullQEl_hw_read2yolov8n/conv63) >> (PostInferEl2yolov8n/conv63 | Quantization - src_type: UINT8, dst_type FLOAT32, limvals_min: 0, limvals_max: 1 | Reorder - src_order: NHCW, src_shape: (20, 20, 5), dst_order: NHWC, dst_shape: (20, 20, 5)) >> (UserBuffQEl2yolov8n/conv63 | timeout: 10s)
[2026-06-20 19:40:49.944] [2374] [HailoRT] [info] [queue_elements.cpp:855] [run_in_thread] Shutdown event was signaled in dequeue of UserBuffQEl13yolov8n/conv41!
[2026-06-20 19:40:49.944] [2373] [HailoRT] [info] [vdevice_native_stream.cpp:331] [read_impl] Failed read from stream HAILO_STREAM_ABORT(63) (device: 0001:01:00.0)
[2026-06-20 19:40:49.944] [2373] [HailoRT] [info] [edge_elements.cpp:396] [run_pull] Reading from stream was aborted!
[2026-06-20 19:40:49.944] [2373] [HailoRT] [info] [queue_elements.cpp:738] [run_in_thread] run_pull of queue element PullQEl_hw_read13yolov8n/conv41 was aborted!
[2026-06-20 19:40:49.944] [2373] [HailoRT] [info] [queue_elements.cpp:68] [operator()] Thread in element PullQEl_hw_read13yolov8n/conv41 is not running anymore, exiting..
[2026-06-20 19:40:49.944] [2357] [HailoRT] [info] [queue_elements.cpp:46] [~BaseQueueElement] Queue element PullQEl_hw_read13yolov8n/conv41 has 0 frames in his Queue on destruction
[2026-06-20 19:40:49.944] [2374] [HailoRT] [info] [queue_elements.cpp:68] [operator()] Thread in element UserBuffQEl13yolov8n/conv41 is not running anymore, exiting..
[2026-06-20 19:40:49.944] [2357] [HailoRT] [info] [queue_elements.cpp:46] [~BaseQueueElement] Queue element UserBuffQEl13yolov8n/conv41 has 0 frames in his Queue on destruction
[2026-06-20 19:40:49.944] [2376] [HailoRT] [info] [queue_elements.cpp:855] [run_in_thread] Shutdown event was signaled in dequeue of UserBuffQEl12yolov8n/conv42!
[2026-06-20 19:40:49.944] [2375] [HailoRT] [info] [vdevice_native_stream.cpp:331] [read_impl] Failed read from stream HAILO_STREAM_ABORT(63) (device: 0001:01:00.0)
[2026-06-20 19:40:49.944] [2375] [HailoRT] [info] [edge_elements.cpp:396] [run_pull] Reading from stream was aborted!
[2026-06-20 19:40:49.944] [2375] [HailoRT] [info] [queue_elements.cpp:738] [run_in_thread] run_pull of queue element PullQEl_hw_read12yolov8n/conv42 was aborted!
[2026-06-20 19:40:49.944] [2375] [HailoRT] [info] [queue_elements.cpp:68] [operator()] Thread in element PullQEl_hw_read12yolov8n/conv42 is not running anymore, exiting..
[2026-06-20 19:40:49.944] [2357] [HailoRT] [info] [queue_elements.cpp:46] [~BaseQueueElement] Queue element PullQEl_hw_read12yolov8n/conv42 has 0 frames in his Queue on destruction
[2026-06-20 19:40:49.944] [2376] [HailoRT] [info] [queue_elements.cpp:68] [operator()] Thread in element UserBuffQEl12yolov8n/conv42 is not running anymore, exiting..
[2026-06-20 19:40:49.944] [2357] [HailoRT] [info] [queue_elements.cpp:46] [~BaseQueueElement] Queue element UserBuffQEl12yolov8n/conv42 has 0 frames in his Queue on destruction
[2026-06-20 19:40:49.945] [2377] [HailoRT] [info] [vdevice_native_stream.cpp:331] [read_impl] Failed read from stream HAILO_STREAM_ABORT(63) (device: 0001:01:00.0)
[2026-06-20 19:40:49.945] [2377] [HailoRT] [info] [edge_elements.cpp:396] [run_pull] Reading from stream was aborted!
[2026-06-20 19:40:49.945] [2378] [HailoRT] [info] [queue_elements.cpp:855] [run_in_thread] Shutdown event was signaled in dequeue of UserBuffQEl15yolov8n/conv52!
[2026-06-20 19:40:49.945] [2377] [HailoRT] [info] [queue_elements.cpp:738] [run_in_thread] run_pull of queue element PullQEl_hw_read15yolov8n/conv52 was aborted!
[2026-06-20 19:40:49.945] [2377] [HailoRT] [info] [queue_elements.cpp:68] [operator()] Thread in element PullQEl_hw_read15yolov8n/conv52 is not running anymore, exiting..
[2026-06-20 19:40:49.945] [2357] [HailoRT] [info] [queue_elements.cpp:46] [~BaseQueueElement] Queue element PullQEl_hw_read15yolov8n/conv52 has 0 frames in his Queue on destruction
[2026-06-20 19:40:49.945] [2378] [HailoRT] [info] [queue_elements.cpp:68] [operator()] Thread in element UserBuffQEl15yolov8n/conv52 is not running anymore, exiting..
[2026-06-20 19:40:49.945] [2357] [HailoRT] [info] [queue_elements.cpp:46] [~BaseQueueElement] Queue element UserBuffQEl15yolov8n/conv52 has 0 frames in his Queue on destruction
[2026-06-20 19:40:49.945] [2380] [HailoRT] [info] [queue_elements.cpp:855] [run_in_thread] Shutdown event was signaled in dequeue of UserBuffQEl14yolov8n/conv53!
[2026-06-20 19:40:49.945] [2379] [HailoRT] [info] [vdevice_native_stream.cpp:331] [read_impl] Failed read from stream HAILO_STREAM_ABORT(63) (device: 0001:01:00.0)
[2026-06-20 19:40:49.945] [2379] [HailoRT] [info] [edge_elements.cpp:396] [run_pull] Reading from stream was aborted!
[2026-06-20 19:40:49.945] [2379] [HailoRT] [info] [queue_elements.cpp:738] [run_in_thread] run_pull of queue element PullQEl_hw_read14yolov8n/conv53 was aborted!
[2026-06-20 19:40:49.945] [2379] [HailoRT] [info] [queue_elements.cpp:68] [operator()] Thread in element PullQEl_hw_read14yolov8n/conv53 is not running anymore, exiting..
[2026-06-20 19:40:49.945] [2357] [HailoRT] [info] [queue_elements.cpp:46] [~BaseQueueElement] Queue element PullQEl_hw_read14yolov8n/conv53 has 0 frames in his Queue on destruction
[2026-06-20 19:40:49.945] [2380] [HailoRT] [info] [queue_elements.cpp:68] [operator()] Thread in element UserBuffQEl14yolov8n/conv53 is not running anymore, exiting..
[2026-06-20 19:40:49.945] [2357] [HailoRT] [info] [queue_elements.cpp:46] [~BaseQueueElement] Queue element UserBuffQEl14yolov8n/conv53 has 0 frames in his Queue on destruction
[2026-06-20 19:40:49.945] [2381] [HailoRT] [info] [vdevice_native_stream.cpp:331] [read_impl] Failed read from stream HAILO_STREAM_ABORT(63) (device: 0001:01:00.0)
[2026-06-20 19:40:49.945] [2382] [HailoRT] [info] [queue_elements.cpp:855] [run_in_thread] Shutdown event was signaled in dequeue of UserBuffQEl8yolov8n/conv62!
[2026-06-20 19:40:49.945] [2381] [HailoRT] [info] [edge_elements.cpp:396] [run_pull] Reading from stream was aborted!
[2026-06-20 19:40:49.945] [2381] [HailoRT] [info] [queue_elements.cpp:738] [run_in_thread] run_pull of queue element PullQEl_hw_read8yolov8n/conv62 was aborted!
[2026-06-20 19:40:49.945] [2381] [HailoRT] [info] [queue_elements.cpp:68] [operator()] Thread in element PullQEl_hw_read8yolov8n/conv62 is not running anymore, exiting..
[2026-06-20 19:40:49.945] [2357] [HailoRT] [info] [queue_elements.cpp:46] [~BaseQueueElement] Queue element PullQEl_hw_read8yolov8n/conv62 has 0 frames in his Queue on destruction
[2026-06-20 19:40:49.945] [2382] [HailoRT] [info] [queue_elements.cpp:68] [operator()] Thread in element UserBuffQEl8yolov8n/conv62 is not running anymore, exiting..
[2026-06-20 19:40:49.945] [2357] [HailoRT] [info] [queue_elements.cpp:46] [~BaseQueueElement] Queue element UserBuffQEl8yolov8n/conv62 has 0 frames in his Queue on destruction
[2026-06-20 19:40:49.945] [2383] [HailoRT] [info] [vdevice_native_stream.cpp:331] [read_impl] Failed read from stream HAILO_STREAM_ABORT(63) (device: 0001:01:00.0)
[2026-06-20 19:40:49.945] [2383] [HailoRT] [info] [edge_elements.cpp:396] [run_pull] Reading from stream was aborted!
[2026-06-20 19:40:49.945] [2384] [HailoRT] [info] [queue_elements.cpp:855] [run_in_thread] Shutdown event was signaled in dequeue of UserBuffQEl2yolov8n/conv63!
[2026-06-20 19:40:49.945] [2383] [HailoRT] [info] [queue_elements.cpp:738] [run_in_thread] run_pull of queue element PullQEl_hw_read2yolov8n/conv63 was aborted!
[2026-06-20 19:40:49.945] [2383] [HailoRT] [info] [queue_elements.cpp:68] [operator()] Thread in element PullQEl_hw_read2yolov8n/conv63 is not running anymore, exiting..
[2026-06-20 19:40:49.945] [2357] [HailoRT] [info] [queue_elements.cpp:46] [~BaseQueueElement] Queue element PullQEl_hw_read2yolov8n/conv63 has 0 frames in his Queue on destruction
[2026-06-20 19:40:49.945] [2384] [HailoRT] [info] [queue_elements.cpp:68] [operator()] Thread in element UserBuffQEl2yolov8n/conv63 is not running anymore, exiting..
[2026-06-20 19:40:49.945] [2357] [HailoRT] [info] [queue_elements.cpp:46] [~BaseQueueElement] Queue element UserBuffQEl2yolov8n/conv63 has 0 frames in his Queue on destruction
[2026-06-20 19:40:49.945] [2357] [HailoRT] [info] [core_op.cpp:186] [deactivate] Deactivating took 0.418864 ms
[2026-06-20 19:40:49.945] [2357] [HailoRT] [info] [core_op.cpp:186] [deactivate] Deactivating took 0.427921 ms
[2026-06-20 19:51:16.569] [2787] [HailoRT] [info] [vdevice.cpp:535] [create] Creating vdevice with params: device_count: 1, scheduling_algorithm: NONE, multi_process_service: false
[2026-06-20 19:51:16.580] [2787] [HailoRT] [info] [device.cpp:51] [Device] OS Version: Linux 6.18.33+rpt-rpi-2712 #1 SMP PREEMPT Debian 1:6.18.33-1+rpt1 (2026-06-01) aarch64
[2026-06-20 19:51:16.580] [2787] [HailoRT] [info] [control.cpp:113] [control__parse_identify_results] firmware_version is: 4.23.0
[2026-06-20 19:51:16.580] [2787] [HailoRT] [info] [vdevice.cpp:682] [create] VDevice Infos: 0001:01:00.0
[2026-06-20 19:51:16.586] [2787] [HailoRT] [info] [internal_buffer_manager.cpp:75] [print_execution_results] Default Internal buffer planner failed to meet requirements
[2026-06-20 19:51:16.586] [2787] [HailoRT] [info] [internal_buffer_manager.cpp:86] [print_execution_results] Default Internal buffer planner executed successfully
[2026-06-20 19:51:16.602] [2787] [HailoRT] [info] [device_internal.cpp:57] [configure] Configuring HEF took 21.286077 milliseconds
[2026-06-20 19:51:16.602] [2787] [HailoRT] [info] [vdevice.cpp:780] [configure] Configuring HEF on VDevice took 21.622988 milliseconds
[2026-06-20 19:51:16.603] [2787] [HailoRT] [info] [hef.cpp:1994] [get_network_group_and_network_name] No name was given. Addressing all networks of default network_group: yolov8n
[2026-06-20 19:51:16.603] [2787] [HailoRT] [info] [hef.cpp:1994] [get_network_group_and_network_name] No name was given. Addressing all networks of default network_group: yolov8n
[2026-06-20 19:51:16.604] [2787] [HailoRT] [info] [core_op.cpp:156] [activate] Activating yolov8n took 0.668654 milliseconds. Note that the function is asynchronous and thus the network is not fully activated yet.
[2026-06-20 19:51:16.604] [2787] [HailoRT] [info] [core_op.cpp:156] [activate] Activating yolov8n took 0.681747 milliseconds. Note that the function is asynchronous and thus the network is not fully activated yet.
[2026-06-20 19:51:16.604] [2787] [HailoRT] [info] [edge_elements.cpp:52] [create] Created (HwWriteEl11yolov8n/input_layer1 | hw_frame_size: 1228800)
[2026-06-20 19:51:16.604] [2787] [HailoRT] [info] [vstream.cpp:754] [InputVStreamImpl] Creating yolov8n/input_layer1...
[2026-06-20 19:51:16.604] [2787] [HailoRT] [info] [vstream_builder.cpp:102] [create_inputs] Input pipeline 'yolov8n/input_layer1': (HwWriteEl11yolov8n/input_layer1 | hw_frame_size: 1228800) >> HW
[2026-06-20 19:51:16.604] [2787] [HailoRT] [info] [edge_elements.cpp:287] [create] Created (HwReadEl13yolov8n/conv41 | hw_frame_size: 409600)
[2026-06-20 19:51:16.604] [2787] [HailoRT] [info] [queue_elements.cpp:657] [create] Created (PullQEl_hw_read13yolov8n/conv41)
[2026-06-20 19:51:16.604] [2787] [HailoRT] [info] [filter_elements.cpp:372] [create] Created (PostInferEl13yolov8n/conv41 | Quantization - src_type: UINT8, dst_type FLOAT32, limvals_min: -15.2439, limvals_max: 13.765)
[2026-06-20 19:51:16.604] [2787] [HailoRT] [info] [queue_elements.cpp:800] [create] Created (UserBuffQEl13yolov8n/conv41 | timeout: 10s)
[2026-06-20 19:51:16.604] [2787] [HailoRT] [info] [vstream.cpp:1114] [OutputVStreamImpl] Creating yolov8n/conv41...
[2026-06-20 19:51:16.604] [2787] [HailoRT] [info] [vstream_builder.cpp:220] [create_outputs] Output pipeline 'yolov8n/conv41': HW >> (HwReadEl13yolov8n/conv41 | hw_frame_size: 409600) >> (PullQEl_hw_read13yolov8n/conv41) >> (PostInferEl13yolov8n/conv41 | Quantization - src_type: UINT8, dst_type FLOAT32, limvals_min: -15.2439, limvals_max: 13.765) >> (UserBuffQEl13yolov8n/conv41 | timeout: 10s)
[2026-06-20 19:51:16.604] [2787] [HailoRT] [info] [edge_elements.cpp:287] [create] Created (HwReadEl12yolov8n/conv42 | hw_frame_size: 32000)
[2026-06-20 19:51:16.604] [2787] [HailoRT] [info] [queue_elements.cpp:657] [create] Created (PullQEl_hw_read12yolov8n/conv42)
[2026-06-20 19:51:16.604] [2787] [HailoRT] [info] [filter_elements.cpp:372] [create] Created (PostInferEl12yolov8n/conv42 | Quantization - src_type: UINT8, dst_type FLOAT32, limvals_min: 0, limvals_max: 1)
[2026-06-20 19:51:16.604] [2787] [HailoRT] [info] [queue_elements.cpp:800] [create] Created (UserBuffQEl12yolov8n/conv42 | timeout: 10s)
[2026-06-20 19:51:16.604] [2787] [HailoRT] [info] [vstream.cpp:1114] [OutputVStreamImpl] Creating yolov8n/conv42...
[2026-06-20 19:51:16.604] [2787] [HailoRT] [info] [vstream_builder.cpp:220] [create_outputs] Output pipeline 'yolov8n/conv42': HW >> (HwReadEl12yolov8n/conv42 | hw_frame_size: 32000) >> (PullQEl_hw_read12yolov8n/conv42) >> (PostInferEl12yolov8n/conv42 | Quantization - src_type: UINT8, dst_type FLOAT32, limvals_min: 0, limvals_max: 1) >> (UserBuffQEl12yolov8n/conv42 | timeout: 10s)
[2026-06-20 19:51:16.604] [2787] [HailoRT] [info] [edge_elements.cpp:287] [create] Created (HwReadEl15yolov8n/conv52 | hw_frame_size: 102400)
[2026-06-20 19:51:16.605] [2787] [HailoRT] [info] [queue_elements.cpp:657] [create] Created (PullQEl_hw_read15yolov8n/conv52)
[2026-06-20 19:51:16.605] [2787] [HailoRT] [info] [filter_elements.cpp:372] [create] Created (PostInferEl15yolov8n/conv52 | Quantization - src_type: UINT8, dst_type FLOAT32, limvals_min: -14.8019, limvals_max: 12.3526)
[2026-06-20 19:51:16.605] [2787] [HailoRT] [info] [queue_elements.cpp:800] [create] Created (UserBuffQEl15yolov8n/conv52 | timeout: 10s)
[2026-06-20 19:51:16.605] [2787] [HailoRT] [info] [vstream.cpp:1114] [OutputVStreamImpl] Creating yolov8n/conv52...
[2026-06-20 19:51:16.605] [2787] [HailoRT] [info] [vstream_builder.cpp:220] [create_outputs] Output pipeline 'yolov8n/conv52': HW >> (HwReadEl15yolov8n/conv52 | hw_frame_size: 102400) >> (PullQEl_hw_read15yolov8n/conv52) >> (PostInferEl15yolov8n/conv52 | Quantization - src_type: UINT8, dst_type FLOAT32, limvals_min: -14.8019, limvals_max: 12.3526) >> (UserBuffQEl15yolov8n/conv52 | timeout: 10s)
[2026-06-20 19:51:16.605] [2787] [HailoRT] [info] [edge_elements.cpp:287] [create] Created (HwReadEl14yolov8n/conv53 | hw_frame_size: 8000)
[2026-06-20 19:51:16.605] [2787] [HailoRT] [info] [queue_elements.cpp:657] [create] Created (PullQEl_hw_read14yolov8n/conv53)
[2026-06-20 19:51:16.605] [2787] [HailoRT] [info] [filter_elements.cpp:372] [create] Created (PostInferEl14yolov8n/conv53 | Quantization - src_type: UINT8, dst_type FLOAT32, limvals_min: 0, limvals_max: 1)
[2026-06-20 19:51:16.605] [2787] [HailoRT] [info] [queue_elements.cpp:800] [create] Created (UserBuffQEl14yolov8n/conv53 | timeout: 10s)
[2026-06-20 19:51:16.605] [2787] [HailoRT] [info] [vstream.cpp:1114] [OutputVStreamImpl] Creating yolov8n/conv53...
[2026-06-20 19:51:16.605] [2787] [HailoRT] [info] [vstream_builder.cpp:220] [create_outputs] Output pipeline 'yolov8n/conv53': HW >> (HwReadEl14yolov8n/conv53 | hw_frame_size: 8000) >> (PullQEl_hw_read14yolov8n/conv53) >> (PostInferEl14yolov8n/conv53 | Quantization - src_type: UINT8, dst_type FLOAT32, limvals_min: 0, limvals_max: 1) >> (UserBuffQEl14yolov8n/conv53 | timeout: 10s)
[2026-06-20 19:51:16.605] [2787] [HailoRT] [info] [edge_elements.cpp:287] [create] Created (HwReadEl8yolov8n/conv62 | hw_frame_size: 25600)
[2026-06-20 19:51:16.605] [2787] [HailoRT] [info] [queue_elements.cpp:657] [create] Created (PullQEl_hw_read8yolov8n/conv62)
[2026-06-20 19:51:16.605] [2787] [HailoRT] [info] [filter_elements.cpp:372] [create] Created (PostInferEl8yolov8n/conv62 | Quantization - src_type: UINT8, dst_type FLOAT32, limvals_min: -15.9876, limvals_max: 12.1285)
[2026-06-20 19:51:16.605] [2787] [HailoRT] [info] [queue_elements.cpp:800] [create] Created (UserBuffQEl8yolov8n/conv62 | timeout: 10s)
[2026-06-20 19:51:16.605] [2787] [HailoRT] [info] [vstream.cpp:1114] [OutputVStreamImpl] Creating yolov8n/conv62...
[2026-06-20 19:51:16.605] [2787] [HailoRT] [info] [vstream_builder.cpp:220] [create_outputs] Output pipeline 'yolov8n/conv62': HW >> (HwReadEl8yolov8n/conv62 | hw_frame_size: 25600) >> (PullQEl_hw_read8yolov8n/conv62) >> (PostInferEl8yolov8n/conv62 | Quantization - src_type: UINT8, dst_type FLOAT32, limvals_min: -15.9876, limvals_max: 12.1285) >> (UserBuffQEl8yolov8n/conv62 | timeout: 10s)
[2026-06-20 19:51:16.605] [2787] [HailoRT] [info] [edge_elements.cpp:287] [create] Created (HwReadEl2yolov8n/conv63 | hw_frame_size: 2000)
[2026-06-20 19:51:16.605] [2787] [HailoRT] [info] [queue_elements.cpp:657] [create] Created (PullQEl_hw_read2yolov8n/conv63)
[2026-06-20 19:51:16.605] [2787] [HailoRT] [info] [filter_elements.cpp:372] [create] Created (PostInferEl2yolov8n/conv63 | Quantization - src_type: UINT8, dst_type FLOAT32, limvals_min: 0, limvals_max: 1 | Reorder - src_order: NHCW, src_shape: (20, 20, 5), dst_order: NHWC, dst_shape: (20, 20, 5))
[2026-06-20 19:51:16.605] [2787] [HailoRT] [info] [queue_elements.cpp:800] [create] Created (UserBuffQEl2yolov8n/conv63 | timeout: 10s)
[2026-06-20 19:51:16.605] [2787] [HailoRT] [info] [vstream.cpp:1114] [OutputVStreamImpl] Creating yolov8n/conv63...
[2026-06-20 19:51:16.605] [2787] [HailoRT] [info] [vstream_builder.cpp:220] [create_outputs] Output pipeline 'yolov8n/conv63': HW >> (HwReadEl2yolov8n/conv63 | hw_frame_size: 2000) >> (PullQEl_hw_read2yolov8n/conv63) >> (PostInferEl2yolov8n/conv63 | Quantization - src_type: UINT8, dst_type FLOAT32, limvals_min: 0, limvals_max: 1 | Reorder - src_order: NHCW, src_shape: (20, 20, 5), dst_order: NHWC, dst_shape: (20, 20, 5)) >> (UserBuffQEl2yolov8n/conv63 | timeout: 10s)
[2026-06-20 19:51:18.190] [2798] [HailoRT] [info] [vdevice_native_stream.cpp:331] [read_impl] Failed read from stream HAILO_STREAM_ABORT(63) (device: 0001:01:00.0)
[2026-06-20 19:51:18.190] [2798] [HailoRT] [info] [edge_elements.cpp:396] [run_pull] Reading from stream was aborted!
[2026-06-20 19:51:18.190] [2798] [HailoRT] [info] [queue_elements.cpp:738] [run_in_thread] run_pull of queue element PullQEl_hw_read13yolov8n/conv41 was aborted!
[2026-06-20 19:51:18.192] [2799] [HailoRT] [info] [queue_elements.cpp:855] [run_in_thread] Shutdown event was signaled in dequeue of UserBuffQEl13yolov8n/conv41!
[2026-06-20 19:51:18.192] [2798] [HailoRT] [info] [queue_elements.cpp:68] [operator()] Thread in element PullQEl_hw_read13yolov8n/conv41 is not running anymore, exiting..
[2026-06-20 19:51:18.192] [2787] [HailoRT] [info] [queue_elements.cpp:46] [~BaseQueueElement] Queue element PullQEl_hw_read13yolov8n/conv41 has 0 frames in his Queue on destruction
[2026-06-20 19:51:18.192] [2799] [HailoRT] [info] [queue_elements.cpp:68] [operator()] Thread in element UserBuffQEl13yolov8n/conv41 is not running anymore, exiting..
[2026-06-20 19:51:18.192] [2787] [HailoRT] [info] [queue_elements.cpp:46] [~BaseQueueElement] Queue element UserBuffQEl13yolov8n/conv41 has 0 frames in his Queue on destruction
[2026-06-20 19:51:18.193] [2801] [HailoRT] [info] [queue_elements.cpp:855] [run_in_thread] Shutdown event was signaled in dequeue of UserBuffQEl12yolov8n/conv42!
[2026-06-20 19:51:18.193] [2800] [HailoRT] [info] [vdevice_native_stream.cpp:331] [read_impl] Failed read from stream HAILO_STREAM_ABORT(63) (device: 0001:01:00.0)
[2026-06-20 19:51:18.193] [2800] [HailoRT] [info] [edge_elements.cpp:396] [run_pull] Reading from stream was aborted!
[2026-06-20 19:51:18.193] [2800] [HailoRT] [info] [queue_elements.cpp:738] [run_in_thread] run_pull of queue element PullQEl_hw_read12yolov8n/conv42 was aborted!
[2026-06-20 19:51:18.194] [2800] [HailoRT] [info] [queue_elements.cpp:68] [operator()] Thread in element PullQEl_hw_read12yolov8n/conv42 is not running anymore, exiting..
[2026-06-20 19:51:18.194] [2787] [HailoRT] [info] [queue_elements.cpp:46] [~BaseQueueElement] Queue element PullQEl_hw_read12yolov8n/conv42 has 0 frames in his Queue on destruction
[2026-06-20 19:51:18.194] [2801] [HailoRT] [info] [queue_elements.cpp:68] [operator()] Thread in element UserBuffQEl12yolov8n/conv42 is not running anymore, exiting..
[2026-06-20 19:51:18.194] [2787] [HailoRT] [info] [queue_elements.cpp:46] [~BaseQueueElement] Queue element UserBuffQEl12yolov8n/conv42 has 0 frames in his Queue on destruction
[2026-06-20 19:51:18.194] [2804] [HailoRT] [info] [queue_elements.cpp:855] [run_in_thread] Shutdown event was signaled in dequeue of UserBuffQEl15yolov8n/conv52!
[2026-06-20 19:51:18.197] [2802] [HailoRT] [info] [vdevice_native_stream.cpp:331] [read_impl] Failed read from stream HAILO_STREAM_ABORT(63) (device: 0001:01:00.0)
[2026-06-20 19:51:18.197] [2802] [HailoRT] [info] [edge_elements.cpp:396] [run_pull] Reading from stream was aborted!
[2026-06-20 19:51:18.197] [2802] [HailoRT] [info] [queue_elements.cpp:738] [run_in_thread] run_pull of queue element PullQEl_hw_read15yolov8n/conv52 was aborted!
[2026-06-20 19:51:18.200] [2802] [HailoRT] [info] [queue_elements.cpp:68] [operator()] Thread in element PullQEl_hw_read15yolov8n/conv52 is not running anymore, exiting..
[2026-06-20 19:51:18.200] [2787] [HailoRT] [info] [queue_elements.cpp:46] [~BaseQueueElement] Queue element PullQEl_hw_read15yolov8n/conv52 has 0 frames in his Queue on destruction
[2026-06-20 19:51:18.201] [2804] [HailoRT] [info] [queue_elements.cpp:68] [operator()] Thread in element UserBuffQEl15yolov8n/conv52 is not running anymore, exiting..
[2026-06-20 19:51:18.201] [2787] [HailoRT] [info] [queue_elements.cpp:46] [~BaseQueueElement] Queue element UserBuffQEl15yolov8n/conv52 has 0 frames in his Queue on destruction
[2026-06-20 19:51:18.202] [2805] [HailoRT] [info] [vdevice_native_stream.cpp:331] [read_impl] Failed read from stream HAILO_STREAM_ABORT(63) (device: 0001:01:00.0)
[2026-06-20 19:51:18.202] [2805] [HailoRT] [info] [edge_elements.cpp:396] [run_pull] Reading from stream was aborted!
[2026-06-20 19:51:18.202] [2805] [HailoRT] [info] [queue_elements.cpp:738] [run_in_thread] run_pull of queue element PullQEl_hw_read14yolov8n/conv53 was aborted!
[2026-06-20 19:51:18.202] [2806] [HailoRT] [info] [queue_elements.cpp:855] [run_in_thread] Shutdown event was signaled in dequeue of UserBuffQEl14yolov8n/conv53!
[2026-06-20 19:51:18.202] [2805] [HailoRT] [info] [queue_elements.cpp:68] [operator()] Thread in element PullQEl_hw_read14yolov8n/conv53 is not running anymore, exiting..
[2026-06-20 19:51:18.202] [2787] [HailoRT] [info] [queue_elements.cpp:46] [~BaseQueueElement] Queue element PullQEl_hw_read14yolov8n/conv53 has 0 frames in his Queue on destruction
[2026-06-20 19:51:18.202] [2806] [HailoRT] [info] [queue_elements.cpp:68] [operator()] Thread in element UserBuffQEl14yolov8n/conv53 is not running anymore, exiting..
[2026-06-20 19:51:18.202] [2787] [HailoRT] [info] [queue_elements.cpp:46] [~BaseQueueElement] Queue element UserBuffQEl14yolov8n/conv53 has 0 frames in his Queue on destruction
[2026-06-20 19:51:18.203] [2809] [HailoRT] [info] [queue_elements.cpp:855] [run_in_thread] Shutdown event was signaled in dequeue of UserBuffQEl8yolov8n/conv62!
[2026-06-20 19:51:18.203] [2808] [HailoRT] [info] [vdevice_native_stream.cpp:331] [read_impl] Failed read from stream HAILO_STREAM_ABORT(63) (device: 0001:01:00.0)
[2026-06-20 19:51:18.203] [2808] [HailoRT] [info] [edge_elements.cpp:396] [run_pull] Reading from stream was aborted!
[2026-06-20 19:51:18.203] [2808] [HailoRT] [info] [queue_elements.cpp:738] [run_in_thread] run_pull of queue element PullQEl_hw_read8yolov8n/conv62 was aborted!
[2026-06-20 19:51:18.203] [2787] [HailoRT] [info] [queue_elements.cpp:46] [~BaseQueueElement] Queue element PullQEl_hw_read8yolov8n/conv62 has 0 frames in his Queue on destruction
[2026-06-20 19:51:18.203] [2809] [HailoRT] [info] [queue_elements.cpp:68] [operator()] Thread in element UserBuffQEl8yolov8n/conv62 is not running anymore, exiting..
[2026-06-20 19:51:18.203] [2787] [HailoRT] [info] [queue_elements.cpp:46] [~BaseQueueElement] Queue element UserBuffQEl8yolov8n/conv62 has 0 frames in his Queue on destruction
[2026-06-20 19:51:18.204] [2811] [HailoRT] [info] [queue_elements.cpp:855] [run_in_thread] Shutdown event was signaled in dequeue of UserBuffQEl2yolov8n/conv63!
[2026-06-20 19:51:18.204] [2810] [HailoRT] [info] [vdevice_native_stream.cpp:331] [read_impl] Failed read from stream HAILO_STREAM_ABORT(63) (device: 0001:01:00.0)
[2026-06-20 19:51:18.204] [2810] [HailoRT] [info] [edge_elements.cpp:396] [run_pull] Reading from stream was aborted!
[2026-06-20 19:51:18.204] [2810] [HailoRT] [info] [queue_elements.cpp:738] [run_in_thread] run_pull of queue element PullQEl_hw_read2yolov8n/conv63 was aborted!
[2026-06-20 19:51:18.206] [2810] [HailoRT] [info] [queue_elements.cpp:68] [operator()] Thread in element PullQEl_hw_read2yolov8n/conv63 is not running anymore, exiting..
[2026-06-20 19:51:18.206] [2787] [HailoRT] [info] [queue_elements.cpp:46] [~BaseQueueElement] Queue element PullQEl_hw_read2yolov8n/conv63 has 0 frames in his Queue on destruction
[2026-06-20 19:51:18.206] [2811] [HailoRT] [info] [queue_elements.cpp:68] [operator()] Thread in element UserBuffQEl2yolov8n/conv63 is not running anymore, exiting..
[2026-06-20 19:51:18.206] [2787] [HailoRT] [info] [queue_elements.cpp:46] [~BaseQueueElement] Queue element UserBuffQEl2yolov8n/conv63 has 0 frames in his Queue on destruction
[2026-06-20 19:51:18.207] [2787] [HailoRT] [info] [core_op.cpp:186] [deactivate] Deactivating took 0.488031 ms
[2026-06-20 19:51:18.207] [2787] [HailoRT] [info] [core_op.cpp:186] [deactivate] Deactivating took 0.511125 ms
[2026-06-20 19:51:59.322] [2997] [HailoRT] [info] [vdevice.cpp:535] [create] Creating vdevice with params: device_count: 1, scheduling_algorithm: NONE, multi_process_service: false
[2026-06-20 19:51:59.334] [2997] [HailoRT] [info] [device.cpp:51] [Device] OS Version: Linux 6.18.33+rpt-rpi-2712 #1 SMP PREEMPT Debian 1:6.18.33-1+rpt1 (2026-06-01) aarch64
[2026-06-20 19:51:59.334] [2997] [HailoRT] [info] [control.cpp:113] [control__parse_identify_results] firmware_version is: 4.23.0
[2026-06-20 19:51:59.335] [2997] [HailoRT] [info] [vdevice.cpp:682] [create] VDevice Infos: 0001:01:00.0
[2026-06-20 19:51:59.340] [2997] [HailoRT] [info] [internal_buffer_manager.cpp:75] [print_execution_results] Default Internal buffer planner failed to meet requirements
[2026-06-20 19:51:59.340] [2997] [HailoRT] [info] [internal_buffer_manager.cpp:86] [print_execution_results] Default Internal buffer planner executed successfully
[2026-06-20 19:51:59.354] [2997] [HailoRT] [info] [device_internal.cpp:57] [configure] Configuring HEF took 19.01303 milliseconds
[2026-06-20 19:51:59.354] [2997] [HailoRT] [info] [vdevice.cpp:780] [configure] Configuring HEF on VDevice took 19.323193 milliseconds
[2026-06-20 19:51:59.354] [2997] [HailoRT] [info] [hef.cpp:1994] [get_network_group_and_network_name] No name was given. Addressing all networks of default network_group: yolov8n
[2026-06-20 19:51:59.354] [2997] [HailoRT] [info] [hef.cpp:1994] [get_network_group_and_network_name] No name was given. Addressing all networks of default network_group: yolov8n
[2026-06-20 19:51:59.356] [2997] [HailoRT] [info] [core_op.cpp:156] [activate] Activating yolov8n took 0.606158 milliseconds. Note that the function is asynchronous and thus the network is not fully activated yet.
[2026-06-20 19:51:59.356] [2997] [HailoRT] [info] [core_op.cpp:156] [activate] Activating yolov8n took 0.621844 milliseconds. Note that the function is asynchronous and thus the network is not fully activated yet.
[2026-06-20 19:51:59.356] [2997] [HailoRT] [info] [edge_elements.cpp:52] [create] Created (HwWriteEl11yolov8n/input_layer1 | hw_frame_size: 1228800)
[2026-06-20 19:51:59.356] [2997] [HailoRT] [info] [vstream.cpp:754] [InputVStreamImpl] Creating yolov8n/input_layer1...
[2026-06-20 19:51:59.356] [2997] [HailoRT] [info] [vstream_builder.cpp:102] [create_inputs] Input pipeline 'yolov8n/input_layer1': (HwWriteEl11yolov8n/input_layer1 | hw_frame_size: 1228800) >> HW
[2026-06-20 19:51:59.356] [2997] [HailoRT] [info] [edge_elements.cpp:287] [create] Created (HwReadEl13yolov8n/conv41 | hw_frame_size: 409600)
[2026-06-20 19:51:59.356] [2997] [HailoRT] [info] [queue_elements.cpp:657] [create] Created (PullQEl_hw_read13yolov8n/conv41)
[2026-06-20 19:51:59.356] [2997] [HailoRT] [info] [filter_elements.cpp:372] [create] Created (PostInferEl13yolov8n/conv41 | Quantization - src_type: UINT8, dst_type FLOAT32, limvals_min: -15.2439, limvals_max: 13.765)
[2026-06-20 19:51:59.356] [2997] [HailoRT] [info] [queue_elements.cpp:800] [create] Created (UserBuffQEl13yolov8n/conv41 | timeout: 10s)
[2026-06-20 19:51:59.356] [2997] [HailoRT] [info] [vstream.cpp:1114] [OutputVStreamImpl] Creating yolov8n/conv41...
[2026-06-20 19:51:59.356] [2997] [HailoRT] [info] [vstream_builder.cpp:220] [create_outputs] Output pipeline 'yolov8n/conv41': HW >> (HwReadEl13yolov8n/conv41 | hw_frame_size: 409600) >> (PullQEl_hw_read13yolov8n/conv41) >> (PostInferEl13yolov8n/conv41 | Quantization - src_type: UINT8, dst_type FLOAT32, limvals_min: -15.2439, limvals_max: 13.765) >> (UserBuffQEl13yolov8n/conv41 | timeout: 10s)
[2026-06-20 19:51:59.356] [2997] [HailoRT] [info] [edge_elements.cpp:287] [create] Created (HwReadEl12yolov8n/conv42 | hw_frame_size: 32000)
[2026-06-20 19:51:59.356] [2997] [HailoRT] [info] [queue_elements.cpp:657] [create] Created (PullQEl_hw_read12yolov8n/conv42)
[2026-06-20 19:51:59.356] [2997] [HailoRT] [info] [filter_elements.cpp:372] [create] Created (PostInferEl12yolov8n/conv42 | Quantization - src_type: UINT8, dst_type FLOAT32, limvals_min: 0, limvals_max: 1)
[2026-06-20 19:51:59.356] [2997] [HailoRT] [info] [queue_elements.cpp:800] [create] Created (UserBuffQEl12yolov8n/conv42 | timeout: 10s)
[2026-06-20 19:51:59.356] [2997] [HailoRT] [info] [vstream.cpp:1114] [OutputVStreamImpl] Creating yolov8n/conv42...
[2026-06-20 19:51:59.356] [2997] [HailoRT] [info] [vstream_builder.cpp:220] [create_outputs] Output pipeline 'yolov8n/conv42': HW >> (HwReadEl12yolov8n/conv42 | hw_frame_size: 32000) >> (PullQEl_hw_read12yolov8n/conv42) >> (PostInferEl12yolov8n/conv42 | Quantization - src_type: UINT8, dst_type FLOAT32, limvals_min: 0, limvals_max: 1) >> (UserBuffQEl12yolov8n/conv42 | timeout: 10s)
[2026-06-20 19:51:59.356] [2997] [HailoRT] [info] [edge_elements.cpp:287] [create] Created (HwReadEl15yolov8n/conv52 | hw_frame_size: 102400)
[2026-06-20 19:51:59.357] [2997] [HailoRT] [info] [queue_elements.cpp:657] [create] Created (PullQEl_hw_read15yolov8n/conv52)
[2026-06-20 19:51:59.357] [2997] [HailoRT] [info] [filter_elements.cpp:372] [create] Created (PostInferEl15yolov8n/conv52 | Quantization - src_type: UINT8, dst_type FLOAT32, limvals_min: -14.8019, limvals_max: 12.3526)
[2026-06-20 19:51:59.357] [2997] [HailoRT] [info] [queue_elements.cpp:800] [create] Created (UserBuffQEl15yolov8n/conv52 | timeout: 10s)
[2026-06-20 19:51:59.357] [2997] [HailoRT] [info] [vstream.cpp:1114] [OutputVStreamImpl] Creating yolov8n/conv52...
[2026-06-20 19:51:59.357] [2997] [HailoRT] [info] [vstream_builder.cpp:220] [create_outputs] Output pipeline 'yolov8n/conv52': HW >> (HwReadEl15yolov8n/conv52 | hw_frame_size: 102400) >> (PullQEl_hw_read15yolov8n/conv52) >> (PostInferEl15yolov8n/conv52 | Quantization - src_type: UINT8, dst_type FLOAT32, limvals_min: -14.8019, limvals_max: 12.3526) >> (UserBuffQEl15yolov8n/conv52 | timeout: 10s)
[2026-06-20 19:51:59.357] [2997] [HailoRT] [info] [edge_elements.cpp:287] [create] Created (HwReadEl14yolov8n/conv53 | hw_frame_size: 8000)
[2026-06-20 19:51:59.357] [2997] [HailoRT] [info] [queue_elements.cpp:657] [create] Created (PullQEl_hw_read14yolov8n/conv53)
[2026-06-20 19:51:59.357] [2997] [HailoRT] [info] [filter_elements.cpp:372] [create] Created (PostInferEl14yolov8n/conv53 | Quantization - src_type: UINT8, dst_type FLOAT32, limvals_min: 0, limvals_max: 1)
[2026-06-20 19:51:59.357] [2997] [HailoRT] [info] [queue_elements.cpp:800] [create] Created (UserBuffQEl14yolov8n/conv53 | timeout: 10s)
[2026-06-20 19:51:59.357] [2997] [HailoRT] [info] [vstream.cpp:1114] [OutputVStreamImpl] Creating yolov8n/conv53...
[2026-06-20 19:51:59.357] [2997] [HailoRT] [info] [vstream_builder.cpp:220] [create_outputs] Output pipeline 'yolov8n/conv53': HW >> (HwReadEl14yolov8n/conv53 | hw_frame_size: 8000) >> (PullQEl_hw_read14yolov8n/conv53) >> (PostInferEl14yolov8n/conv53 | Quantization - src_type: UINT8, dst_type FLOAT32, limvals_min: 0, limvals_max: 1) >> (UserBuffQEl14yolov8n/conv53 | timeout: 10s)
[2026-06-20 19:51:59.357] [2997] [HailoRT] [info] [edge_elements.cpp:287] [create] Created (HwReadEl8yolov8n/conv62 | hw_frame_size: 25600)
[2026-06-20 19:51:59.357] [2997] [HailoRT] [info] [queue_elements.cpp:657] [create] Created (PullQEl_hw_read8yolov8n/conv62)
[2026-06-20 19:51:59.357] [2997] [HailoRT] [info] [filter_elements.cpp:372] [create] Created (PostInferEl8yolov8n/conv62 | Quantization - src_type: UINT8, dst_type FLOAT32, limvals_min: -15.9876, limvals_max: 12.1285)
[2026-06-20 19:51:59.357] [2997] [HailoRT] [info] [queue_elements.cpp:800] [create] Created (UserBuffQEl8yolov8n/conv62 | timeout: 10s)
[2026-06-20 19:51:59.357] [2997] [HailoRT] [info] [vstream.cpp:1114] [OutputVStreamImpl] Creating yolov8n/conv62...
[2026-06-20 19:51:59.357] [2997] [HailoRT] [info] [vstream_builder.cpp:220] [create_outputs] Output pipeline 'yolov8n/conv62': HW >> (HwReadEl8yolov8n/conv62 | hw_frame_size: 25600) >> (PullQEl_hw_read8yolov8n/conv62) >> (PostInferEl8yolov8n/conv62 | Quantization - src_type: UINT8, dst_type FLOAT32, limvals_min: -15.9876, limvals_max: 12.1285) >> (UserBuffQEl8yolov8n/conv62 | timeout: 10s)
[2026-06-20 19:51:59.357] [2997] [HailoRT] [info] [edge_elements.cpp:287] [create] Created (HwReadEl2yolov8n/conv63 | hw_frame_size: 2000)
[2026-06-20 19:51:59.357] [2997] [HailoRT] [info] [queue_elements.cpp:657] [create] Created (PullQEl_hw_read2yolov8n/conv63)
[2026-06-20 19:51:59.357] [2997] [HailoRT] [info] [filter_elements.cpp:372] [create] Created (PostInferEl2yolov8n/conv63 | Quantization - src_type: UINT8, dst_type FLOAT32, limvals_min: 0, limvals_max: 1 | Reorder - src_order: NHCW, src_shape: (20, 20, 5), dst_order: NHWC, dst_shape: (20, 20, 5))
[2026-06-20 19:51:59.357] [2997] [HailoRT] [info] [queue_elements.cpp:800] [create] Created (UserBuffQEl2yolov8n/conv63 | timeout: 10s)
[2026-06-20 19:51:59.357] [2997] [HailoRT] [info] [vstream.cpp:1114] [OutputVStreamImpl] Creating yolov8n/conv63...
[2026-06-20 19:51:59.357] [2997] [HailoRT] [info] [vstream_builder.cpp:220] [create_outputs] Output pipeline 'yolov8n/conv63': HW >> (HwReadEl2yolov8n/conv63 | hw_frame_size: 2000) >> (PullQEl_hw_read2yolov8n/conv63) >> (PostInferEl2yolov8n/conv63 | Quantization - src_type: UINT8, dst_type FLOAT32, limvals_min: 0, limvals_max: 1 | Reorder - src_order: NHCW, src_shape: (20, 20, 5), dst_order: NHWC, dst_shape: (20, 20, 5)) >> (UserBuffQEl2yolov8n/conv63 | timeout: 10s)
[2026-06-20 19:52:00.282] [3012] [HailoRT] [info] [queue_elements.cpp:855] [run_in_thread] Shutdown event was signaled in dequeue of UserBuffQEl13yolov8n/conv41!
[2026-06-20 19:52:00.282] [3011] [HailoRT] [info] [vdevice_native_stream.cpp:331] [read_impl] Failed read from stream HAILO_STREAM_ABORT(63) (device: 0001:01:00.0)
[2026-06-20 19:52:00.282] [3011] [HailoRT] [info] [edge_elements.cpp:396] [run_pull] Reading from stream was aborted!
[2026-06-20 19:52:00.282] [3011] [HailoRT] [info] [queue_elements.cpp:738] [run_in_thread] run_pull of queue element PullQEl_hw_read13yolov8n/conv41 was aborted!
[2026-06-20 19:52:00.282] [3011] [HailoRT] [info] [queue_elements.cpp:68] [operator()] Thread in element PullQEl_hw_read13yolov8n/conv41 is not running anymore, exiting..
[2026-06-20 19:52:00.282] [2997] [HailoRT] [info] [queue_elements.cpp:46] [~BaseQueueElement] Queue element PullQEl_hw_read13yolov8n/conv41 has 0 frames in his Queue on destruction
[2026-06-20 19:52:00.282] [3012] [HailoRT] [info] [queue_elements.cpp:68] [operator()] Thread in element UserBuffQEl13yolov8n/conv41 is not running anymore, exiting..
[2026-06-20 19:52:00.282] [2997] [HailoRT] [info] [queue_elements.cpp:46] [~BaseQueueElement] Queue element UserBuffQEl13yolov8n/conv41 has 0 frames in his Queue on destruction
[2026-06-20 19:52:00.282] [3013] [HailoRT] [info] [vdevice_native_stream.cpp:331] [read_impl] Failed read from stream HAILO_STREAM_ABORT(63) (device: 0001:01:00.0)
[2026-06-20 19:52:00.282] [3014] [HailoRT] [info] [queue_elements.cpp:855] [run_in_thread] Shutdown event was signaled in dequeue of UserBuffQEl12yolov8n/conv42!
[2026-06-20 19:52:00.282] [3013] [HailoRT] [info] [edge_elements.cpp:396] [run_pull] Reading from stream was aborted!
[2026-06-20 19:52:00.282] [3013] [HailoRT] [info] [queue_elements.cpp:738] [run_in_thread] run_pull of queue element PullQEl_hw_read12yolov8n/conv42 was aborted!
[2026-06-20 19:52:00.282] [3013] [HailoRT] [info] [queue_elements.cpp:68] [operator()] Thread in element PullQEl_hw_read12yolov8n/conv42 is not running anymore, exiting..
[2026-06-20 19:52:00.282] [2997] [HailoRT] [info] [queue_elements.cpp:46] [~BaseQueueElement] Queue element PullQEl_hw_read12yolov8n/conv42 has 0 frames in his Queue on destruction
[2026-06-20 19:52:00.282] [3014] [HailoRT] [info] [queue_elements.cpp:68] [operator()] Thread in element UserBuffQEl12yolov8n/conv42 is not running anymore, exiting..
[2026-06-20 19:52:00.282] [2997] [HailoRT] [info] [queue_elements.cpp:46] [~BaseQueueElement] Queue element UserBuffQEl12yolov8n/conv42 has 0 frames in his Queue on destruction
[2026-06-20 19:52:00.282] [3015] [HailoRT] [info] [vdevice_native_stream.cpp:331] [read_impl] Failed read from stream HAILO_STREAM_ABORT(63) (device: 0001:01:00.0)
[2026-06-20 19:52:00.282] [3015] [HailoRT] [info] [edge_elements.cpp:396] [run_pull] Reading from stream was aborted!
[2026-06-20 19:52:00.282] [3016] [HailoRT] [info] [queue_elements.cpp:855] [run_in_thread] Shutdown event was signaled in dequeue of UserBuffQEl15yolov8n/conv52!
[2026-06-20 19:52:00.282] [3015] [HailoRT] [info] [queue_elements.cpp:738] [run_in_thread] run_pull of queue element PullQEl_hw_read15yolov8n/conv52 was aborted!
[2026-06-20 19:52:00.282] [3015] [HailoRT] [info] [queue_elements.cpp:68] [operator()] Thread in element PullQEl_hw_read15yolov8n/conv52 is not running anymore, exiting..
[2026-06-20 19:52:00.282] [2997] [HailoRT] [info] [queue_elements.cpp:46] [~BaseQueueElement] Queue element PullQEl_hw_read15yolov8n/conv52 has 0 frames in his Queue on destruction
[2026-06-20 19:52:00.282] [3016] [HailoRT] [info] [queue_elements.cpp:68] [operator()] Thread in element UserBuffQEl15yolov8n/conv52 is not running anymore, exiting..
[2026-06-20 19:52:00.282] [2997] [HailoRT] [info] [queue_elements.cpp:46] [~BaseQueueElement] Queue element UserBuffQEl15yolov8n/conv52 has 0 frames in his Queue on destruction
[2026-06-20 19:52:00.282] [3018] [HailoRT] [info] [queue_elements.cpp:855] [run_in_thread] Shutdown event was signaled in dequeue of UserBuffQEl14yolov8n/conv53!
[2026-06-20 19:52:00.282] [3017] [HailoRT] [info] [vdevice_native_stream.cpp:331] [read_impl] Failed read from stream HAILO_STREAM_ABORT(63) (device: 0001:01:00.0)
[2026-06-20 19:52:00.282] [3017] [HailoRT] [info] [edge_elements.cpp:396] [run_pull] Reading from stream was aborted!
[2026-06-20 19:52:00.282] [3017] [HailoRT] [info] [queue_elements.cpp:738] [run_in_thread] run_pull of queue element PullQEl_hw_read14yolov8n/conv53 was aborted!
[2026-06-20 19:52:00.282] [3017] [HailoRT] [info] [queue_elements.cpp:68] [operator()] Thread in element PullQEl_hw_read14yolov8n/conv53 is not running anymore, exiting..
[2026-06-20 19:52:00.282] [2997] [HailoRT] [info] [queue_elements.cpp:46] [~BaseQueueElement] Queue element PullQEl_hw_read14yolov8n/conv53 has 0 frames in his Queue on destruction
[2026-06-20 19:52:00.282] [3018] [HailoRT] [info] [queue_elements.cpp:68] [operator()] Thread in element UserBuffQEl14yolov8n/conv53 is not running anymore, exiting..
[2026-06-20 19:52:00.282] [2997] [HailoRT] [info] [queue_elements.cpp:46] [~BaseQueueElement] Queue element UserBuffQEl14yolov8n/conv53 has 0 frames in his Queue on destruction
[2026-06-20 19:52:00.282] [3019] [HailoRT] [info] [vdevice_native_stream.cpp:331] [read_impl] Failed read from stream HAILO_STREAM_ABORT(63) (device: 0001:01:00.0)
[2026-06-20 19:52:00.282] [3019] [HailoRT] [info] [edge_elements.cpp:396] [run_pull] Reading from stream was aborted!
[2026-06-20 19:52:00.282] [3020] [HailoRT] [info] [queue_elements.cpp:855] [run_in_thread] Shutdown event was signaled in dequeue of UserBuffQEl8yolov8n/conv62!
[2026-06-20 19:52:00.282] [3019] [HailoRT] [info] [queue_elements.cpp:738] [run_in_thread] run_pull of queue element PullQEl_hw_read8yolov8n/conv62 was aborted!
[2026-06-20 19:52:00.282] [3019] [HailoRT] [info] [queue_elements.cpp:68] [operator()] Thread in element PullQEl_hw_read8yolov8n/conv62 is not running anymore, exiting..
[2026-06-20 19:52:00.282] [2997] [HailoRT] [info] [queue_elements.cpp:46] [~BaseQueueElement] Queue element PullQEl_hw_read8yolov8n/conv62 has 0 frames in his Queue on destruction
[2026-06-20 19:52:00.282] [3020] [HailoRT] [info] [queue_elements.cpp:68] [operator()] Thread in element UserBuffQEl8yolov8n/conv62 is not running anymore, exiting..
[2026-06-20 19:52:00.282] [2997] [HailoRT] [info] [queue_elements.cpp:46] [~BaseQueueElement] Queue element UserBuffQEl8yolov8n/conv62 has 0 frames in his Queue on destruction
[2026-06-20 19:52:00.282] [3021] [HailoRT] [info] [vdevice_native_stream.cpp:331] [read_impl] Failed read from stream HAILO_STREAM_ABORT(63) (device: 0001:01:00.0)
[2026-06-20 19:52:00.283] [3021] [HailoRT] [info] [edge_elements.cpp:396] [run_pull] Reading from stream was aborted!
[2026-06-20 19:52:00.282] [3022] [HailoRT] [info] [queue_elements.cpp:855] [run_in_thread] Shutdown event was signaled in dequeue of UserBuffQEl2yolov8n/conv63!
[2026-06-20 19:52:00.283] [3021] [HailoRT] [info] [queue_elements.cpp:738] [run_in_thread] run_pull of queue element PullQEl_hw_read2yolov8n/conv63 was aborted!
[2026-06-20 19:52:00.283] [3021] [HailoRT] [info] [queue_elements.cpp:68] [operator()] Thread in element PullQEl_hw_read2yolov8n/conv63 is not running anymore, exiting..
[2026-06-20 19:52:00.283] [2997] [HailoRT] [info] [queue_elements.cpp:46] [~BaseQueueElement] Queue element PullQEl_hw_read2yolov8n/conv63 has 0 frames in his Queue on destruction
[2026-06-20 19:52:00.283] [3022] [HailoRT] [info] [queue_elements.cpp:68] [operator()] Thread in element UserBuffQEl2yolov8n/conv63 is not running anymore, exiting..
[2026-06-20 19:52:00.283] [2997] [HailoRT] [info] [queue_elements.cpp:46] [~BaseQueueElement] Queue element UserBuffQEl2yolov8n/conv63 has 0 frames in his Queue on destruction
[2026-06-20 19:52:00.283] [2997] [HailoRT] [info] [core_op.cpp:186] [deactivate] Deactivating took 0.418372 ms
[2026-06-20 19:52:00.283] [2997] [HailoRT] [info] [core_op.cpp:186] [deactivate] Deactivating took 0.427261 ms
[2026-06-20 20:05:31.459] [3862] [HailoRT] [info] [vdevice.cpp:535] [create] Creating vdevice with params: device_count: 1, scheduling_algorithm: NONE, multi_process_service: false
[2026-06-20 20:05:31.471] [3862] [HailoRT] [info] [device.cpp:51] [Device] OS Version: Linux 6.18.33+rpt-rpi-2712 #1 SMP PREEMPT Debian 1:6.18.33-1+rpt1 (2026-06-01) aarch64
[2026-06-20 20:05:31.471] [3862] [HailoRT] [info] [control.cpp:113] [control__parse_identify_results] firmware_version is: 4.23.0
[2026-06-20 20:05:31.471] [3862] [HailoRT] [info] [vdevice.cpp:682] [create] VDevice Infos: 0001:01:00.0
[2026-06-20 20:05:31.477] [3862] [HailoRT] [info] [internal_buffer_manager.cpp:75] [print_execution_results] Default Internal buffer planner failed to meet requirements
[2026-06-20 20:05:31.477] [3862] [HailoRT] [info] [internal_buffer_manager.cpp:86] [print_execution_results] Default Internal buffer planner executed successfully
[2026-06-20 20:05:31.492] [3862] [HailoRT] [info] [device_internal.cpp:57] [configure] Configuring HEF took 20.072884 milliseconds
[2026-06-20 20:05:31.492] [3862] [HailoRT] [info] [vdevice.cpp:780] [configure] Configuring HEF on VDevice took 20.422775 milliseconds
[2026-06-20 20:05:31.492] [3862] [HailoRT] [info] [hef.cpp:1994] [get_network_group_and_network_name] No name was given. Addressing all networks of default network_group: yolov8n
[2026-06-20 20:05:31.492] [3862] [HailoRT] [info] [hef.cpp:1994] [get_network_group_and_network_name] No name was given. Addressing all networks of default network_group: yolov8n
[2026-06-20 20:05:31.493] [3862] [HailoRT] [info] [core_op.cpp:156] [activate] Activating yolov8n took 0.637634 milliseconds. Note that the function is asynchronous and thus the network is not fully activated yet.
[2026-06-20 20:05:31.493] [3862] [HailoRT] [info] [core_op.cpp:156] [activate] Activating yolov8n took 0.651208 milliseconds. Note that the function is asynchronous and thus the network is not fully activated yet.
[2026-06-20 20:05:31.494] [3862] [HailoRT] [info] [edge_elements.cpp:52] [create] Created (HwWriteEl11yolov8n/input_layer1 | hw_frame_size: 1228800)
[2026-06-20 20:05:31.494] [3862] [HailoRT] [info] [vstream.cpp:754] [InputVStreamImpl] Creating yolov8n/input_layer1...
[2026-06-20 20:05:31.494] [3862] [HailoRT] [info] [vstream_builder.cpp:102] [create_inputs] Input pipeline 'yolov8n/input_layer1': (HwWriteEl11yolov8n/input_layer1 | hw_frame_size: 1228800) >> HW
[2026-06-20 20:05:31.494] [3862] [HailoRT] [info] [edge_elements.cpp:287] [create] Created (HwReadEl13yolov8n/conv41 | hw_frame_size: 409600)
[2026-06-20 20:05:31.494] [3862] [HailoRT] [info] [queue_elements.cpp:657] [create] Created (PullQEl_hw_read13yolov8n/conv41)
[2026-06-20 20:05:31.494] [3862] [HailoRT] [info] [filter_elements.cpp:372] [create] Created (PostInferEl13yolov8n/conv41 | Quantization - src_type: UINT8, dst_type FLOAT32, limvals_min: -15.2439, limvals_max: 13.765)
[2026-06-20 20:05:31.494] [3862] [HailoRT] [info] [queue_elements.cpp:800] [create] Created (UserBuffQEl13yolov8n/conv41 | timeout: 10s)
[2026-06-20 20:05:31.494] [3862] [HailoRT] [info] [vstream.cpp:1114] [OutputVStreamImpl] Creating yolov8n/conv41...
[2026-06-20 20:05:31.494] [3862] [HailoRT] [info] [vstream_builder.cpp:220] [create_outputs] Output pipeline 'yolov8n/conv41': HW >> (HwReadEl13yolov8n/conv41 | hw_frame_size: 409600) >> (PullQEl_hw_read13yolov8n/conv41) >> (PostInferEl13yolov8n/conv41 | Quantization - src_type: UINT8, dst_type FLOAT32, limvals_min: -15.2439, limvals_max: 13.765) >> (UserBuffQEl13yolov8n/conv41 | timeout: 10s)
[2026-06-20 20:05:31.494] [3862] [HailoRT] [info] [edge_elements.cpp:287] [create] Created (HwReadEl12yolov8n/conv42 | hw_frame_size: 32000)
[2026-06-20 20:05:31.494] [3862] [HailoRT] [info] [queue_elements.cpp:657] [create] Created (PullQEl_hw_read12yolov8n/conv42)
[2026-06-20 20:05:31.494] [3862] [HailoRT] [info] [filter_elements.cpp:372] [create] Created (PostInferEl12yolov8n/conv42 | Quantization - src_type: UINT8, dst_type FLOAT32, limvals_min: 0, limvals_max: 1)
[2026-06-20 20:05:31.494] [3862] [HailoRT] [info] [queue_elements.cpp:800] [create] Created (UserBuffQEl12yolov8n/conv42 | timeout: 10s)
[2026-06-20 20:05:31.494] [3862] [HailoRT] [info] [vstream.cpp:1114] [OutputVStreamImpl] Creating yolov8n/conv42...
[2026-06-20 20:05:31.494] [3862] [HailoRT] [info] [vstream_builder.cpp:220] [create_outputs] Output pipeline 'yolov8n/conv42': HW >> (HwReadEl12yolov8n/conv42 | hw_frame_size: 32000) >> (PullQEl_hw_read12yolov8n/conv42) >> (PostInferEl12yolov8n/conv42 | Quantization - src_type: UINT8, dst_type FLOAT32, limvals_min: 0, limvals_max: 1) >> (UserBuffQEl12yolov8n/conv42 | timeout: 10s)
[2026-06-20 20:05:31.494] [3862] [HailoRT] [info] [edge_elements.cpp:287] [create] Created (HwReadEl15yolov8n/conv52 | hw_frame_size: 102400)
[2026-06-20 20:05:31.494] [3862] [HailoRT] [info] [queue_elements.cpp:657] [create] Created (PullQEl_hw_read15yolov8n/conv52)
[2026-06-20 20:05:31.494] [3862] [HailoRT] [info] [filter_elements.cpp:372] [create] Created (PostInferEl15yolov8n/conv52 | Quantization - src_type: UINT8, dst_type FLOAT32, limvals_min: -14.8019, limvals_max: 12.3526)
[2026-06-20 20:05:31.494] [3862] [HailoRT] [info] [queue_elements.cpp:800] [create] Created (UserBuffQEl15yolov8n/conv52 | timeout: 10s)
[2026-06-20 20:05:31.494] [3862] [HailoRT] [info] [vstream.cpp:1114] [OutputVStreamImpl] Creating yolov8n/conv52...
[2026-06-20 20:05:31.494] [3862] [HailoRT] [info] [vstream_builder.cpp:220] [create_outputs] Output pipeline 'yolov8n/conv52': HW >> (HwReadEl15yolov8n/conv52 | hw_frame_size: 102400) >> (PullQEl_hw_read15yolov8n/conv52) >> (PostInferEl15yolov8n/conv52 | Quantization - src_type: UINT8, dst_type FLOAT32, limvals_min: -14.8019, limvals_max: 12.3526) >> (UserBuffQEl15yolov8n/conv52 | timeout: 10s)
[2026-06-20 20:05:31.494] [3862] [HailoRT] [info] [edge_elements.cpp:287] [create] Created (HwReadEl14yolov8n/conv53 | hw_frame_size: 8000)
[2026-06-20 20:05:31.494] [3862] [HailoRT] [info] [queue_elements.cpp:657] [create] Created (PullQEl_hw_read14yolov8n/conv53)
[2026-06-20 20:05:31.494] [3862] [HailoRT] [info] [filter_elements.cpp:372] [create] Created (PostInferEl14yolov8n/conv53 | Quantization - src_type: UINT8, dst_type FLOAT32, limvals_min: 0, limvals_max: 1)
[2026-06-20 20:05:31.495] [3862] [HailoRT] [info] [queue_elements.cpp:800] [create] Created (UserBuffQEl14yolov8n/conv53 | timeout: 10s)
[2026-06-20 20:05:31.495] [3862] [HailoRT] [info] [vstream.cpp:1114] [OutputVStreamImpl] Creating yolov8n/conv53...
[2026-06-20 20:05:31.495] [3862] [HailoRT] [info] [vstream_builder.cpp:220] [create_outputs] Output pipeline 'yolov8n/conv53': HW >> (HwReadEl14yolov8n/conv53 | hw_frame_size: 8000) >> (PullQEl_hw_read14yolov8n/conv53) >> (PostInferEl14yolov8n/conv53 | Quantization - src_type: UINT8, dst_type FLOAT32, limvals_min: 0, limvals_max: 1) >> (UserBuffQEl14yolov8n/conv53 | timeout: 10s)
[2026-06-20 20:05:31.495] [3862] [HailoRT] [info] [edge_elements.cpp:287] [create] Created (HwReadEl8yolov8n/conv62 | hw_frame_size: 25600)
[2026-06-20 20:05:31.495] [3862] [HailoRT] [info] [queue_elements.cpp:657] [create] Created (PullQEl_hw_read8yolov8n/conv62)
[2026-06-20 20:05:31.495] [3862] [HailoRT] [info] [filter_elements.cpp:372] [create] Created (PostInferEl8yolov8n/conv62 | Quantization - src_type: UINT8, dst_type FLOAT32, limvals_min: -15.9876, limvals_max: 12.1285)
[2026-06-20 20:05:31.495] [3862] [HailoRT] [info] [queue_elements.cpp:800] [create] Created (UserBuffQEl8yolov8n/conv62 | timeout: 10s)
[2026-06-20 20:05:31.495] [3862] [HailoRT] [info] [vstream.cpp:1114] [OutputVStreamImpl] Creating yolov8n/conv62...
[2026-06-20 20:05:31.495] [3862] [HailoRT] [info] [vstream_builder.cpp:220] [create_outputs] Output pipeline 'yolov8n/conv62': HW >> (HwReadEl8yolov8n/conv62 | hw_frame_size: 25600) >> (PullQEl_hw_read8yolov8n/conv62) >> (PostInferEl8yolov8n/conv62 | Quantization - src_type: UINT8, dst_type FLOAT32, limvals_min: -15.9876, limvals_max: 12.1285) >> (UserBuffQEl8yolov8n/conv62 | timeout: 10s)
[2026-06-20 20:05:31.495] [3862] [HailoRT] [info] [edge_elements.cpp:287] [create] Created (HwReadEl2yolov8n/conv63 | hw_frame_size: 2000)
[2026-06-20 20:05:31.495] [3862] [HailoRT] [info] [queue_elements.cpp:657] [create] Created (PullQEl_hw_read2yolov8n/conv63)
[2026-06-20 20:05:31.495] [3862] [HailoRT] [info] [filter_elements.cpp:372] [create] Created (PostInferEl2yolov8n/conv63 | Quantization - src_type: UINT8, dst_type FLOAT32, limvals_min: 0, limvals_max: 1 | Reorder - src_order: NHCW, src_shape: (20, 20, 5), dst_order: NHWC, dst_shape: (20, 20, 5))
[2026-06-20 20:05:31.495] [3862] [HailoRT] [info] [queue_elements.cpp:800] [create] Created (UserBuffQEl2yolov8n/conv63 | timeout: 10s)
[2026-06-20 20:05:31.495] [3862] [HailoRT] [info] [vstream.cpp:1114] [OutputVStreamImpl] Creating yolov8n/conv63...
[2026-06-20 20:05:31.495] [3862] [HailoRT] [info] [vstream_builder.cpp:220] [create_outputs] Output pipeline 'yolov8n/conv63': HW >> (HwReadEl2yolov8n/conv63 | hw_frame_size: 2000) >> (PullQEl_hw_read2yolov8n/conv63) >> (PostInferEl2yolov8n/conv63 | Quantization - src_type: UINT8, dst_type FLOAT32, limvals_min: 0, limvals_max: 1 | Reorder - src_order: NHCW, src_shape: (20, 20, 5), dst_order: NHWC, dst_shape: (20, 20, 5)) >> (UserBuffQEl2yolov8n/conv63 | timeout: 10s)
[2026-06-20 20:05:32.097] [3874] [HailoRT] [info] [queue_elements.cpp:855] [run_in_thread] Shutdown event was signaled in dequeue of UserBuffQEl13yolov8n/conv41!
[2026-06-20 20:05:32.097] [3873] [HailoRT] [info] [vdevice_native_stream.cpp:331] [read_impl] Failed read from stream HAILO_STREAM_ABORT(63) (device: 0001:01:00.0)
[2026-06-20 20:05:32.097] [3873] [HailoRT] [info] [edge_elements.cpp:396] [run_pull] Reading from stream was aborted!
[2026-06-20 20:05:32.097] [3873] [HailoRT] [info] [queue_elements.cpp:738] [run_in_thread] run_pull of queue element PullQEl_hw_read13yolov8n/conv41 was aborted!
[2026-06-20 20:05:32.097] [3873] [HailoRT] [info] [queue_elements.cpp:68] [operator()] Thread in element PullQEl_hw_read13yolov8n/conv41 is not running anymore, exiting..
[2026-06-20 20:05:32.097] [3862] [HailoRT] [info] [queue_elements.cpp:46] [~BaseQueueElement] Queue element PullQEl_hw_read13yolov8n/conv41 has 0 frames in his Queue on destruction
[2026-06-20 20:05:32.097] [3874] [HailoRT] [info] [queue_elements.cpp:68] [operator()] Thread in element UserBuffQEl13yolov8n/conv41 is not running anymore, exiting..
[2026-06-20 20:05:32.097] [3862] [HailoRT] [info] [queue_elements.cpp:46] [~BaseQueueElement] Queue element UserBuffQEl13yolov8n/conv41 has 0 frames in his Queue on destruction
[2026-06-20 20:05:32.097] [3875] [HailoRT] [info] [vdevice_native_stream.cpp:331] [read_impl] Failed read from stream HAILO_STREAM_ABORT(63) (device: 0001:01:00.0)
[2026-06-20 20:05:32.097] [3876] [HailoRT] [info] [queue_elements.cpp:855] [run_in_thread] Shutdown event was signaled in dequeue of UserBuffQEl12yolov8n/conv42!
[2026-06-20 20:05:32.097] [3875] [HailoRT] [info] [edge_elements.cpp:396] [run_pull] Reading from stream was aborted!
[2026-06-20 20:05:32.097] [3875] [HailoRT] [info] [queue_elements.cpp:738] [run_in_thread] run_pull of queue element PullQEl_hw_read12yolov8n/conv42 was aborted!
[2026-06-20 20:05:32.097] [3875] [HailoRT] [info] [queue_elements.cpp:68] [operator()] Thread in element PullQEl_hw_read12yolov8n/conv42 is not running anymore, exiting..
[2026-06-20 20:05:32.097] [3862] [HailoRT] [info] [queue_elements.cpp:46] [~BaseQueueElement] Queue element PullQEl_hw_read12yolov8n/conv42 has 0 frames in his Queue on destruction
[2026-06-20 20:05:32.097] [3876] [HailoRT] [info] [queue_elements.cpp:68] [operator()] Thread in element UserBuffQEl12yolov8n/conv42 is not running anymore, exiting..
[2026-06-20 20:05:32.097] [3862] [HailoRT] [info] [queue_elements.cpp:46] [~BaseQueueElement] Queue element UserBuffQEl12yolov8n/conv42 has 0 frames in his Queue on destruction
[2026-06-20 20:05:32.097] [3877] [HailoRT] [info] [vdevice_native_stream.cpp:331] [read_impl] Failed read from stream HAILO_STREAM_ABORT(63) (device: 0001:01:00.0)
[2026-06-20 20:05:32.097] [3877] [HailoRT] [info] [edge_elements.cpp:396] [run_pull] Reading from stream was aborted!
[2026-06-20 20:05:32.097] [3879] [HailoRT] [info] [queue_elements.cpp:855] [run_in_thread] Shutdown event was signaled in dequeue of UserBuffQEl15yolov8n/conv52!
[2026-06-20 20:05:32.097] [3877] [HailoRT] [info] [queue_elements.cpp:738] [run_in_thread] run_pull of queue element PullQEl_hw_read15yolov8n/conv52 was aborted!
[2026-06-20 20:05:32.097] [3877] [HailoRT] [info] [queue_elements.cpp:68] [operator()] Thread in element PullQEl_hw_read15yolov8n/conv52 is not running anymore, exiting..
[2026-06-20 20:05:32.097] [3862] [HailoRT] [info] [queue_elements.cpp:46] [~BaseQueueElement] Queue element PullQEl_hw_read15yolov8n/conv52 has 0 frames in his Queue on destruction
[2026-06-20 20:05:32.097] [3879] [HailoRT] [info] [queue_elements.cpp:68] [operator()] Thread in element UserBuffQEl15yolov8n/conv52 is not running anymore, exiting..
[2026-06-20 20:05:32.097] [3862] [HailoRT] [info] [queue_elements.cpp:46] [~BaseQueueElement] Queue element UserBuffQEl15yolov8n/conv52 has 0 frames in his Queue on destruction
[2026-06-20 20:05:32.097] [3880] [HailoRT] [info] [vdevice_native_stream.cpp:331] [read_impl] Failed read from stream HAILO_STREAM_ABORT(63) (device: 0001:01:00.0)
[2026-06-20 20:05:32.097] [3880] [HailoRT] [info] [edge_elements.cpp:396] [run_pull] Reading from stream was aborted!
[2026-06-20 20:05:32.097] [3881] [HailoRT] [info] [queue_elements.cpp:855] [run_in_thread] Shutdown event was signaled in dequeue of UserBuffQEl14yolov8n/conv53!
[2026-06-20 20:05:32.097] [3880] [HailoRT] [info] [queue_elements.cpp:738] [run_in_thread] run_pull of queue element PullQEl_hw_read14yolov8n/conv53 was aborted!
[2026-06-20 20:05:32.097] [3880] [HailoRT] [info] [queue_elements.cpp:68] [operator()] Thread in element PullQEl_hw_read14yolov8n/conv53 is not running anymore, exiting..
[2026-06-20 20:05:32.097] [3862] [HailoRT] [info] [queue_elements.cpp:46] [~BaseQueueElement] Queue element PullQEl_hw_read14yolov8n/conv53 has 0 frames in his Queue on destruction
[2026-06-20 20:05:32.097] [3881] [HailoRT] [info] [queue_elements.cpp:68] [operator()] Thread in element UserBuffQEl14yolov8n/conv53 is not running anymore, exiting..
[2026-06-20 20:05:32.097] [3862] [HailoRT] [info] [queue_elements.cpp:46] [~BaseQueueElement] Queue element UserBuffQEl14yolov8n/conv53 has 0 frames in his Queue on destruction
[2026-06-20 20:05:32.097] [3883] [HailoRT] [info] [vdevice_native_stream.cpp:331] [read_impl] Failed read from stream HAILO_STREAM_ABORT(63) (device: 0001:01:00.0)
[2026-06-20 20:05:32.097] [3883] [HailoRT] [info] [edge_elements.cpp:396] [run_pull] Reading from stream was aborted!
[2026-06-20 20:05:32.097] [3884] [HailoRT] [info] [queue_elements.cpp:855] [run_in_thread] Shutdown event was signaled in dequeue of UserBuffQEl8yolov8n/conv62!
[2026-06-20 20:05:32.097] [3883] [HailoRT] [info] [queue_elements.cpp:738] [run_in_thread] run_pull of queue element PullQEl_hw_read8yolov8n/conv62 was aborted!
[2026-06-20 20:05:32.098] [3883] [HailoRT] [info] [queue_elements.cpp:68] [operator()] Thread in element PullQEl_hw_read8yolov8n/conv62 is not running anymore, exiting..
[2026-06-20 20:05:32.098] [3862] [HailoRT] [info] [queue_elements.cpp:46] [~BaseQueueElement] Queue element PullQEl_hw_read8yolov8n/conv62 has 0 frames in his Queue on destruction
[2026-06-20 20:05:32.098] [3884] [HailoRT] [info] [queue_elements.cpp:68] [operator()] Thread in element UserBuffQEl8yolov8n/conv62 is not running anymore, exiting..
[2026-06-20 20:05:32.098] [3862] [HailoRT] [info] [queue_elements.cpp:46] [~BaseQueueElement] Queue element UserBuffQEl8yolov8n/conv62 has 0 frames in his Queue on destruction
[2026-06-20 20:05:32.098] [3886] [HailoRT] [info] [queue_elements.cpp:855] [run_in_thread] Shutdown event was signaled in dequeue of UserBuffQEl2yolov8n/conv63!
[2026-06-20 20:05:32.098] [3885] [HailoRT] [info] [vdevice_native_stream.cpp:331] [read_impl] Failed read from stream HAILO_STREAM_ABORT(63) (device: 0001:01:00.0)
[2026-06-20 20:05:32.098] [3885] [HailoRT] [info] [edge_elements.cpp:396] [run_pull] Reading from stream was aborted!
[2026-06-20 20:05:32.098] [3885] [HailoRT] [info] [queue_elements.cpp:738] [run_in_thread] run_pull of queue element PullQEl_hw_read2yolov8n/conv63 was aborted!
[2026-06-20 20:05:32.098] [3885] [HailoRT] [info] [queue_elements.cpp:68] [operator()] Thread in element PullQEl_hw_read2yolov8n/conv63 is not running anymore, exiting..
[2026-06-20 20:05:32.098] [3862] [HailoRT] [info] [queue_elements.cpp:46] [~BaseQueueElement] Queue element PullQEl_hw_read2yolov8n/conv63 has 0 frames in his Queue on destruction
[2026-06-20 20:05:32.098] [3886] [HailoRT] [info] [queue_elements.cpp:68] [operator()] Thread in element UserBuffQEl2yolov8n/conv63 is not running anymore, exiting..
[2026-06-20 20:05:32.098] [3862] [HailoRT] [info] [queue_elements.cpp:46] [~BaseQueueElement] Queue element UserBuffQEl2yolov8n/conv63 has 0 frames in his Queue on destruction
[2026-06-20 20:05:32.098] [3862] [HailoRT] [info] [core_op.cpp:186] [deactivate] Deactivating took 0.422262 ms
[2026-06-20 20:05:32.098] [3862] [HailoRT] [info] [core_op.cpp:186] [deactivate] Deactivating took 0.431892 ms
[2026-06-21 15:35:24.556] [2230] [HailoRT] [info] [vdevice.cpp:535] [create] Creating vdevice with params: device_count: 1, scheduling_algorithm: NONE, multi_process_service: false
[2026-06-21 15:35:24.575] [2230] [HailoRT] [info] [device.cpp:51] [Device] OS Version: Linux 6.18.33+rpt-rpi-2712 #1 SMP PREEMPT Debian 1:6.18.33-1+rpt1 (2026-06-01) aarch64
[2026-06-21 15:35:24.577] [2230] [HailoRT] [info] [control.cpp:113] [control__parse_identify_results] firmware_version is: 4.23.0
[2026-06-21 15:35:24.577] [2230] [HailoRT] [info] [vdevice.cpp:682] [create] VDevice Infos: 0001:01:00.0
[2026-06-21 15:35:24.586] [2230] [HailoRT] [info] [internal_buffer_manager.cpp:75] [print_execution_results] Default Internal buffer planner failed to meet requirements
[2026-06-21 15:35:24.586] [2230] [HailoRT] [info] [internal_buffer_manager.cpp:86] [print_execution_results] Default Internal buffer planner executed successfully
[2026-06-21 15:35:24.603] [2230] [HailoRT] [info] [device_internal.cpp:57] [configure] Configuring HEF took 25.012217 milliseconds
[2026-06-21 15:35:24.603] [2230] [HailoRT] [info] [vdevice.cpp:780] [configure] Configuring HEF on VDevice took 25.738893 milliseconds
[2026-06-21 15:35:24.603] [2230] [HailoRT] [info] [hef.cpp:1994] [get_network_group_and_network_name] No name was given. Addressing all networks of default network_group: yolov8n
[2026-06-21 15:35:24.603] [2230] [HailoRT] [info] [hef.cpp:1994] [get_network_group_and_network_name] No name was given. Addressing all networks of default network_group: yolov8n
[2026-06-21 15:35:24.606] [2230] [HailoRT] [info] [core_op.cpp:156] [activate] Activating yolov8n took 0.751253 milliseconds. Note that the function is asynchronous and thus the network is not fully activated yet.
[2026-06-21 15:35:24.606] [2230] [HailoRT] [info] [core_op.cpp:156] [activate] Activating yolov8n took 0.769996 milliseconds. Note that the function is asynchronous and thus the network is not fully activated yet.
[2026-06-21 15:35:24.608] [2230] [HailoRT] [info] [edge_elements.cpp:52] [create] Created (HwWriteEl11yolov8n/input_layer1 | hw_frame_size: 1228800)
[2026-06-21 15:35:24.609] [2230] [HailoRT] [info] [vstream.cpp:754] [InputVStreamImpl] Creating yolov8n/input_layer1...
[2026-06-21 15:35:24.609] [2230] [HailoRT] [info] [vstream_builder.cpp:102] [create_inputs] Input pipeline 'yolov8n/input_layer1': (HwWriteEl11yolov8n/input_layer1 | hw_frame_size: 1228800) >> HW
[2026-06-21 15:35:24.610] [2230] [HailoRT] [info] [edge_elements.cpp:287] [create] Created (HwReadEl13yolov8n/conv41 | hw_frame_size: 409600)
[2026-06-21 15:35:24.618] [2230] [HailoRT] [info] [queue_elements.cpp:657] [create] Created (PullQEl_hw_read13yolov8n/conv41)
[2026-06-21 15:35:24.618] [2230] [HailoRT] [info] [filter_elements.cpp:372] [create] Created (PostInferEl13yolov8n/conv41 | Quantization - src_type: UINT8, dst_type FLOAT32, limvals_min: -15.2439, limvals_max: 13.765)
[2026-06-21 15:35:24.619] [2230] [HailoRT] [info] [queue_elements.cpp:800] [create] Created (UserBuffQEl13yolov8n/conv41 | timeout: 10s)
[2026-06-21 15:35:24.619] [2230] [HailoRT] [info] [vstream.cpp:1114] [OutputVStreamImpl] Creating yolov8n/conv41...
[2026-06-21 15:35:24.619] [2230] [HailoRT] [info] [vstream_builder.cpp:220] [create_outputs] Output pipeline 'yolov8n/conv41': HW >> (HwReadEl13yolov8n/conv41 | hw_frame_size: 409600) >> (PullQEl_hw_read13yolov8n/conv41) >> (PostInferEl13yolov8n/conv41 | Quantization - src_type: UINT8, dst_type FLOAT32, limvals_min: -15.2439, limvals_max: 13.765) >> (UserBuffQEl13yolov8n/conv41 | timeout: 10s)
[2026-06-21 15:35:24.619] [2230] [HailoRT] [info] [edge_elements.cpp:287] [create] Created (HwReadEl12yolov8n/conv42 | hw_frame_size: 32000)
[2026-06-21 15:35:24.619] [2230] [HailoRT] [info] [queue_elements.cpp:657] [create] Created (PullQEl_hw_read12yolov8n/conv42)
[2026-06-21 15:35:24.619] [2230] [HailoRT] [info] [filter_elements.cpp:372] [create] Created (PostInferEl12yolov8n/conv42 | Quantization - src_type: UINT8, dst_type FLOAT32, limvals_min: 0, limvals_max: 1)
[2026-06-21 15:35:24.623] [2230] [HailoRT] [info] [queue_elements.cpp:800] [create] Created (UserBuffQEl12yolov8n/conv42 | timeout: 10s)
[2026-06-21 15:35:24.624] [2230] [HailoRT] [info] [vstream.cpp:1114] [OutputVStreamImpl] Creating yolov8n/conv42...
[2026-06-21 15:35:24.624] [2230] [HailoRT] [info] [vstream_builder.cpp:220] [create_outputs] Output pipeline 'yolov8n/conv42': HW >> (HwReadEl12yolov8n/conv42 | hw_frame_size: 32000) >> (PullQEl_hw_read12yolov8n/conv42) >> (PostInferEl12yolov8n/conv42 | Quantization - src_type: UINT8, dst_type FLOAT32, limvals_min: 0, limvals_max: 1) >> (UserBuffQEl12yolov8n/conv42 | timeout: 10s)
[2026-06-21 15:35:24.624] [2230] [HailoRT] [info] [edge_elements.cpp:287] [create] Created (HwReadEl15yolov8n/conv52 | hw_frame_size: 102400)
[2026-06-21 15:35:24.624] [2230] [HailoRT] [info] [queue_elements.cpp:657] [create] Created (PullQEl_hw_read15yolov8n/conv52)
[2026-06-21 15:35:24.624] [2230] [HailoRT] [info] [filter_elements.cpp:372] [create] Created (PostInferEl15yolov8n/conv52 | Quantization - src_type: UINT8, dst_type FLOAT32, limvals_min: -14.8019, limvals_max: 12.3526)
[2026-06-21 15:35:24.624] [2230] [HailoRT] [info] [queue_elements.cpp:800] [create] Created (UserBuffQEl15yolov8n/conv52 | timeout: 10s)
[2026-06-21 15:35:24.624] [2230] [HailoRT] [info] [vstream.cpp:1114] [OutputVStreamImpl] Creating yolov8n/conv52...
[2026-06-21 15:35:24.624] [2230] [HailoRT] [info] [vstream_builder.cpp:220] [create_outputs] Output pipeline 'yolov8n/conv52': HW >> (HwReadEl15yolov8n/conv52 | hw_frame_size: 102400) >> (PullQEl_hw_read15yolov8n/conv52) >> (PostInferEl15yolov8n/conv52 | Quantization - src_type: UINT8, dst_type FLOAT32, limvals_min: -14.8019, limvals_max: 12.3526) >> (UserBuffQEl15yolov8n/conv52 | timeout: 10s)
[2026-06-21 15:35:24.624] [2230] [HailoRT] [info] [edge_elements.cpp:287] [create] Created (HwReadEl14yolov8n/conv53 | hw_frame_size: 8000)
[2026-06-21 15:35:24.624] [2230] [HailoRT] [info] [queue_elements.cpp:657] [create] Created (PullQEl_hw_read14yolov8n/conv53)
[2026-06-21 15:35:24.624] [2230] [HailoRT] [info] [filter_elements.cpp:372] [create] Created (PostInferEl14yolov8n/conv53 | Quantization - src_type: UINT8, dst_type FLOAT32, limvals_min: 0, limvals_max: 1)
[2026-06-21 15:35:24.624] [2230] [HailoRT] [info] [queue_elements.cpp:800] [create] Created (UserBuffQEl14yolov8n/conv53 | timeout: 10s)
[2026-06-21 15:35:24.624] [2230] [HailoRT] [info] [vstream.cpp:1114] [OutputVStreamImpl] Creating yolov8n/conv53...
[2026-06-21 15:35:24.624] [2230] [HailoRT] [info] [vstream_builder.cpp:220] [create_outputs] Output pipeline 'yolov8n/conv53': HW >> (HwReadEl14yolov8n/conv53 | hw_frame_size: 8000) >> (PullQEl_hw_read14yolov8n/conv53) >> (PostInferEl14yolov8n/conv53 | Quantization - src_type: UINT8, dst_type FLOAT32, limvals_min: 0, limvals_max: 1) >> (UserBuffQEl14yolov8n/conv53 | timeout: 10s)
[2026-06-21 15:35:24.624] [2230] [HailoRT] [info] [edge_elements.cpp:287] [create] Created (HwReadEl8yolov8n/conv62 | hw_frame_size: 25600)
[2026-06-21 15:35:24.624] [2230] [HailoRT] [info] [queue_elements.cpp:657] [create] Created (PullQEl_hw_read8yolov8n/conv62)
[2026-06-21 15:35:24.624] [2230] [HailoRT] [info] [filter_elements.cpp:372] [create] Created (PostInferEl8yolov8n/conv62 | Quantization - src_type: UINT8, dst_type FLOAT32, limvals_min: -15.9876, limvals_max: 12.1285)
[2026-06-21 15:35:24.624] [2230] [HailoRT] [info] [queue_elements.cpp:800] [create] Created (UserBuffQEl8yolov8n/conv62 | timeout: 10s)
[2026-06-21 15:35:24.624] [2230] [HailoRT] [info] [vstream.cpp:1114] [OutputVStreamImpl] Creating yolov8n/conv62...
[2026-06-21 15:35:24.624] [2230] [HailoRT] [info] [vstream_builder.cpp:220] [create_outputs] Output pipeline 'yolov8n/conv62': HW >> (HwReadEl8yolov8n/conv62 | hw_frame_size: 25600) >> (PullQEl_hw_read8yolov8n/conv62) >> (PostInferEl8yolov8n/conv62 | Quantization - src_type: UINT8, dst_type FLOAT32, limvals_min: -15.9876, limvals_max: 12.1285) >> (UserBuffQEl8yolov8n/conv62 | timeout: 10s)
[2026-06-21 15:35:24.624] [2230] [HailoRT] [info] [edge_elements.cpp:287] [create] Created (HwReadEl2yolov8n/conv63 | hw_frame_size: 2000)
[2026-06-21 15:35:24.624] [2230] [HailoRT] [info] [queue_elements.cpp:657] [create] Created (PullQEl_hw_read2yolov8n/conv63)
[2026-06-21 15:35:24.624] [2230] [HailoRT] [info] [filter_elements.cpp:372] [create] Created (PostInferEl2yolov8n/conv63 | Quantization - src_type: UINT8, dst_type FLOAT32, limvals_min: 0, limvals_max: 1 | Reorder - src_order: NHCW, src_shape: (20, 20, 5), dst_order: NHWC, dst_shape: (20, 20, 5))
[2026-06-21 15:35:24.625] [2230] [HailoRT] [info] [queue_elements.cpp:800] [create] Created (UserBuffQEl2yolov8n/conv63 | timeout: 10s)
[2026-06-21 15:35:24.625] [2230] [HailoRT] [info] [vstream.cpp:1114] [OutputVStreamImpl] Creating yolov8n/conv63...
[2026-06-21 15:35:24.625] [2230] [HailoRT] [info] [vstream_builder.cpp:220] [create_outputs] Output pipeline 'yolov8n/conv63': HW >> (HwReadEl2yolov8n/conv63 | hw_frame_size: 2000) >> (PullQEl_hw_read2yolov8n/conv63) >> (PostInferEl2yolov8n/conv63 | Quantization - src_type: UINT8, dst_type FLOAT32, limvals_min: 0, limvals_max: 1 | Reorder - src_order: NHCW, src_shape: (20, 20, 5), dst_order: NHWC, dst_shape: (20, 20, 5)) >> (UserBuffQEl2yolov8n/conv63 | timeout: 10s)
[2026-06-21 15:35:31.774] [2247] [HailoRT] [info] [queue_elements.cpp:855] [run_in_thread] Shutdown event was signaled in dequeue of UserBuffQEl13yolov8n/conv41!
[2026-06-21 15:35:31.774] [2246] [HailoRT] [info] [vdevice_native_stream.cpp:331] [read_impl] Failed read from stream HAILO_STREAM_ABORT(63) (device: 0001:01:00.0)
[2026-06-21 15:35:31.774] [2246] [HailoRT] [info] [edge_elements.cpp:396] [run_pull] Reading from stream was aborted!
[2026-06-21 15:35:31.774] [2246] [HailoRT] [info] [queue_elements.cpp:738] [run_in_thread] run_pull of queue element PullQEl_hw_read13yolov8n/conv41 was aborted!
[2026-06-21 15:35:31.774] [2246] [HailoRT] [info] [queue_elements.cpp:68] [operator()] Thread in element PullQEl_hw_read13yolov8n/conv41 is not running anymore, exiting..
[2026-06-21 15:35:31.774] [2230] [HailoRT] [info] [queue_elements.cpp:46] [~BaseQueueElement] Queue element PullQEl_hw_read13yolov8n/conv41 has 0 frames in his Queue on destruction
[2026-06-21 15:35:31.774] [2247] [HailoRT] [info] [queue_elements.cpp:68] [operator()] Thread in element UserBuffQEl13yolov8n/conv41 is not running anymore, exiting..
[2026-06-21 15:35:31.774] [2230] [HailoRT] [info] [queue_elements.cpp:46] [~BaseQueueElement] Queue element UserBuffQEl13yolov8n/conv41 has 0 frames in his Queue on destruction
[2026-06-21 15:35:31.774] [2249] [HailoRT] [info] [queue_elements.cpp:855] [run_in_thread] Shutdown event was signaled in dequeue of UserBuffQEl12yolov8n/conv42!
[2026-06-21 15:35:31.774] [2248] [HailoRT] [info] [vdevice_native_stream.cpp:331] [read_impl] Failed read from stream HAILO_STREAM_ABORT(63) (device: 0001:01:00.0)
[2026-06-21 15:35:31.774] [2248] [HailoRT] [info] [edge_elements.cpp:396] [run_pull] Reading from stream was aborted!
[2026-06-21 15:35:31.774] [2248] [HailoRT] [info] [queue_elements.cpp:738] [run_in_thread] run_pull of queue element PullQEl_hw_read12yolov8n/conv42 was aborted!
[2026-06-21 15:35:31.774] [2248] [HailoRT] [info] [queue_elements.cpp:68] [operator()] Thread in element PullQEl_hw_read12yolov8n/conv42 is not running anymore, exiting..
[2026-06-21 15:35:31.774] [2230] [HailoRT] [info] [queue_elements.cpp:46] [~BaseQueueElement] Queue element PullQEl_hw_read12yolov8n/conv42 has 0 frames in his Queue on destruction
[2026-06-21 15:35:31.774] [2249] [HailoRT] [info] [queue_elements.cpp:68] [operator()] Thread in element UserBuffQEl12yolov8n/conv42 is not running anymore, exiting..
[2026-06-21 15:35:31.774] [2230] [HailoRT] [info] [queue_elements.cpp:46] [~BaseQueueElement] Queue element UserBuffQEl12yolov8n/conv42 has 0 frames in his Queue on destruction
[2026-06-21 15:35:31.774] [2250] [HailoRT] [info] [vdevice_native_stream.cpp:331] [read_impl] Failed read from stream HAILO_STREAM_ABORT(63) (device: 0001:01:00.0)
[2026-06-21 15:35:31.775] [2250] [HailoRT] [info] [edge_elements.cpp:396] [run_pull] Reading from stream was aborted!
[2026-06-21 15:35:31.774] [2251] [HailoRT] [info] [queue_elements.cpp:855] [run_in_thread] Shutdown event was signaled in dequeue of UserBuffQEl15yolov8n/conv52!
[2026-06-21 15:35:31.775] [2250] [HailoRT] [info] [queue_elements.cpp:738] [run_in_thread] run_pull of queue element PullQEl_hw_read15yolov8n/conv52 was aborted!
[2026-06-21 15:35:31.775] [2250] [HailoRT] [info] [queue_elements.cpp:68] [operator()] Thread in element PullQEl_hw_read15yolov8n/conv52 is not running anymore, exiting..
[2026-06-21 15:35:31.775] [2230] [HailoRT] [info] [queue_elements.cpp:46] [~BaseQueueElement] Queue element PullQEl_hw_read15yolov8n/conv52 has 0 frames in his Queue on destruction
[2026-06-21 15:35:31.775] [2251] [HailoRT] [info] [queue_elements.cpp:68] [operator()] Thread in element UserBuffQEl15yolov8n/conv52 is not running anymore, exiting..
[2026-06-21 15:35:31.775] [2230] [HailoRT] [info] [queue_elements.cpp:46] [~BaseQueueElement] Queue element UserBuffQEl15yolov8n/conv52 has 0 frames in his Queue on destruction
[2026-06-21 15:35:31.775] [2253] [HailoRT] [info] [queue_elements.cpp:855] [run_in_thread] Shutdown event was signaled in dequeue of UserBuffQEl14yolov8n/conv53!
[2026-06-21 15:35:31.775] [2252] [HailoRT] [info] [vdevice_native_stream.cpp:331] [read_impl] Failed read from stream HAILO_STREAM_ABORT(63) (device: 0001:01:00.0)
[2026-06-21 15:35:31.775] [2252] [HailoRT] [info] [edge_elements.cpp:396] [run_pull] Reading from stream was aborted!
[2026-06-21 15:35:31.775] [2252] [HailoRT] [info] [queue_elements.cpp:738] [run_in_thread] run_pull of queue element PullQEl_hw_read14yolov8n/conv53 was aborted!
[2026-06-21 15:35:31.775] [2252] [HailoRT] [info] [queue_elements.cpp:68] [operator()] Thread in element PullQEl_hw_read14yolov8n/conv53 is not running anymore, exiting..
[2026-06-21 15:35:31.775] [2230] [HailoRT] [info] [queue_elements.cpp:46] [~BaseQueueElement] Queue element PullQEl_hw_read14yolov8n/conv53 has 0 frames in his Queue on destruction
[2026-06-21 15:35:31.775] [2253] [HailoRT] [info] [queue_elements.cpp:68] [operator()] Thread in element UserBuffQEl14yolov8n/conv53 is not running anymore, exiting..
[2026-06-21 15:35:31.775] [2230] [HailoRT] [info] [queue_elements.cpp:46] [~BaseQueueElement] Queue element UserBuffQEl14yolov8n/conv53 has 0 frames in his Queue on destruction
[2026-06-21 15:35:31.775] [2254] [HailoRT] [info] [vdevice_native_stream.cpp:331] [read_impl] Failed read from stream HAILO_STREAM_ABORT(63) (device: 0001:01:00.0)
[2026-06-21 15:35:31.775] [2255] [HailoRT] [info] [queue_elements.cpp:855] [run_in_thread] Shutdown event was signaled in dequeue of UserBuffQEl8yolov8n/conv62!
[2026-06-21 15:35:31.775] [2254] [HailoRT] [info] [edge_elements.cpp:396] [run_pull] Reading from stream was aborted!
[2026-06-21 15:35:31.775] [2254] [HailoRT] [info] [queue_elements.cpp:738] [run_in_thread] run_pull of queue element PullQEl_hw_read8yolov8n/conv62 was aborted!
[2026-06-21 15:35:31.775] [2254] [HailoRT] [info] [queue_elements.cpp:68] [operator()] Thread in element PullQEl_hw_read8yolov8n/conv62 is not running anymore, exiting..
[2026-06-21 15:35:31.775] [2230] [HailoRT] [info] [queue_elements.cpp:46] [~BaseQueueElement] Queue element PullQEl_hw_read8yolov8n/conv62 has 0 frames in his Queue on destruction
[2026-06-21 15:35:31.775] [2255] [HailoRT] [info] [queue_elements.cpp:68] [operator()] Thread in element UserBuffQEl8yolov8n/conv62 is not running anymore, exiting..
[2026-06-21 15:35:31.775] [2230] [HailoRT] [info] [queue_elements.cpp:46] [~BaseQueueElement] Queue element UserBuffQEl8yolov8n/conv62 has 0 frames in his Queue on destruction
[2026-06-21 15:35:31.775] [2256] [HailoRT] [info] [vdevice_native_stream.cpp:331] [read_impl] Failed read from stream HAILO_STREAM_ABORT(63) (device: 0001:01:00.0)
[2026-06-21 15:35:31.775] [2256] [HailoRT] [info] [edge_elements.cpp:396] [run_pull] Reading from stream was aborted!
[2026-06-21 15:35:31.775] [2257] [HailoRT] [info] [queue_elements.cpp:855] [run_in_thread] Shutdown event was signaled in dequeue of UserBuffQEl2yolov8n/conv63!
[2026-06-21 15:35:31.775] [2256] [HailoRT] [info] [queue_elements.cpp:738] [run_in_thread] run_pull of queue element PullQEl_hw_read2yolov8n/conv63 was aborted!
[2026-06-21 15:35:31.775] [2256] [HailoRT] [info] [queue_elements.cpp:68] [operator()] Thread in element PullQEl_hw_read2yolov8n/conv63 is not running anymore, exiting..
[2026-06-21 15:35:31.775] [2230] [HailoRT] [info] [queue_elements.cpp:46] [~BaseQueueElement] Queue element PullQEl_hw_read2yolov8n/conv63 has 0 frames in his Queue on destruction
[2026-06-21 15:35:31.775] [2257] [HailoRT] [info] [queue_elements.cpp:68] [operator()] Thread in element UserBuffQEl2yolov8n/conv63 is not running anymore, exiting..
[2026-06-21 15:35:31.775] [2230] [HailoRT] [info] [queue_elements.cpp:46] [~BaseQueueElement] Queue element UserBuffQEl2yolov8n/conv63 has 0 frames in his Queue on destruction
[2026-06-21 15:35:31.775] [2230] [HailoRT] [info] [core_op.cpp:186] [deactivate] Deactivating took 0.422851 ms
[2026-06-21 15:35:31.775] [2230] [HailoRT] [info] [core_op.cpp:186] [deactivate] Deactivating took 0.439149 ms
[2026-06-21 15:36:25.375] [2798] [HailoRT] [info] [vdevice.cpp:535] [create] Creating vdevice with params: device_count: 1, scheduling_algorithm: NONE, multi_process_service: false
[2026-06-21 15:36:25.386] [2798] [HailoRT] [info] [device.cpp:51] [Device] OS Version: Linux 6.18.33+rpt-rpi-2712 #1 SMP PREEMPT Debian 1:6.18.33-1+rpt1 (2026-06-01) aarch64
[2026-06-21 15:36:25.386] [2798] [HailoRT] [info] [control.cpp:113] [control__parse_identify_results] firmware_version is: 4.23.0
[2026-06-21 15:36:25.386] [2798] [HailoRT] [info] [vdevice.cpp:682] [create] VDevice Infos: 0001:01:00.0
[2026-06-21 15:36:25.392] [2798] [HailoRT] [info] [internal_buffer_manager.cpp:75] [print_execution_results] Default Internal buffer planner failed to meet requirements
[2026-06-21 15:36:25.392] [2798] [HailoRT] [info] [internal_buffer_manager.cpp:86] [print_execution_results] Default Internal buffer planner executed successfully
[2026-06-21 15:36:25.407] [2798] [HailoRT] [info] [device_internal.cpp:57] [configure] Configuring HEF took 19.790123 milliseconds
[2026-06-21 15:36:25.407] [2798] [HailoRT] [info] [vdevice.cpp:780] [configure] Configuring HEF on VDevice took 20.151204 milliseconds
[2026-06-21 15:36:25.407] [2798] [HailoRT] [info] [hef.cpp:1994] [get_network_group_and_network_name] No name was given. Addressing all networks of default network_group: yolov8n
[2026-06-21 15:36:25.407] [2798] [HailoRT] [info] [hef.cpp:1994] [get_network_group_and_network_name] No name was given. Addressing all networks of default network_group: yolov8n
[2026-06-21 15:36:25.408] [2798] [HailoRT] [info] [core_op.cpp:156] [activate] Activating yolov8n took 0.639082 milliseconds. Note that the function is asynchronous and thus the network is not fully activated yet.
[2026-06-21 15:36:25.408] [2798] [HailoRT] [info] [core_op.cpp:156] [activate] Activating yolov8n took 0.651046 milliseconds. Note that the function is asynchronous and thus the network is not fully activated yet.
[2026-06-21 15:36:25.408] [2798] [HailoRT] [info] [edge_elements.cpp:52] [create] Created (HwWriteEl11yolov8n/input_layer1 | hw_frame_size: 1228800)
[2026-06-21 15:36:25.408] [2798] [HailoRT] [info] [vstream.cpp:754] [InputVStreamImpl] Creating yolov8n/input_layer1...
[2026-06-21 15:36:25.408] [2798] [HailoRT] [info] [vstream_builder.cpp:102] [create_inputs] Input pipeline 'yolov8n/input_layer1': (HwWriteEl11yolov8n/input_layer1 | hw_frame_size: 1228800) >> HW
[2026-06-21 15:36:25.408] [2798] [HailoRT] [info] [edge_elements.cpp:287] [create] Created (HwReadEl13yolov8n/conv41 | hw_frame_size: 409600)
[2026-06-21 15:36:25.414] [2798] [HailoRT] [info] [queue_elements.cpp:657] [create] Created (PullQEl_hw_read13yolov8n/conv41)
[2026-06-21 15:36:25.414] [2798] [HailoRT] [info] [filter_elements.cpp:372] [create] Created (PostInferEl13yolov8n/conv41 | Quantization - src_type: UINT8, dst_type FLOAT32, limvals_min: -15.2439, limvals_max: 13.765)
[2026-06-21 15:36:25.414] [2798] [HailoRT] [info] [queue_elements.cpp:800] [create] Created (UserBuffQEl13yolov8n/conv41 | timeout: 10s)
[2026-06-21 15:36:25.414] [2798] [HailoRT] [info] [vstream.cpp:1114] [OutputVStreamImpl] Creating yolov8n/conv41...
[2026-06-21 15:36:25.414] [2798] [HailoRT] [info] [vstream_builder.cpp:220] [create_outputs] Output pipeline 'yolov8n/conv41': HW >> (HwReadEl13yolov8n/conv41 | hw_frame_size: 409600) >> (PullQEl_hw_read13yolov8n/conv41) >> (PostInferEl13yolov8n/conv41 | Quantization - src_type: UINT8, dst_type FLOAT32, limvals_min: -15.2439, limvals_max: 13.765) >> (UserBuffQEl13yolov8n/conv41 | timeout: 10s)
[2026-06-21 15:36:25.414] [2798] [HailoRT] [info] [edge_elements.cpp:287] [create] Created (HwReadEl12yolov8n/conv42 | hw_frame_size: 32000)
[2026-06-21 15:36:25.414] [2798] [HailoRT] [info] [queue_elements.cpp:657] [create] Created (PullQEl_hw_read12yolov8n/conv42)
[2026-06-21 15:36:25.414] [2798] [HailoRT] [info] [filter_elements.cpp:372] [create] Created (PostInferEl12yolov8n/conv42 | Quantization - src_type: UINT8, dst_type FLOAT32, limvals_min: 0, limvals_max: 1)
[2026-06-21 15:36:25.414] [2798] [HailoRT] [info] [queue_elements.cpp:800] [create] Created (UserBuffQEl12yolov8n/conv42 | timeout: 10s)
[2026-06-21 15:36:25.414] [2798] [HailoRT] [info] [vstream.cpp:1114] [OutputVStreamImpl] Creating yolov8n/conv42...
[2026-06-21 15:36:25.414] [2798] [HailoRT] [info] [vstream_builder.cpp:220] [create_outputs] Output pipeline 'yolov8n/conv42': HW >> (HwReadEl12yolov8n/conv42 | hw_frame_size: 32000) >> (PullQEl_hw_read12yolov8n/conv42) >> (PostInferEl12yolov8n/conv42 | Quantization - src_type: UINT8, dst_type FLOAT32, limvals_min: 0, limvals_max: 1) >> (UserBuffQEl12yolov8n/conv42 | timeout: 10s)
[2026-06-21 15:36:25.414] [2798] [HailoRT] [info] [edge_elements.cpp:287] [create] Created (HwReadEl15yolov8n/conv52 | hw_frame_size: 102400)
[2026-06-21 15:36:25.414] [2798] [HailoRT] [info] [queue_elements.cpp:657] [create] Created (PullQEl_hw_read15yolov8n/conv52)
[2026-06-21 15:36:25.414] [2798] [HailoRT] [info] [filter_elements.cpp:372] [create] Created (PostInferEl15yolov8n/conv52 | Quantization - src_type: UINT8, dst_type FLOAT32, limvals_min: -14.8019, limvals_max: 12.3526)
[2026-06-21 15:36:25.414] [2798] [HailoRT] [info] [queue_elements.cpp:800] [create] Created (UserBuffQEl15yolov8n/conv52 | timeout: 10s)
[2026-06-21 15:36:25.414] [2798] [HailoRT] [info] [vstream.cpp:1114] [OutputVStreamImpl] Creating yolov8n/conv52...
[2026-06-21 15:36:25.414] [2798] [HailoRT] [info] [vstream_builder.cpp:220] [create_outputs] Output pipeline 'yolov8n/conv52': HW >> (HwReadEl15yolov8n/conv52 | hw_frame_size: 102400) >> (PullQEl_hw_read15yolov8n/conv52) >> (PostInferEl15yolov8n/conv52 | Quantization - src_type: UINT8, dst_type FLOAT32, limvals_min: -14.8019, limvals_max: 12.3526) >> (UserBuffQEl15yolov8n/conv52 | timeout: 10s)
[2026-06-21 15:36:25.414] [2798] [HailoRT] [info] [edge_elements.cpp:287] [create] Created (HwReadEl14yolov8n/conv53 | hw_frame_size: 8000)
[2026-06-21 15:36:25.414] [2798] [HailoRT] [info] [queue_elements.cpp:657] [create] Created (PullQEl_hw_read14yolov8n/conv53)
[2026-06-21 15:36:25.414] [2798] [HailoRT] [info] [filter_elements.cpp:372] [create] Created (PostInferEl14yolov8n/conv53 | Quantization - src_type: UINT8, dst_type FLOAT32, limvals_min: 0, limvals_max: 1)
[2026-06-21 15:36:25.414] [2798] [HailoRT] [info] [queue_elements.cpp:800] [create] Created (UserBuffQEl14yolov8n/conv53 | timeout: 10s)
[2026-06-21 15:36:25.414] [2798] [HailoRT] [info] [vstream.cpp:1114] [OutputVStreamImpl] Creating yolov8n/conv53...
[2026-06-21 15:36:25.414] [2798] [HailoRT] [info] [vstream_builder.cpp:220] [create_outputs] Output pipeline 'yolov8n/conv53': HW >> (HwReadEl14yolov8n/conv53 | hw_frame_size: 8000) >> (PullQEl_hw_read14yolov8n/conv53) >> (PostInferEl14yolov8n/conv53 | Quantization - src_type: UINT8, dst_type FLOAT32, limvals_min: 0, limvals_max: 1) >> (UserBuffQEl14yolov8n/conv53 | timeout: 10s)
[2026-06-21 15:36:25.414] [2798] [HailoRT] [info] [edge_elements.cpp:287] [create] Created (HwReadEl8yolov8n/conv62 | hw_frame_size: 25600)
[2026-06-21 15:36:25.414] [2798] [HailoRT] [info] [queue_elements.cpp:657] [create] Created (PullQEl_hw_read8yolov8n/conv62)
[2026-06-21 15:36:25.414] [2798] [HailoRT] [info] [filter_elements.cpp:372] [create] Created (PostInferEl8yolov8n/conv62 | Quantization - src_type: UINT8, dst_type FLOAT32, limvals_min: -15.9876, limvals_max: 12.1285)
[2026-06-21 15:36:25.414] [2798] [HailoRT] [info] [queue_elements.cpp:800] [create] Created (UserBuffQEl8yolov8n/conv62 | timeout: 10s)
[2026-06-21 15:36:25.414] [2798] [HailoRT] [info] [vstream.cpp:1114] [OutputVStreamImpl] Creating yolov8n/conv62...
[2026-06-21 15:36:25.414] [2798] [HailoRT] [info] [vstream_builder.cpp:220] [create_outputs] Output pipeline 'yolov8n/conv62': HW >> (HwReadEl8yolov8n/conv62 | hw_frame_size: 25600) >> (PullQEl_hw_read8yolov8n/conv62) >> (PostInferEl8yolov8n/conv62 | Quantization - src_type: UINT8, dst_type FLOAT32, limvals_min: -15.9876, limvals_max: 12.1285) >> (UserBuffQEl8yolov8n/conv62 | timeout: 10s)
[2026-06-21 15:36:25.414] [2798] [HailoRT] [info] [edge_elements.cpp:287] [create] Created (HwReadEl2yolov8n/conv63 | hw_frame_size: 2000)
[2026-06-21 15:36:25.414] [2798] [HailoRT] [info] [queue_elements.cpp:657] [create] Created (PullQEl_hw_read2yolov8n/conv63)
[2026-06-21 15:36:25.414] [2798] [HailoRT] [info] [filter_elements.cpp:372] [create] Created (PostInferEl2yolov8n/conv63 | Quantization - src_type: UINT8, dst_type FLOAT32, limvals_min: 0, limvals_max: 1 | Reorder - src_order: NHCW, src_shape: (20, 20, 5), dst_order: NHWC, dst_shape: (20, 20, 5))
[2026-06-21 15:36:25.415] [2798] [HailoRT] [info] [queue_elements.cpp:800] [create] Created (UserBuffQEl2yolov8n/conv63 | timeout: 10s)
[2026-06-21 15:36:25.415] [2798] [HailoRT] [info] [vstream.cpp:1114] [OutputVStreamImpl] Creating yolov8n/conv63...
[2026-06-21 15:36:25.415] [2798] [HailoRT] [info] [vstream_builder.cpp:220] [create_outputs] Output pipeline 'yolov8n/conv63': HW >> (HwReadEl2yolov8n/conv63 | hw_frame_size: 2000) >> (PullQEl_hw_read2yolov8n/conv63) >> (PostInferEl2yolov8n/conv63 | Quantization - src_type: UINT8, dst_type FLOAT32, limvals_min: 0, limvals_max: 1 | Reorder - src_order: NHCW, src_shape: (20, 20, 5), dst_order: NHWC, dst_shape: (20, 20, 5)) >> (UserBuffQEl2yolov8n/conv63 | timeout: 10s)
[2026-06-21 15:36:31.528] [2814] [HailoRT] [info] [queue_elements.cpp:855] [run_in_thread] Shutdown event was signaled in dequeue of UserBuffQEl13yolov8n/conv41!
[2026-06-21 15:36:31.528] [2813] [HailoRT] [info] [vdevice_native_stream.cpp:331] [read_impl] Failed read from stream HAILO_STREAM_ABORT(63) (device: 0001:01:00.0)
[2026-06-21 15:36:31.528] [2813] [HailoRT] [info] [edge_elements.cpp:396] [run_pull] Reading from stream was aborted!
[2026-06-21 15:36:31.528] [2813] [HailoRT] [info] [queue_elements.cpp:738] [run_in_thread] run_pull of queue element PullQEl_hw_read13yolov8n/conv41 was aborted!
[2026-06-21 15:36:31.528] [2813] [HailoRT] [info] [queue_elements.cpp:68] [operator()] Thread in element PullQEl_hw_read13yolov8n/conv41 is not running anymore, exiting..
[2026-06-21 15:36:31.528] [2798] [HailoRT] [info] [queue_elements.cpp:46] [~BaseQueueElement] Queue element PullQEl_hw_read13yolov8n/conv41 has 0 frames in his Queue on destruction
[2026-06-21 15:36:31.528] [2814] [HailoRT] [info] [queue_elements.cpp:68] [operator()] Thread in element UserBuffQEl13yolov8n/conv41 is not running anymore, exiting..
[2026-06-21 15:36:31.528] [2798] [HailoRT] [info] [queue_elements.cpp:46] [~BaseQueueElement] Queue element UserBuffQEl13yolov8n/conv41 has 0 frames in his Queue on destruction
[2026-06-21 15:36:31.528] [2816] [HailoRT] [info] [queue_elements.cpp:855] [run_in_thread] Shutdown event was signaled in dequeue of UserBuffQEl12yolov8n/conv42!
[2026-06-21 15:36:31.528] [2815] [HailoRT] [info] [vdevice_native_stream.cpp:331] [read_impl] Failed read from stream HAILO_STREAM_ABORT(63) (device: 0001:01:00.0)
[2026-06-21 15:36:31.528] [2815] [HailoRT] [info] [edge_elements.cpp:396] [run_pull] Reading from stream was aborted!
[2026-06-21 15:36:31.528] [2815] [HailoRT] [info] [queue_elements.cpp:738] [run_in_thread] run_pull of queue element PullQEl_hw_read12yolov8n/conv42 was aborted!
[2026-06-21 15:36:31.528] [2815] [HailoRT] [info] [queue_elements.cpp:68] [operator()] Thread in element PullQEl_hw_read12yolov8n/conv42 is not running anymore, exiting..
[2026-06-21 15:36:31.528] [2798] [HailoRT] [info] [queue_elements.cpp:46] [~BaseQueueElement] Queue element PullQEl_hw_read12yolov8n/conv42 has 0 frames in his Queue on destruction
[2026-06-21 15:36:31.528] [2816] [HailoRT] [info] [queue_elements.cpp:68] [operator()] Thread in element UserBuffQEl12yolov8n/conv42 is not running anymore, exiting..
[2026-06-21 15:36:31.528] [2798] [HailoRT] [info] [queue_elements.cpp:46] [~BaseQueueElement] Queue element UserBuffQEl12yolov8n/conv42 has 0 frames in his Queue on destruction
[2026-06-21 15:36:31.528] [2818] [HailoRT] [info] [queue_elements.cpp:855] [run_in_thread] Shutdown event was signaled in dequeue of UserBuffQEl15yolov8n/conv52!
[2026-06-21 15:36:31.528] [2817] [HailoRT] [info] [vdevice_native_stream.cpp:331] [read_impl] Failed read from stream HAILO_STREAM_ABORT(63) (device: 0001:01:00.0)
[2026-06-21 15:36:31.528] [2817] [HailoRT] [info] [edge_elements.cpp:396] [run_pull] Reading from stream was aborted!
[2026-06-21 15:36:31.528] [2817] [HailoRT] [info] [queue_elements.cpp:738] [run_in_thread] run_pull of queue element PullQEl_hw_read15yolov8n/conv52 was aborted!
[2026-06-21 15:36:31.528] [2817] [HailoRT] [info] [queue_elements.cpp:68] [operator()] Thread in element PullQEl_hw_read15yolov8n/conv52 is not running anymore, exiting..
[2026-06-21 15:36:31.528] [2798] [HailoRT] [info] [queue_elements.cpp:46] [~BaseQueueElement] Queue element PullQEl_hw_read15yolov8n/conv52 has 0 frames in his Queue on destruction
[2026-06-21 15:36:31.528] [2818] [HailoRT] [info] [queue_elements.cpp:68] [operator()] Thread in element UserBuffQEl15yolov8n/conv52 is not running anymore, exiting..
[2026-06-21 15:36:31.528] [2798] [HailoRT] [info] [queue_elements.cpp:46] [~BaseQueueElement] Queue element UserBuffQEl15yolov8n/conv52 has 0 frames in his Queue on destruction
[2026-06-21 15:36:31.528] [2819] [HailoRT] [info] [vdevice_native_stream.cpp:331] [read_impl] Failed read from stream HAILO_STREAM_ABORT(63) (device: 0001:01:00.0)
[2026-06-21 15:36:31.528] [2819] [HailoRT] [info] [edge_elements.cpp:396] [run_pull] Reading from stream was aborted!
[2026-06-21 15:36:31.528] [2820] [HailoRT] [info] [queue_elements.cpp:855] [run_in_thread] Shutdown event was signaled in dequeue of UserBuffQEl14yolov8n/conv53!
[2026-06-21 15:36:31.529] [2819] [HailoRT] [info] [queue_elements.cpp:738] [run_in_thread] run_pull of queue element PullQEl_hw_read14yolov8n/conv53 was aborted!
[2026-06-21 15:36:31.529] [2819] [HailoRT] [info] [queue_elements.cpp:68] [operator()] Thread in element PullQEl_hw_read14yolov8n/conv53 is not running anymore, exiting..
[2026-06-21 15:36:31.529] [2798] [HailoRT] [info] [queue_elements.cpp:46] [~BaseQueueElement] Queue element PullQEl_hw_read14yolov8n/conv53 has 0 frames in his Queue on destruction
[2026-06-21 15:36:31.529] [2820] [HailoRT] [info] [queue_elements.cpp:68] [operator()] Thread in element UserBuffQEl14yolov8n/conv53 is not running anymore, exiting..
[2026-06-21 15:36:31.529] [2798] [HailoRT] [info] [queue_elements.cpp:46] [~BaseQueueElement] Queue element UserBuffQEl14yolov8n/conv53 has 0 frames in his Queue on destruction
[2026-06-21 15:36:31.529] [2821] [HailoRT] [info] [vdevice_native_stream.cpp:331] [read_impl] Failed read from stream HAILO_STREAM_ABORT(63) (device: 0001:01:00.0)
[2026-06-21 15:36:31.529] [2821] [HailoRT] [info] [edge_elements.cpp:396] [run_pull] Reading from stream was aborted!
[2026-06-21 15:36:31.529] [2822] [HailoRT] [info] [queue_elements.cpp:855] [run_in_thread] Shutdown event was signaled in dequeue of UserBuffQEl8yolov8n/conv62!
[2026-06-21 15:36:31.529] [2821] [HailoRT] [info] [queue_elements.cpp:738] [run_in_thread] run_pull of queue element PullQEl_hw_read8yolov8n/conv62 was aborted!
[2026-06-21 15:36:31.529] [2821] [HailoRT] [info] [queue_elements.cpp:68] [operator()] Thread in element PullQEl_hw_read8yolov8n/conv62 is not running anymore, exiting..
[2026-06-21 15:36:31.529] [2798] [HailoRT] [info] [queue_elements.cpp:46] [~BaseQueueElement] Queue element PullQEl_hw_read8yolov8n/conv62 has 0 frames in his Queue on destruction
[2026-06-21 15:36:31.529] [2822] [HailoRT] [info] [queue_elements.cpp:68] [operator()] Thread in element UserBuffQEl8yolov8n/conv62 is not running anymore, exiting..
[2026-06-21 15:36:31.529] [2798] [HailoRT] [info] [queue_elements.cpp:46] [~BaseQueueElement] Queue element UserBuffQEl8yolov8n/conv62 has 0 frames in his Queue on destruction
[2026-06-21 15:36:31.529] [2824] [HailoRT] [info] [queue_elements.cpp:855] [run_in_thread] Shutdown event was signaled in dequeue of UserBuffQEl2yolov8n/conv63!
[2026-06-21 15:36:31.529] [2823] [HailoRT] [info] [vdevice_native_stream.cpp:331] [read_impl] Failed read from stream HAILO_STREAM_ABORT(63) (device: 0001:01:00.0)
[2026-06-21 15:36:31.529] [2823] [HailoRT] [info] [edge_elements.cpp:396] [run_pull] Reading from stream was aborted!
[2026-06-21 15:36:31.529] [2823] [HailoRT] [info] [queue_elements.cpp:738] [run_in_thread] run_pull of queue element PullQEl_hw_read2yolov8n/conv63 was aborted!
[2026-06-21 15:36:31.529] [2823] [HailoRT] [info] [queue_elements.cpp:68] [operator()] Thread in element PullQEl_hw_read2yolov8n/conv63 is not running anymore, exiting..
[2026-06-21 15:36:31.529] [2798] [HailoRT] [info] [queue_elements.cpp:46] [~BaseQueueElement] Queue element PullQEl_hw_read2yolov8n/conv63 has 0 frames in his Queue on destruction
[2026-06-21 15:36:31.529] [2824] [HailoRT] [info] [queue_elements.cpp:68] [operator()] Thread in element UserBuffQEl2yolov8n/conv63 is not running anymore, exiting..
[2026-06-21 15:36:31.529] [2798] [HailoRT] [info] [queue_elements.cpp:46] [~BaseQueueElement] Queue element UserBuffQEl2yolov8n/conv63 has 0 frames in his Queue on destruction
[2026-06-21 15:36:31.529] [2798] [HailoRT] [info] [core_op.cpp:186] [deactivate] Deactivating took 0.432326 ms
[2026-06-21 15:36:31.529] [2798] [HailoRT] [info] [core_op.cpp:186] [deactivate] Deactivating took 0.451142 ms
[2026-06-21 15:37:57.510] [3418] [HailoRT] [info] [vdevice.cpp:535] [create] Creating vdevice with params: device_count: 1, scheduling_algorithm: NONE, multi_process_service: false
[2026-06-21 15:37:57.522] [3418] [HailoRT] [info] [device.cpp:51] [Device] OS Version: Linux 6.18.33+rpt-rpi-2712 #1 SMP PREEMPT Debian 1:6.18.33-1+rpt1 (2026-06-01) aarch64
[2026-06-21 15:37:57.522] [3418] [HailoRT] [info] [control.cpp:113] [control__parse_identify_results] firmware_version is: 4.23.0
[2026-06-21 15:37:57.522] [3418] [HailoRT] [info] [vdevice.cpp:682] [create] VDevice Infos: 0001:01:00.0
[2026-06-21 15:37:57.527] [3418] [HailoRT] [info] [internal_buffer_manager.cpp:75] [print_execution_results] Default Internal buffer planner failed to meet requirements
[2026-06-21 15:37:57.527] [3418] [HailoRT] [info] [internal_buffer_manager.cpp:86] [print_execution_results] Default Internal buffer planner executed successfully
[2026-06-21 15:37:57.542] [3418] [HailoRT] [info] [device_internal.cpp:57] [configure] Configuring HEF took 19.446555 milliseconds
[2026-06-21 15:37:57.542] [3418] [HailoRT] [info] [vdevice.cpp:780] [configure] Configuring HEF on VDevice took 19.792671 milliseconds
[2026-06-21 15:37:57.542] [3418] [HailoRT] [info] [hef.cpp:1994] [get_network_group_and_network_name] No name was given. Addressing all networks of default network_group: yolov8n
[2026-06-21 15:37:57.542] [3418] [HailoRT] [info] [hef.cpp:1994] [get_network_group_and_network_name] No name was given. Addressing all networks of default network_group: yolov8n
[2026-06-21 15:37:57.544] [3418] [HailoRT] [info] [core_op.cpp:156] [activate] Activating yolov8n took 0.711381 milliseconds. Note that the function is asynchronous and thus the network is not fully activated yet.
[2026-06-21 15:37:57.544] [3418] [HailoRT] [info] [core_op.cpp:156] [activate] Activating yolov8n took 0.726808 milliseconds. Note that the function is asynchronous and thus the network is not fully activated yet.
[2026-06-21 15:37:57.544] [3418] [HailoRT] [info] [edge_elements.cpp:52] [create] Created (HwWriteEl11yolov8n/input_layer1 | hw_frame_size: 1228800)
[2026-06-21 15:37:57.544] [3418] [HailoRT] [info] [vstream.cpp:754] [InputVStreamImpl] Creating yolov8n/input_layer1...
[2026-06-21 15:37:57.544] [3418] [HailoRT] [info] [vstream_builder.cpp:102] [create_inputs] Input pipeline 'yolov8n/input_layer1': (HwWriteEl11yolov8n/input_layer1 | hw_frame_size: 1228800) >> HW
[2026-06-21 15:37:57.544] [3418] [HailoRT] [info] [edge_elements.cpp:287] [create] Created (HwReadEl13yolov8n/conv41 | hw_frame_size: 409600)
[2026-06-21 15:37:57.554] [3418] [HailoRT] [info] [queue_elements.cpp:657] [create] Created (PullQEl_hw_read13yolov8n/conv41)
[2026-06-21 15:37:57.554] [3418] [HailoRT] [info] [filter_elements.cpp:372] [create] Created (PostInferEl13yolov8n/conv41 | Quantization - src_type: UINT8, dst_type FLOAT32, limvals_min: -15.2439, limvals_max: 13.765)
[2026-06-21 15:37:57.554] [3418] [HailoRT] [info] [queue_elements.cpp:800] [create] Created (UserBuffQEl13yolov8n/conv41 | timeout: 10s)
[2026-06-21 15:37:57.554] [3418] [HailoRT] [info] [vstream.cpp:1114] [OutputVStreamImpl] Creating yolov8n/conv41...
[2026-06-21 15:37:57.554] [3418] [HailoRT] [info] [vstream_builder.cpp:220] [create_outputs] Output pipeline 'yolov8n/conv41': HW >> (HwReadEl13yolov8n/conv41 | hw_frame_size: 409600) >> (PullQEl_hw_read13yolov8n/conv41) >> (PostInferEl13yolov8n/conv41 | Quantization - src_type: UINT8, dst_type FLOAT32, limvals_min: -15.2439, limvals_max: 13.765) >> (UserBuffQEl13yolov8n/conv41 | timeout: 10s)
[2026-06-21 15:37:57.554] [3418] [HailoRT] [info] [edge_elements.cpp:287] [create] Created (HwReadEl12yolov8n/conv42 | hw_frame_size: 32000)
[2026-06-21 15:37:57.554] [3418] [HailoRT] [info] [queue_elements.cpp:657] [create] Created (PullQEl_hw_read12yolov8n/conv42)
[2026-06-21 15:37:57.554] [3418] [HailoRT] [info] [filter_elements.cpp:372] [create] Created (PostInferEl12yolov8n/conv42 | Quantization - src_type: UINT8, dst_type FLOAT32, limvals_min: 0, limvals_max: 1)
[2026-06-21 15:37:57.554] [3418] [HailoRT] [info] [queue_elements.cpp:800] [create] Created (UserBuffQEl12yolov8n/conv42 | timeout: 10s)
[2026-06-21 15:37:57.554] [3418] [HailoRT] [info] [vstream.cpp:1114] [OutputVStreamImpl] Creating yolov8n/conv42...
[2026-06-21 15:37:57.554] [3418] [HailoRT] [info] [vstream_builder.cpp:220] [create_outputs] Output pipeline 'yolov8n/conv42': HW >> (HwReadEl12yolov8n/conv42 | hw_frame_size: 32000) >> (PullQEl_hw_read12yolov8n/conv42) >> (PostInferEl12yolov8n/conv42 | Quantization - src_type: UINT8, dst_type FLOAT32, limvals_min: 0, limvals_max: 1) >> (UserBuffQEl12yolov8n/conv42 | timeout: 10s)
[2026-06-21 15:37:57.554] [3418] [HailoRT] [info] [edge_elements.cpp:287] [create] Created (HwReadEl15yolov8n/conv52 | hw_frame_size: 102400)
[2026-06-21 15:37:57.554] [3418] [HailoRT] [info] [queue_elements.cpp:657] [create] Created (PullQEl_hw_read15yolov8n/conv52)
[2026-06-21 15:37:57.554] [3418] [HailoRT] [info] [filter_elements.cpp:372] [create] Created (PostInferEl15yolov8n/conv52 | Quantization - src_type: UINT8, dst_type FLOAT32, limvals_min: -14.8019, limvals_max: 12.3526)
[2026-06-21 15:37:57.554] [3418] [HailoRT] [info] [queue_elements.cpp:800] [create] Created (UserBuffQEl15yolov8n/conv52 | timeout: 10s)
[2026-06-21 15:37:57.554] [3418] [HailoRT] [info] [vstream.cpp:1114] [OutputVStreamImpl] Creating yolov8n/conv52...
[2026-06-21 15:37:57.554] [3418] [HailoRT] [info] [vstream_builder.cpp:220] [create_outputs] Output pipeline 'yolov8n/conv52': HW >> (HwReadEl15yolov8n/conv52 | hw_frame_size: 102400) >> (PullQEl_hw_read15yolov8n/conv52) >> (PostInferEl15yolov8n/conv52 | Quantization - src_type: UINT8, dst_type FLOAT32, limvals_min: -14.8019, limvals_max: 12.3526) >> (UserBuffQEl15yolov8n/conv52 | timeout: 10s)
[2026-06-21 15:37:57.554] [3418] [HailoRT] [info] [edge_elements.cpp:287] [create] Created (HwReadEl14yolov8n/conv53 | hw_frame_size: 8000)
[2026-06-21 15:37:57.554] [3418] [HailoRT] [info] [queue_elements.cpp:657] [create] Created (PullQEl_hw_read14yolov8n/conv53)
[2026-06-21 15:37:57.554] [3418] [HailoRT] [info] [filter_elements.cpp:372] [create] Created (PostInferEl14yolov8n/conv53 | Quantization - src_type: UINT8, dst_type FLOAT32, limvals_min: 0, limvals_max: 1)
[2026-06-21 15:37:57.554] [3418] [HailoRT] [info] [queue_elements.cpp:800] [create] Created (UserBuffQEl14yolov8n/conv53 | timeout: 10s)
[2026-06-21 15:37:57.554] [3418] [HailoRT] [info] [vstream.cpp:1114] [OutputVStreamImpl] Creating yolov8n/conv53...
[2026-06-21 15:37:57.554] [3418] [HailoRT] [info] [vstream_builder.cpp:220] [create_outputs] Output pipeline 'yolov8n/conv53': HW >> (HwReadEl14yolov8n/conv53 | hw_frame_size: 8000) >> (PullQEl_hw_read14yolov8n/conv53) >> (PostInferEl14yolov8n/conv53 | Quantization - src_type: UINT8, dst_type FLOAT32, limvals_min: 0, limvals_max: 1) >> (UserBuffQEl14yolov8n/conv53 | timeout: 10s)
[2026-06-21 15:37:57.554] [3418] [HailoRT] [info] [edge_elements.cpp:287] [create] Created (HwReadEl8yolov8n/conv62 | hw_frame_size: 25600)
[2026-06-21 15:37:57.554] [3418] [HailoRT] [info] [queue_elements.cpp:657] [create] Created (PullQEl_hw_read8yolov8n/conv62)
[2026-06-21 15:37:57.554] [3418] [HailoRT] [info] [filter_elements.cpp:372] [create] Created (PostInferEl8yolov8n/conv62 | Quantization - src_type: UINT8, dst_type FLOAT32, limvals_min: -15.9876, limvals_max: 12.1285)
[2026-06-21 15:37:57.554] [3418] [HailoRT] [info] [queue_elements.cpp:800] [create] Created (UserBuffQEl8yolov8n/conv62 | timeout: 10s)
[2026-06-21 15:37:57.554] [3418] [HailoRT] [info] [vstream.cpp:1114] [OutputVStreamImpl] Creating yolov8n/conv62...
[2026-06-21 15:37:57.554] [3418] [HailoRT] [info] [vstream_builder.cpp:220] [create_outputs] Output pipeline 'yolov8n/conv62': HW >> (HwReadEl8yolov8n/conv62 | hw_frame_size: 25600) >> (PullQEl_hw_read8yolov8n/conv62) >> (PostInferEl8yolov8n/conv62 | Quantization - src_type: UINT8, dst_type FLOAT32, limvals_min: -15.9876, limvals_max: 12.1285) >> (UserBuffQEl8yolov8n/conv62 | timeout: 10s)
[2026-06-21 15:37:57.554] [3418] [HailoRT] [info] [edge_elements.cpp:287] [create] Created (HwReadEl2yolov8n/conv63 | hw_frame_size: 2000)
[2026-06-21 15:37:57.554] [3418] [HailoRT] [info] [queue_elements.cpp:657] [create] Created (PullQEl_hw_read2yolov8n/conv63)
[2026-06-21 15:37:57.554] [3418] [HailoRT] [info] [filter_elements.cpp:372] [create] Created (PostInferEl2yolov8n/conv63 | Quantization - src_type: UINT8, dst_type FLOAT32, limvals_min: 0, limvals_max: 1 | Reorder - src_order: NHCW, src_shape: (20, 20, 5), dst_order: NHWC, dst_shape: (20, 20, 5))
[2026-06-21 15:37:57.555] [3418] [HailoRT] [info] [queue_elements.cpp:800] [create] Created (UserBuffQEl2yolov8n/conv63 | timeout: 10s)
[2026-06-21 15:37:57.555] [3418] [HailoRT] [info] [vstream.cpp:1114] [OutputVStreamImpl] Creating yolov8n/conv63...
[2026-06-21 15:37:57.555] [3418] [HailoRT] [info] [vstream_builder.cpp:220] [create_outputs] Output pipeline 'yolov8n/conv63': HW >> (HwReadEl2yolov8n/conv63 | hw_frame_size: 2000) >> (PullQEl_hw_read2yolov8n/conv63) >> (PostInferEl2yolov8n/conv63 | Quantization - src_type: UINT8, dst_type FLOAT32, limvals_min: 0, limvals_max: 1 | Reorder - src_order: NHCW, src_shape: (20, 20, 5), dst_order: NHWC, dst_shape: (20, 20, 5)) >> (UserBuffQEl2yolov8n/conv63 | timeout: 10s)
[2026-06-21 15:38:10.456] [3433] [HailoRT] [info] [queue_elements.cpp:855] [run_in_thread] Shutdown event was signaled in dequeue of UserBuffQEl13yolov8n/conv41!
[2026-06-21 15:38:10.456] [3432] [HailoRT] [info] [vdevice_native_stream.cpp:331] [read_impl] Failed read from stream HAILO_STREAM_ABORT(63) (device: 0001:01:00.0)
[2026-06-21 15:38:10.456] [3432] [HailoRT] [info] [edge_elements.cpp:396] [run_pull] Reading from stream was aborted!
[2026-06-21 15:38:10.456] [3432] [HailoRT] [info] [queue_elements.cpp:738] [run_in_thread] run_pull of queue element PullQEl_hw_read13yolov8n/conv41 was aborted!
[2026-06-21 15:38:10.456] [3432] [HailoRT] [info] [queue_elements.cpp:68] [operator()] Thread in element PullQEl_hw_read13yolov8n/conv41 is not running anymore, exiting..
[2026-06-21 15:38:10.456] [3418] [HailoRT] [info] [queue_elements.cpp:46] [~BaseQueueElement] Queue element PullQEl_hw_read13yolov8n/conv41 has 0 frames in his Queue on destruction
[2026-06-21 15:38:10.456] [3433] [HailoRT] [info] [queue_elements.cpp:68] [operator()] Thread in element UserBuffQEl13yolov8n/conv41 is not running anymore, exiting..
[2026-06-21 15:38:10.456] [3418] [HailoRT] [info] [queue_elements.cpp:46] [~BaseQueueElement] Queue element UserBuffQEl13yolov8n/conv41 has 0 frames in his Queue on destruction
[2026-06-21 15:38:10.456] [3435] [HailoRT] [info] [queue_elements.cpp:855] [run_in_thread] Shutdown event was signaled in dequeue of UserBuffQEl12yolov8n/conv42!
[2026-06-21 15:38:10.456] [3434] [HailoRT] [info] [vdevice_native_stream.cpp:331] [read_impl] Failed read from stream HAILO_STREAM_ABORT(63) (device: 0001:01:00.0)
[2026-06-21 15:38:10.456] [3434] [HailoRT] [info] [edge_elements.cpp:396] [run_pull] Reading from stream was aborted!
[2026-06-21 15:38:10.456] [3434] [HailoRT] [info] [queue_elements.cpp:738] [run_in_thread] run_pull of queue element PullQEl_hw_read12yolov8n/conv42 was aborted!
[2026-06-21 15:38:10.456] [3434] [HailoRT] [info] [queue_elements.cpp:68] [operator()] Thread in element PullQEl_hw_read12yolov8n/conv42 is not running anymore, exiting..
[2026-06-21 15:38:10.456] [3418] [HailoRT] [info] [queue_elements.cpp:46] [~BaseQueueElement] Queue element PullQEl_hw_read12yolov8n/conv42 has 0 frames in his Queue on destruction
[2026-06-21 15:38:10.456] [3435] [HailoRT] [info] [queue_elements.cpp:68] [operator()] Thread in element UserBuffQEl12yolov8n/conv42 is not running anymore, exiting..
[2026-06-21 15:38:10.456] [3418] [HailoRT] [info] [queue_elements.cpp:46] [~BaseQueueElement] Queue element UserBuffQEl12yolov8n/conv42 has 0 frames in his Queue on destruction
[2026-06-21 15:38:10.456] [3437] [HailoRT] [info] [queue_elements.cpp:855] [run_in_thread] Shutdown event was signaled in dequeue of UserBuffQEl15yolov8n/conv52!
[2026-06-21 15:38:10.456] [3436] [HailoRT] [info] [vdevice_native_stream.cpp:331] [read_impl] Failed read from stream HAILO_STREAM_ABORT(63) (device: 0001:01:00.0)
[2026-06-21 15:38:10.456] [3436] [HailoRT] [info] [edge_elements.cpp:396] [run_pull] Reading from stream was aborted!
[2026-06-21 15:38:10.456] [3436] [HailoRT] [info] [queue_elements.cpp:738] [run_in_thread] run_pull of queue element PullQEl_hw_read15yolov8n/conv52 was aborted!
[2026-06-21 15:38:10.456] [3436] [HailoRT] [info] [queue_elements.cpp:68] [operator()] Thread in element PullQEl_hw_read15yolov8n/conv52 is not running anymore, exiting..
[2026-06-21 15:38:10.457] [3418] [HailoRT] [info] [queue_elements.cpp:46] [~BaseQueueElement] Queue element PullQEl_hw_read15yolov8n/conv52 has 0 frames in his Queue on destruction
[2026-06-21 15:38:10.457] [3437] [HailoRT] [info] [queue_elements.cpp:68] [operator()] Thread in element UserBuffQEl15yolov8n/conv52 is not running anymore, exiting..
[2026-06-21 15:38:10.457] [3418] [HailoRT] [info] [queue_elements.cpp:46] [~BaseQueueElement] Queue element UserBuffQEl15yolov8n/conv52 has 0 frames in his Queue on destruction
[2026-06-21 15:38:10.457] [3438] [HailoRT] [info] [vdevice_native_stream.cpp:331] [read_impl] Failed read from stream HAILO_STREAM_ABORT(63) (device: 0001:01:00.0)
[2026-06-21 15:38:10.457] [3438] [HailoRT] [info] [edge_elements.cpp:396] [run_pull] Reading from stream was aborted!
[2026-06-21 15:38:10.457] [3439] [HailoRT] [info] [queue_elements.cpp:855] [run_in_thread] Shutdown event was signaled in dequeue of UserBuffQEl14yolov8n/conv53!
[2026-06-21 15:38:10.457] [3438] [HailoRT] [info] [queue_elements.cpp:738] [run_in_thread] run_pull of queue element PullQEl_hw_read14yolov8n/conv53 was aborted!
[2026-06-21 15:38:10.457] [3438] [HailoRT] [info] [queue_elements.cpp:68] [operator()] Thread in element PullQEl_hw_read14yolov8n/conv53 is not running anymore, exiting..
[2026-06-21 15:38:10.457] [3418] [HailoRT] [info] [queue_elements.cpp:46] [~BaseQueueElement] Queue element PullQEl_hw_read14yolov8n/conv53 has 0 frames in his Queue on destruction
[2026-06-21 15:38:10.457] [3439] [HailoRT] [info] [queue_elements.cpp:68] [operator()] Thread in element UserBuffQEl14yolov8n/conv53 is not running anymore, exiting..
[2026-06-21 15:38:10.457] [3418] [HailoRT] [info] [queue_elements.cpp:46] [~BaseQueueElement] Queue element UserBuffQEl14yolov8n/conv53 has 0 frames in his Queue on destruction
[2026-06-21 15:38:10.457] [3440] [HailoRT] [info] [vdevice_native_stream.cpp:331] [read_impl] Failed read from stream HAILO_STREAM_ABORT(63) (device: 0001:01:00.0)
[2026-06-21 15:38:10.457] [3440] [HailoRT] [info] [edge_elements.cpp:396] [run_pull] Reading from stream was aborted!
[2026-06-21 15:38:10.457] [3441] [HailoRT] [info] [queue_elements.cpp:855] [run_in_thread] Shutdown event was signaled in dequeue of UserBuffQEl8yolov8n/conv62!
[2026-06-21 15:38:10.457] [3440] [HailoRT] [info] [queue_elements.cpp:738] [run_in_thread] run_pull of queue element PullQEl_hw_read8yolov8n/conv62 was aborted!
[2026-06-21 15:38:10.457] [3440] [HailoRT] [info] [queue_elements.cpp:68] [operator()] Thread in element PullQEl_hw_read8yolov8n/conv62 is not running anymore, exiting..
[2026-06-21 15:38:10.457] [3418] [HailoRT] [info] [queue_elements.cpp:46] [~BaseQueueElement] Queue element PullQEl_hw_read8yolov8n/conv62 has 0 frames in his Queue on destruction
[2026-06-21 15:38:10.457] [3441] [HailoRT] [info] [queue_elements.cpp:68] [operator()] Thread in element UserBuffQEl8yolov8n/conv62 is not running anymore, exiting..
[2026-06-21 15:38:10.457] [3418] [HailoRT] [info] [queue_elements.cpp:46] [~BaseQueueElement] Queue element UserBuffQEl8yolov8n/conv62 has 0 frames in his Queue on destruction
[2026-06-21 15:38:10.457] [3442] [HailoRT] [info] [vdevice_native_stream.cpp:331] [read_impl] Failed read from stream HAILO_STREAM_ABORT(63) (device: 0001:01:00.0)
[2026-06-21 15:38:10.457] [3442] [HailoRT] [info] [edge_elements.cpp:396] [run_pull] Reading from stream was aborted!
[2026-06-21 15:38:10.457] [3443] [HailoRT] [info] [queue_elements.cpp:855] [run_in_thread] Shutdown event was signaled in dequeue of UserBuffQEl2yolov8n/conv63!
[2026-06-21 15:38:10.457] [3442] [HailoRT] [info] [queue_elements.cpp:738] [run_in_thread] run_pull of queue element PullQEl_hw_read2yolov8n/conv63 was aborted!
[2026-06-21 15:38:10.457] [3442] [HailoRT] [info] [queue_elements.cpp:68] [operator()] Thread in element PullQEl_hw_read2yolov8n/conv63 is not running anymore, exiting..
[2026-06-21 15:38:10.457] [3418] [HailoRT] [info] [queue_elements.cpp:46] [~BaseQueueElement] Queue element PullQEl_hw_read2yolov8n/conv63 has 0 frames in his Queue on destruction
[2026-06-21 15:38:10.457] [3443] [HailoRT] [info] [queue_elements.cpp:68] [operator()] Thread in element UserBuffQEl2yolov8n/conv63 is not running anymore, exiting..
[2026-06-21 15:38:10.457] [3418] [HailoRT] [info] [queue_elements.cpp:46] [~BaseQueueElement] Queue element UserBuffQEl2yolov8n/conv63 has 0 frames in his Queue on destruction
[2026-06-21 15:38:10.457] [3418] [HailoRT] [info] [core_op.cpp:186] [deactivate] Deactivating took 0.425955 ms
[2026-06-21 15:38:10.457] [3418] [HailoRT] [info] [core_op.cpp:186] [deactivate] Deactivating took 0.4439 ms
[2026-06-21 15:40:01.764] [4784] [HailoRT] [info] [vdevice.cpp:535] [create] Creating vdevice with params: device_count: 1, scheduling_algorithm: NONE, multi_process_service: false
[2026-06-21 15:40:01.777] [4784] [HailoRT] [info] [device.cpp:51] [Device] OS Version: Linux 6.18.33+rpt-rpi-2712 #1 SMP PREEMPT Debian 1:6.18.33-1+rpt1 (2026-06-01) aarch64
[2026-06-21 15:40:01.777] [4784] [HailoRT] [info] [control.cpp:113] [control__parse_identify_results] firmware_version is: 4.23.0
[2026-06-21 15:40:01.777] [4784] [HailoRT] [info] [vdevice.cpp:682] [create] VDevice Infos: 0001:01:00.0
[2026-06-21 15:40:01.783] [4784] [HailoRT] [info] [internal_buffer_manager.cpp:75] [print_execution_results] Default Internal buffer planner failed to meet requirements
[2026-06-21 15:40:01.783] [4784] [HailoRT] [info] [internal_buffer_manager.cpp:86] [print_execution_results] Default Internal buffer planner executed successfully
[2026-06-21 15:40:01.797] [4784] [HailoRT] [info] [device_internal.cpp:57] [configure] Configuring HEF took 19.431235 milliseconds
[2026-06-21 15:40:01.797] [4784] [HailoRT] [info] [vdevice.cpp:780] [configure] Configuring HEF on VDevice took 19.754665 milliseconds
[2026-06-21 15:40:01.797] [4784] [HailoRT] [info] [hef.cpp:1994] [get_network_group_and_network_name] No name was given. Addressing all networks of default network_group: yolov8n
[2026-06-21 15:40:01.797] [4784] [HailoRT] [info] [hef.cpp:1994] [get_network_group_and_network_name] No name was given. Addressing all networks of default network_group: yolov8n
[2026-06-21 15:40:01.798] [4784] [HailoRT] [info] [core_op.cpp:156] [activate] Activating yolov8n took 0.646043 milliseconds. Note that the function is asynchronous and thus the network is not fully activated yet.
[2026-06-21 15:40:01.798] [4784] [HailoRT] [info] [core_op.cpp:156] [activate] Activating yolov8n took 0.662229 milliseconds. Note that the function is asynchronous and thus the network is not fully activated yet.
[2026-06-21 15:40:01.798] [4784] [HailoRT] [info] [edge_elements.cpp:52] [create] Created (HwWriteEl11yolov8n/input_layer1 | hw_frame_size: 1228800)
[2026-06-21 15:40:01.798] [4784] [HailoRT] [info] [vstream.cpp:754] [InputVStreamImpl] Creating yolov8n/input_layer1...
[2026-06-21 15:40:01.798] [4784] [HailoRT] [info] [vstream_builder.cpp:102] [create_inputs] Input pipeline 'yolov8n/input_layer1': (HwWriteEl11yolov8n/input_layer1 | hw_frame_size: 1228800) >> HW
[2026-06-21 15:40:01.799] [4784] [HailoRT] [info] [edge_elements.cpp:287] [create] Created (HwReadEl13yolov8n/conv41 | hw_frame_size: 409600)
[2026-06-21 15:40:01.810] [4784] [HailoRT] [info] [queue_elements.cpp:657] [create] Created (PullQEl_hw_read13yolov8n/conv41)
[2026-06-21 15:40:01.810] [4784] [HailoRT] [info] [filter_elements.cpp:372] [create] Created (PostInferEl13yolov8n/conv41 | Quantization - src_type: UINT8, dst_type FLOAT32, limvals_min: -15.2439, limvals_max: 13.765)
[2026-06-21 15:40:01.810] [4784] [HailoRT] [info] [queue_elements.cpp:800] [create] Created (UserBuffQEl13yolov8n/conv41 | timeout: 10s)
[2026-06-21 15:40:01.810] [4784] [HailoRT] [info] [vstream.cpp:1114] [OutputVStreamImpl] Creating yolov8n/conv41...
[2026-06-21 15:40:01.810] [4784] [HailoRT] [info] [vstream_builder.cpp:220] [create_outputs] Output pipeline 'yolov8n/conv41': HW >> (HwReadEl13yolov8n/conv41 | hw_frame_size: 409600) >> (PullQEl_hw_read13yolov8n/conv41) >> (PostInferEl13yolov8n/conv41 | Quantization - src_type: UINT8, dst_type FLOAT32, limvals_min: -15.2439, limvals_max: 13.765) >> (UserBuffQEl13yolov8n/conv41 | timeout: 10s)
[2026-06-21 15:40:01.810] [4784] [HailoRT] [info] [edge_elements.cpp:287] [create] Created (HwReadEl12yolov8n/conv42 | hw_frame_size: 32000)
[2026-06-21 15:40:01.810] [4784] [HailoRT] [info] [queue_elements.cpp:657] [create] Created (PullQEl_hw_read12yolov8n/conv42)
[2026-06-21 15:40:01.810] [4784] [HailoRT] [info] [filter_elements.cpp:372] [create] Created (PostInferEl12yolov8n/conv42 | Quantization - src_type: UINT8, dst_type FLOAT32, limvals_min: 0, limvals_max: 1)
[2026-06-21 15:40:01.810] [4784] [HailoRT] [info] [queue_elements.cpp:800] [create] Created (UserBuffQEl12yolov8n/conv42 | timeout: 10s)
[2026-06-21 15:40:01.810] [4784] [HailoRT] [info] [vstream.cpp:1114] [OutputVStreamImpl] Creating yolov8n/conv42...
[2026-06-21 15:40:01.810] [4784] [HailoRT] [info] [vstream_builder.cpp:220] [create_outputs] Output pipeline 'yolov8n/conv42': HW >> (HwReadEl12yolov8n/conv42 | hw_frame_size: 32000) >> (PullQEl_hw_read12yolov8n/conv42) >> (PostInferEl12yolov8n/conv42 | Quantization - src_type: UINT8, dst_type FLOAT32, limvals_min: 0, limvals_max: 1) >> (UserBuffQEl12yolov8n/conv42 | timeout: 10s)
[2026-06-21 15:40:01.810] [4784] [HailoRT] [info] [edge_elements.cpp:287] [create] Created (HwReadEl15yolov8n/conv52 | hw_frame_size: 102400)
[2026-06-21 15:40:01.810] [4784] [HailoRT] [info] [queue_elements.cpp:657] [create] Created (PullQEl_hw_read15yolov8n/conv52)
[2026-06-21 15:40:01.810] [4784] [HailoRT] [info] [filter_elements.cpp:372] [create] Created (PostInferEl15yolov8n/conv52 | Quantization - src_type: UINT8, dst_type FLOAT32, limvals_min: -14.8019, limvals_max: 12.3526)
[2026-06-21 15:40:01.810] [4784] [HailoRT] [info] [queue_elements.cpp:800] [create] Created (UserBuffQEl15yolov8n/conv52 | timeout: 10s)
[2026-06-21 15:40:01.810] [4784] [HailoRT] [info] [vstream.cpp:1114] [OutputVStreamImpl] Creating yolov8n/conv52...
[2026-06-21 15:40:01.810] [4784] [HailoRT] [info] [vstream_builder.cpp:220] [create_outputs] Output pipeline 'yolov8n/conv52': HW >> (HwReadEl15yolov8n/conv52 | hw_frame_size: 102400) >> (PullQEl_hw_read15yolov8n/conv52) >> (PostInferEl15yolov8n/conv52 | Quantization - src_type: UINT8, dst_type FLOAT32, limvals_min: -14.8019, limvals_max: 12.3526) >> (UserBuffQEl15yolov8n/conv52 | timeout: 10s)
[2026-06-21 15:40:01.810] [4784] [HailoRT] [info] [edge_elements.cpp:287] [create] Created (HwReadEl14yolov8n/conv53 | hw_frame_size: 8000)
[2026-06-21 15:40:01.810] [4784] [HailoRT] [info] [queue_elements.cpp:657] [create] Created (PullQEl_hw_read14yolov8n/conv53)
[2026-06-21 15:40:01.810] [4784] [HailoRT] [info] [filter_elements.cpp:372] [create] Created (PostInferEl14yolov8n/conv53 | Quantization - src_type: UINT8, dst_type FLOAT32, limvals_min: 0, limvals_max: 1)
[2026-06-21 15:40:01.810] [4784] [HailoRT] [info] [queue_elements.cpp:800] [create] Created (UserBuffQEl14yolov8n/conv53 | timeout: 10s)
[2026-06-21 15:40:01.810] [4784] [HailoRT] [info] [vstream.cpp:1114] [OutputVStreamImpl] Creating yolov8n/conv53...
[2026-06-21 15:40:01.810] [4784] [HailoRT] [info] [vstream_builder.cpp:220] [create_outputs] Output pipeline 'yolov8n/conv53': HW >> (HwReadEl14yolov8n/conv53 | hw_frame_size: 8000) >> (PullQEl_hw_read14yolov8n/conv53) >> (PostInferEl14yolov8n/conv53 | Quantization - src_type: UINT8, dst_type FLOAT32, limvals_min: 0, limvals_max: 1) >> (UserBuffQEl14yolov8n/conv53 | timeout: 10s)
[2026-06-21 15:40:01.810] [4784] [HailoRT] [info] [edge_elements.cpp:287] [create] Created (HwReadEl8yolov8n/conv62 | hw_frame_size: 25600)
[2026-06-21 15:40:01.810] [4784] [HailoRT] [info] [queue_elements.cpp:657] [create] Created (PullQEl_hw_read8yolov8n/conv62)
[2026-06-21 15:40:01.810] [4784] [HailoRT] [info] [filter_elements.cpp:372] [create] Created (PostInferEl8yolov8n/conv62 | Quantization - src_type: UINT8, dst_type FLOAT32, limvals_min: -15.9876, limvals_max: 12.1285)
[2026-06-21 15:40:01.810] [4784] [HailoRT] [info] [queue_elements.cpp:800] [create] Created (UserBuffQEl8yolov8n/conv62 | timeout: 10s)
[2026-06-21 15:40:01.810] [4784] [HailoRT] [info] [vstream.cpp:1114] [OutputVStreamImpl] Creating yolov8n/conv62...
[2026-06-21 15:40:01.810] [4784] [HailoRT] [info] [vstream_builder.cpp:220] [create_outputs] Output pipeline 'yolov8n/conv62': HW >> (HwReadEl8yolov8n/conv62 | hw_frame_size: 25600) >> (PullQEl_hw_read8yolov8n/conv62) >> (PostInferEl8yolov8n/conv62 | Quantization - src_type: UINT8, dst_type FLOAT32, limvals_min: -15.9876, limvals_max: 12.1285) >> (UserBuffQEl8yolov8n/conv62 | timeout: 10s)
[2026-06-21 15:40:01.811] [4784] [HailoRT] [info] [edge_elements.cpp:287] [create] Created (HwReadEl2yolov8n/conv63 | hw_frame_size: 2000)
[2026-06-21 15:40:01.811] [4784] [HailoRT] [info] [queue_elements.cpp:657] [create] Created (PullQEl_hw_read2yolov8n/conv63)
[2026-06-21 15:40:01.811] [4784] [HailoRT] [info] [filter_elements.cpp:372] [create] Created (PostInferEl2yolov8n/conv63 | Quantization - src_type: UINT8, dst_type FLOAT32, limvals_min: 0, limvals_max: 1 | Reorder - src_order: NHCW, src_shape: (20, 20, 5), dst_order: NHWC, dst_shape: (20, 20, 5))
[2026-06-21 15:40:01.811] [4784] [HailoRT] [info] [queue_elements.cpp:800] [create] Created (UserBuffQEl2yolov8n/conv63 | timeout: 10s)
[2026-06-21 15:40:01.811] [4784] [HailoRT] [info] [vstream.cpp:1114] [OutputVStreamImpl] Creating yolov8n/conv63...
[2026-06-21 15:40:01.811] [4784] [HailoRT] [info] [vstream_builder.cpp:220] [create_outputs] Output pipeline 'yolov8n/conv63': HW >> (HwReadEl2yolov8n/conv63 | hw_frame_size: 2000) >> (PullQEl_hw_read2yolov8n/conv63) >> (PostInferEl2yolov8n/conv63 | Quantization - src_type: UINT8, dst_type FLOAT32, limvals_min: 0, limvals_max: 1 | Reorder - src_order: NHCW, src_shape: (20, 20, 5), dst_order: NHWC, dst_shape: (20, 20, 5)) >> (UserBuffQEl2yolov8n/conv63 | timeout: 10s)
[2026-06-21 15:40:03.686] [4799] [HailoRT] [info] [queue_elements.cpp:855] [run_in_thread] Shutdown event was signaled in dequeue of UserBuffQEl13yolov8n/conv41!
[2026-06-21 15:40:03.686] [4798] [HailoRT] [info] [vdevice_native_stream.cpp:331] [read_impl] Failed read from stream HAILO_STREAM_ABORT(63) (device: 0001:01:00.0)
[2026-06-21 15:40:03.686] [4798] [HailoRT] [info] [edge_elements.cpp:396] [run_pull] Reading from stream was aborted!
[2026-06-21 15:40:03.686] [4798] [HailoRT] [info] [queue_elements.cpp:738] [run_in_thread] run_pull of queue element PullQEl_hw_read13yolov8n/conv41 was aborted!
[2026-06-21 15:40:03.686] [4798] [HailoRT] [info] [queue_elements.cpp:68] [operator()] Thread in element PullQEl_hw_read13yolov8n/conv41 is not running anymore, exiting..
[2026-06-21 15:40:03.686] [4784] [HailoRT] [info] [queue_elements.cpp:46] [~BaseQueueElement] Queue element PullQEl_hw_read13yolov8n/conv41 has 0 frames in his Queue on destruction
[2026-06-21 15:40:03.686] [4799] [HailoRT] [info] [queue_elements.cpp:68] [operator()] Thread in element UserBuffQEl13yolov8n/conv41 is not running anymore, exiting..
[2026-06-21 15:40:03.686] [4784] [HailoRT] [info] [queue_elements.cpp:46] [~BaseQueueElement] Queue element UserBuffQEl13yolov8n/conv41 has 0 frames in his Queue on destruction
[2026-06-21 15:40:03.686] [4801] [HailoRT] [info] [queue_elements.cpp:855] [run_in_thread] Shutdown event was signaled in dequeue of UserBuffQEl12yolov8n/conv42!
[2026-06-21 15:40:03.686] [4800] [HailoRT] [info] [vdevice_native_stream.cpp:331] [read_impl] Failed read from stream HAILO_STREAM_ABORT(63) (device: 0001:01:00.0)
[2026-06-21 15:40:03.686] [4800] [HailoRT] [info] [edge_elements.cpp:396] [run_pull] Reading from stream was aborted!
[2026-06-21 15:40:03.686] [4800] [HailoRT] [info] [queue_elements.cpp:738] [run_in_thread] run_pull of queue element PullQEl_hw_read12yolov8n/conv42 was aborted!
[2026-06-21 15:40:03.686] [4800] [HailoRT] [info] [queue_elements.cpp:68] [operator()] Thread in element PullQEl_hw_read12yolov8n/conv42 is not running anymore, exiting..
[2026-06-21 15:40:03.686] [4784] [HailoRT] [info] [queue_elements.cpp:46] [~BaseQueueElement] Queue element PullQEl_hw_read12yolov8n/conv42 has 0 frames in his Queue on destruction
[2026-06-21 15:40:03.686] [4801] [HailoRT] [info] [queue_elements.cpp:68] [operator()] Thread in element UserBuffQEl12yolov8n/conv42 is not running anymore, exiting..
[2026-06-21 15:40:03.686] [4784] [HailoRT] [info] [queue_elements.cpp:46] [~BaseQueueElement] Queue element UserBuffQEl12yolov8n/conv42 has 0 frames in his Queue on destruction
[2026-06-21 15:40:03.686] [4802] [HailoRT] [info] [vdevice_native_stream.cpp:331] [read_impl] Failed read from stream HAILO_STREAM_ABORT(63) (device: 0001:01:00.0)
[2026-06-21 15:40:03.686] [4803] [HailoRT] [info] [queue_elements.cpp:855] [run_in_thread] Shutdown event was signaled in dequeue of UserBuffQEl15yolov8n/conv52!
[2026-06-21 15:40:03.686] [4802] [HailoRT] [info] [edge_elements.cpp:396] [run_pull] Reading from stream was aborted!
[2026-06-21 15:40:03.686] [4802] [HailoRT] [info] [queue_elements.cpp:738] [run_in_thread] run_pull of queue element PullQEl_hw_read15yolov8n/conv52 was aborted!
[2026-06-21 15:40:03.686] [4802] [HailoRT] [info] [queue_elements.cpp:68] [operator()] Thread in element PullQEl_hw_read15yolov8n/conv52 is not running anymore, exiting..
[2026-06-21 15:40:03.686] [4784] [HailoRT] [info] [queue_elements.cpp:46] [~BaseQueueElement] Queue element PullQEl_hw_read15yolov8n/conv52 has 0 frames in his Queue on destruction
[2026-06-21 15:40:03.686] [4803] [HailoRT] [info] [queue_elements.cpp:68] [operator()] Thread in element UserBuffQEl15yolov8n/conv52 is not running anymore, exiting..
[2026-06-21 15:40:03.686] [4784] [HailoRT] [info] [queue_elements.cpp:46] [~BaseQueueElement] Queue element UserBuffQEl15yolov8n/conv52 has 0 frames in his Queue on destruction
[2026-06-21 15:40:03.686] [4804] [HailoRT] [info] [vdevice_native_stream.cpp:331] [read_impl] Failed read from stream HAILO_STREAM_ABORT(63) (device: 0001:01:00.0)
[2026-06-21 15:40:03.686] [4805] [HailoRT] [info] [queue_elements.cpp:855] [run_in_thread] Shutdown event was signaled in dequeue of UserBuffQEl14yolov8n/conv53!
[2026-06-21 15:40:03.686] [4804] [HailoRT] [info] [edge_elements.cpp:396] [run_pull] Reading from stream was aborted!
[2026-06-21 15:40:03.686] [4804] [HailoRT] [info] [queue_elements.cpp:738] [run_in_thread] run_pull of queue element PullQEl_hw_read14yolov8n/conv53 was aborted!
[2026-06-21 15:40:03.686] [4804] [HailoRT] [info] [queue_elements.cpp:68] [operator()] Thread in element PullQEl_hw_read14yolov8n/conv53 is not running anymore, exiting..
[2026-06-21 15:40:03.687] [4784] [HailoRT] [info] [queue_elements.cpp:46] [~BaseQueueElement] Queue element PullQEl_hw_read14yolov8n/conv53 has 0 frames in his Queue on destruction
[2026-06-21 15:40:03.687] [4805] [HailoRT] [info] [queue_elements.cpp:68] [operator()] Thread in element UserBuffQEl14yolov8n/conv53 is not running anymore, exiting..
[2026-06-21 15:40:03.687] [4784] [HailoRT] [info] [queue_elements.cpp:46] [~BaseQueueElement] Queue element UserBuffQEl14yolov8n/conv53 has 0 frames in his Queue on destruction
[2026-06-21 15:40:03.687] [4807] [HailoRT] [info] [queue_elements.cpp:855] [run_in_thread] Shutdown event was signaled in dequeue of UserBuffQEl8yolov8n/conv62!
[2026-06-21 15:40:03.687] [4806] [HailoRT] [info] [vdevice_native_stream.cpp:331] [read_impl] Failed read from stream HAILO_STREAM_ABORT(63) (device: 0001:01:00.0)
[2026-06-21 15:40:03.687] [4806] [HailoRT] [info] [edge_elements.cpp:396] [run_pull] Reading from stream was aborted!
[2026-06-21 15:40:03.687] [4806] [HailoRT] [info] [queue_elements.cpp:738] [run_in_thread] run_pull of queue element PullQEl_hw_read8yolov8n/conv62 was aborted!
[2026-06-21 15:40:03.687] [4806] [HailoRT] [info] [queue_elements.cpp:68] [operator()] Thread in element PullQEl_hw_read8yolov8n/conv62 is not running anymore, exiting..
[2026-06-21 15:40:03.687] [4784] [HailoRT] [info] [queue_elements.cpp:46] [~BaseQueueElement] Queue element PullQEl_hw_read8yolov8n/conv62 has 0 frames in his Queue on destruction
[2026-06-21 15:40:03.687] [4807] [HailoRT] [info] [queue_elements.cpp:68] [operator()] Thread in element UserBuffQEl8yolov8n/conv62 is not running anymore, exiting..
[2026-06-21 15:40:03.687] [4784] [HailoRT] [info] [queue_elements.cpp:46] [~BaseQueueElement] Queue element UserBuffQEl8yolov8n/conv62 has 0 frames in his Queue on destruction
[2026-06-21 15:40:03.687] [4809] [HailoRT] [info] [queue_elements.cpp:855] [run_in_thread] Shutdown event was signaled in dequeue of UserBuffQEl2yolov8n/conv63!
[2026-06-21 15:40:03.687] [4808] [HailoRT] [info] [vdevice_native_stream.cpp:331] [read_impl] Failed read from stream HAILO_STREAM_ABORT(63) (device: 0001:01:00.0)
[2026-06-21 15:40:03.687] [4808] [HailoRT] [info] [edge_elements.cpp:396] [run_pull] Reading from stream was aborted!
[2026-06-21 15:40:03.687] [4808] [HailoRT] [info] [queue_elements.cpp:738] [run_in_thread] run_pull of queue element PullQEl_hw_read2yolov8n/conv63 was aborted!
[2026-06-21 15:40:03.687] [4808] [HailoRT] [info] [queue_elements.cpp:68] [operator()] Thread in element PullQEl_hw_read2yolov8n/conv63 is not running anymore, exiting..
[2026-06-21 15:40:03.687] [4784] [HailoRT] [info] [queue_elements.cpp:46] [~BaseQueueElement] Queue element PullQEl_hw_read2yolov8n/conv63 has 0 frames in his Queue on destruction
[2026-06-21 15:40:03.687] [4809] [HailoRT] [info] [queue_elements.cpp:68] [operator()] Thread in element UserBuffQEl2yolov8n/conv63 is not running anymore, exiting..
[2026-06-21 15:40:03.687] [4784] [HailoRT] [info] [queue_elements.cpp:46] [~BaseQueueElement] Queue element UserBuffQEl2yolov8n/conv63 has 0 frames in his Queue on destruction
[2026-06-21 15:40:03.687] [4784] [HailoRT] [info] [core_op.cpp:186] [deactivate] Deactivating took 0.428176 ms
[2026-06-21 15:40:03.687] [4784] [HailoRT] [info] [core_op.cpp:186] [deactivate] Deactivating took 0.437492 ms
[2026-06-21 15:40:41.843] [4940] [HailoRT] [info] [vdevice.cpp:535] [create] Creating vdevice with params: device_count: 1, scheduling_algorithm: NONE, multi_process_service: false
[2026-06-21 15:40:41.856] [4940] [HailoRT] [info] [device.cpp:51] [Device] OS Version: Linux 6.18.33+rpt-rpi-2712 #1 SMP PREEMPT Debian 1:6.18.33-1+rpt1 (2026-06-01) aarch64
[2026-06-21 15:40:41.856] [4940] [HailoRT] [info] [control.cpp:113] [control__parse_identify_results] firmware_version is: 4.23.0
[2026-06-21 15:40:41.856] [4940] [HailoRT] [info] [vdevice.cpp:682] [create] VDevice Infos: 0001:01:00.0
[2026-06-21 15:40:41.862] [4940] [HailoRT] [info] [internal_buffer_manager.cpp:75] [print_execution_results] Default Internal buffer planner failed to meet requirements
[2026-06-21 15:40:41.862] [4940] [HailoRT] [info] [internal_buffer_manager.cpp:86] [print_execution_results] Default Internal buffer planner executed successfully
[2026-06-21 15:40:41.876] [4940] [HailoRT] [info] [device_internal.cpp:57] [configure] Configuring HEF took 19.17751 milliseconds
[2026-06-21 15:40:41.876] [4940] [HailoRT] [info] [vdevice.cpp:780] [configure] Configuring HEF on VDevice took 19.49934 milliseconds
[2026-06-21 15:40:41.876] [4940] [HailoRT] [info] [hef.cpp:1994] [get_network_group_and_network_name] No name was given. Addressing all networks of default network_group: yolov8n
[2026-06-21 15:40:41.876] [4940] [HailoRT] [info] [hef.cpp:1994] [get_network_group_and_network_name] No name was given. Addressing all networks of default network_group: yolov8n
[2026-06-21 15:40:41.877] [4940] [HailoRT] [info] [core_op.cpp:156] [activate] Activating yolov8n took 0.654103 milliseconds. Note that the function is asynchronous and thus the network is not fully activated yet.
[2026-06-21 15:40:41.877] [4940] [HailoRT] [info] [core_op.cpp:156] [activate] Activating yolov8n took 0.670749 milliseconds. Note that the function is asynchronous and thus the network is not fully activated yet.
[2026-06-21 15:40:41.878] [4940] [HailoRT] [info] [edge_elements.cpp:52] [create] Created (HwWriteEl11yolov8n/input_layer1 | hw_frame_size: 1228800)
[2026-06-21 15:40:41.878] [4940] [HailoRT] [info] [vstream.cpp:754] [InputVStreamImpl] Creating yolov8n/input_layer1...
[2026-06-21 15:40:41.878] [4940] [HailoRT] [info] [vstream_builder.cpp:102] [create_inputs] Input pipeline 'yolov8n/input_layer1': (HwWriteEl11yolov8n/input_layer1 | hw_frame_size: 1228800) >> HW
[2026-06-21 15:40:41.878] [4940] [HailoRT] [info] [edge_elements.cpp:287] [create] Created (HwReadEl13yolov8n/conv41 | hw_frame_size: 409600)
[2026-06-21 15:40:41.886] [4940] [HailoRT] [info] [queue_elements.cpp:657] [create] Created (PullQEl_hw_read13yolov8n/conv41)
[2026-06-21 15:40:41.886] [4940] [HailoRT] [info] [filter_elements.cpp:372] [create] Created (PostInferEl13yolov8n/conv41 | Quantization - src_type: UINT8, dst_type FLOAT32, limvals_min: -15.2439, limvals_max: 13.765)
[2026-06-21 15:40:41.886] [4940] [HailoRT] [info] [queue_elements.cpp:800] [create] Created (UserBuffQEl13yolov8n/conv41 | timeout: 10s)
[2026-06-21 15:40:41.886] [4940] [HailoRT] [info] [vstream.cpp:1114] [OutputVStreamImpl] Creating yolov8n/conv41...
[2026-06-21 15:40:41.886] [4940] [HailoRT] [info] [vstream_builder.cpp:220] [create_outputs] Output pipeline 'yolov8n/conv41': HW >> (HwReadEl13yolov8n/conv41 | hw_frame_size: 409600) >> (PullQEl_hw_read13yolov8n/conv41) >> (PostInferEl13yolov8n/conv41 | Quantization - src_type: UINT8, dst_type FLOAT32, limvals_min: -15.2439, limvals_max: 13.765) >> (UserBuffQEl13yolov8n/conv41 | timeout: 10s)
[2026-06-21 15:40:41.886] [4940] [HailoRT] [info] [edge_elements.cpp:287] [create] Created (HwReadEl12yolov8n/conv42 | hw_frame_size: 32000)
[2026-06-21 15:40:41.886] [4940] [HailoRT] [info] [queue_elements.cpp:657] [create] Created (PullQEl_hw_read12yolov8n/conv42)
[2026-06-21 15:40:41.886] [4940] [HailoRT] [info] [filter_elements.cpp:372] [create] Created (PostInferEl12yolov8n/conv42 | Quantization - src_type: UINT8, dst_type FLOAT32, limvals_min: 0, limvals_max: 1)
[2026-06-21 15:40:41.886] [4940] [HailoRT] [info] [queue_elements.cpp:800] [create] Created (UserBuffQEl12yolov8n/conv42 | timeout: 10s)
[2026-06-21 15:40:41.886] [4940] [HailoRT] [info] [vstream.cpp:1114] [OutputVStreamImpl] Creating yolov8n/conv42...
[2026-06-21 15:40:41.886] [4940] [HailoRT] [info] [vstream_builder.cpp:220] [create_outputs] Output pipeline 'yolov8n/conv42': HW >> (HwReadEl12yolov8n/conv42 | hw_frame_size: 32000) >> (PullQEl_hw_read12yolov8n/conv42) >> (PostInferEl12yolov8n/conv42 | Quantization - src_type: UINT8, dst_type FLOAT32, limvals_min: 0, limvals_max: 1) >> (UserBuffQEl12yolov8n/conv42 | timeout: 10s)
[2026-06-21 15:40:41.886] [4940] [HailoRT] [info] [edge_elements.cpp:287] [create] Created (HwReadEl15yolov8n/conv52 | hw_frame_size: 102400)
[2026-06-21 15:40:41.886] [4940] [HailoRT] [info] [queue_elements.cpp:657] [create] Created (PullQEl_hw_read15yolov8n/conv52)
[2026-06-21 15:40:41.886] [4940] [HailoRT] [info] [filter_elements.cpp:372] [create] Created (PostInferEl15yolov8n/conv52 | Quantization - src_type: UINT8, dst_type FLOAT32, limvals_min: -14.8019, limvals_max: 12.3526)
[2026-06-21 15:40:41.886] [4940] [HailoRT] [info] [queue_elements.cpp:800] [create] Created (UserBuffQEl15yolov8n/conv52 | timeout: 10s)
[2026-06-21 15:40:41.886] [4940] [HailoRT] [info] [vstream.cpp:1114] [OutputVStreamImpl] Creating yolov8n/conv52...
[2026-06-21 15:40:41.886] [4940] [HailoRT] [info] [vstream_builder.cpp:220] [create_outputs] Output pipeline 'yolov8n/conv52': HW >> (HwReadEl15yolov8n/conv52 | hw_frame_size: 102400) >> (PullQEl_hw_read15yolov8n/conv52) >> (PostInferEl15yolov8n/conv52 | Quantization - src_type: UINT8, dst_type FLOAT32, limvals_min: -14.8019, limvals_max: 12.3526) >> (UserBuffQEl15yolov8n/conv52 | timeout: 10s)
[2026-06-21 15:40:41.886] [4940] [HailoRT] [info] [edge_elements.cpp:287] [create] Created (HwReadEl14yolov8n/conv53 | hw_frame_size: 8000)
[2026-06-21 15:40:41.886] [4940] [HailoRT] [info] [queue_elements.cpp:657] [create] Created (PullQEl_hw_read14yolov8n/conv53)
[2026-06-21 15:40:41.886] [4940] [HailoRT] [info] [filter_elements.cpp:372] [create] Created (PostInferEl14yolov8n/conv53 | Quantization - src_type: UINT8, dst_type FLOAT32, limvals_min: 0, limvals_max: 1)
[2026-06-21 15:40:41.886] [4940] [HailoRT] [info] [queue_elements.cpp:800] [create] Created (UserBuffQEl14yolov8n/conv53 | timeout: 10s)
[2026-06-21 15:40:41.886] [4940] [HailoRT] [info] [vstream.cpp:1114] [OutputVStreamImpl] Creating yolov8n/conv53...
[2026-06-21 15:40:41.886] [4940] [HailoRT] [info] [vstream_builder.cpp:220] [create_outputs] Output pipeline 'yolov8n/conv53': HW >> (HwReadEl14yolov8n/conv53 | hw_frame_size: 8000) >> (PullQEl_hw_read14yolov8n/conv53) >> (PostInferEl14yolov8n/conv53 | Quantization - src_type: UINT8, dst_type FLOAT32, limvals_min: 0, limvals_max: 1) >> (UserBuffQEl14yolov8n/conv53 | timeout: 10s)
[2026-06-21 15:40:41.886] [4940] [HailoRT] [info] [edge_elements.cpp:287] [create] Created (HwReadEl8yolov8n/conv62 | hw_frame_size: 25600)
[2026-06-21 15:40:41.886] [4940] [HailoRT] [info] [queue_elements.cpp:657] [create] Created (PullQEl_hw_read8yolov8n/conv62)
[2026-06-21 15:40:41.886] [4940] [HailoRT] [info] [filter_elements.cpp:372] [create] Created (PostInferEl8yolov8n/conv62 | Quantization - src_type: UINT8, dst_type FLOAT32, limvals_min: -15.9876, limvals_max: 12.1285)
[2026-06-21 15:40:41.886] [4940] [HailoRT] [info] [queue_elements.cpp:800] [create] Created (UserBuffQEl8yolov8n/conv62 | timeout: 10s)
[2026-06-21 15:40:41.886] [4940] [HailoRT] [info] [vstream.cpp:1114] [OutputVStreamImpl] Creating yolov8n/conv62...
[2026-06-21 15:40:41.886] [4940] [HailoRT] [info] [vstream_builder.cpp:220] [create_outputs] Output pipeline 'yolov8n/conv62': HW >> (HwReadEl8yolov8n/conv62 | hw_frame_size: 25600) >> (PullQEl_hw_read8yolov8n/conv62) >> (PostInferEl8yolov8n/conv62 | Quantization - src_type: UINT8, dst_type FLOAT32, limvals_min: -15.9876, limvals_max: 12.1285) >> (UserBuffQEl8yolov8n/conv62 | timeout: 10s)
[2026-06-21 15:40:41.886] [4940] [HailoRT] [info] [edge_elements.cpp:287] [create] Created (HwReadEl2yolov8n/conv63 | hw_frame_size: 2000)
[2026-06-21 15:40:41.886] [4940] [HailoRT] [info] [queue_elements.cpp:657] [create] Created (PullQEl_hw_read2yolov8n/conv63)
[2026-06-21 15:40:41.886] [4940] [HailoRT] [info] [filter_elements.cpp:372] [create] Created (PostInferEl2yolov8n/conv63 | Quantization - src_type: UINT8, dst_type FLOAT32, limvals_min: 0, limvals_max: 1 | Reorder - src_order: NHCW, src_shape: (20, 20, 5), dst_order: NHWC, dst_shape: (20, 20, 5))
[2026-06-21 15:40:41.887] [4940] [HailoRT] [info] [queue_elements.cpp:800] [create] Created (UserBuffQEl2yolov8n/conv63 | timeout: 10s)
[2026-06-21 15:40:41.887] [4940] [HailoRT] [info] [vstream.cpp:1114] [OutputVStreamImpl] Creating yolov8n/conv63...
[2026-06-21 15:40:41.887] [4940] [HailoRT] [info] [vstream_builder.cpp:220] [create_outputs] Output pipeline 'yolov8n/conv63': HW >> (HwReadEl2yolov8n/conv63 | hw_frame_size: 2000) >> (PullQEl_hw_read2yolov8n/conv63) >> (PostInferEl2yolov8n/conv63 | Quantization - src_type: UINT8, dst_type FLOAT32, limvals_min: 0, limvals_max: 1 | Reorder - src_order: NHCW, src_shape: (20, 20, 5), dst_order: NHWC, dst_shape: (20, 20, 5)) >> (UserBuffQEl2yolov8n/conv63 | timeout: 10s)
[2026-06-21 15:40:43.791] [4956] [HailoRT] [info] [queue_elements.cpp:855] [run_in_thread] Shutdown event was signaled in dequeue of UserBuffQEl13yolov8n/conv41!
[2026-06-21 15:40:43.791] [4955] [HailoRT] [info] [vdevice_native_stream.cpp:331] [read_impl] Failed read from stream HAILO_STREAM_ABORT(63) (device: 0001:01:00.0)
[2026-06-21 15:40:43.791] [4955] [HailoRT] [info] [edge_elements.cpp:396] [run_pull] Reading from stream was aborted!
[2026-06-21 15:40:43.791] [4955] [HailoRT] [info] [queue_elements.cpp:738] [run_in_thread] run_pull of queue element PullQEl_hw_read13yolov8n/conv41 was aborted!
[2026-06-21 15:40:43.791] [4955] [HailoRT] [info] [queue_elements.cpp:68] [operator()] Thread in element PullQEl_hw_read13yolov8n/conv41 is not running anymore, exiting..
[2026-06-21 15:40:43.791] [4940] [HailoRT] [info] [queue_elements.cpp:46] [~BaseQueueElement] Queue element PullQEl_hw_read13yolov8n/conv41 has 0 frames in his Queue on destruction
[2026-06-21 15:40:43.791] [4956] [HailoRT] [info] [queue_elements.cpp:68] [operator()] Thread in element UserBuffQEl13yolov8n/conv41 is not running anymore, exiting..
[2026-06-21 15:40:43.791] [4940] [HailoRT] [info] [queue_elements.cpp:46] [~BaseQueueElement] Queue element UserBuffQEl13yolov8n/conv41 has 0 frames in his Queue on destruction
[2026-06-21 15:40:43.791] [4958] [HailoRT] [info] [queue_elements.cpp:855] [run_in_thread] Shutdown event was signaled in dequeue of UserBuffQEl12yolov8n/conv42!
[2026-06-21 15:40:43.791] [4957] [HailoRT] [info] [vdevice_native_stream.cpp:331] [read_impl] Failed read from stream HAILO_STREAM_ABORT(63) (device: 0001:01:00.0)
[2026-06-21 15:40:43.791] [4957] [HailoRT] [info] [edge_elements.cpp:396] [run_pull] Reading from stream was aborted!
[2026-06-21 15:40:43.791] [4957] [HailoRT] [info] [queue_elements.cpp:738] [run_in_thread] run_pull of queue element PullQEl_hw_read12yolov8n/conv42 was aborted!
[2026-06-21 15:40:43.791] [4957] [HailoRT] [info] [queue_elements.cpp:68] [operator()] Thread in element PullQEl_hw_read12yolov8n/conv42 is not running anymore, exiting..
[2026-06-21 15:40:43.791] [4940] [HailoRT] [info] [queue_elements.cpp:46] [~BaseQueueElement] Queue element PullQEl_hw_read12yolov8n/conv42 has 0 frames in his Queue on destruction
[2026-06-21 15:40:43.791] [4958] [HailoRT] [info] [queue_elements.cpp:68] [operator()] Thread in element UserBuffQEl12yolov8n/conv42 is not running anymore, exiting..
[2026-06-21 15:40:43.791] [4940] [HailoRT] [info] [queue_elements.cpp:46] [~BaseQueueElement] Queue element UserBuffQEl12yolov8n/conv42 has 0 frames in his Queue on destruction
[2026-06-21 15:40:43.791] [4959] [HailoRT] [info] [vdevice_native_stream.cpp:331] [read_impl] Failed read from stream HAILO_STREAM_ABORT(63) (device: 0001:01:00.0)
[2026-06-21 15:40:43.791] [4959] [HailoRT] [info] [edge_elements.cpp:396] [run_pull] Reading from stream was aborted!
[2026-06-21 15:40:43.791] [4960] [HailoRT] [info] [queue_elements.cpp:855] [run_in_thread] Shutdown event was signaled in dequeue of UserBuffQEl15yolov8n/conv52!
[2026-06-21 15:40:43.791] [4959] [HailoRT] [info] [queue_elements.cpp:738] [run_in_thread] run_pull of queue element PullQEl_hw_read15yolov8n/conv52 was aborted!
[2026-06-21 15:40:43.791] [4959] [HailoRT] [info] [queue_elements.cpp:68] [operator()] Thread in element PullQEl_hw_read15yolov8n/conv52 is not running anymore, exiting..
[2026-06-21 15:40:43.791] [4940] [HailoRT] [info] [queue_elements.cpp:46] [~BaseQueueElement] Queue element PullQEl_hw_read15yolov8n/conv52 has 0 frames in his Queue on destruction
[2026-06-21 15:40:43.791] [4960] [HailoRT] [info] [queue_elements.cpp:68] [operator()] Thread in element UserBuffQEl15yolov8n/conv52 is not running anymore, exiting..
[2026-06-21 15:40:43.791] [4940] [HailoRT] [info] [queue_elements.cpp:46] [~BaseQueueElement] Queue element UserBuffQEl15yolov8n/conv52 has 0 frames in his Queue on destruction
[2026-06-21 15:40:43.791] [4961] [HailoRT] [info] [vdevice_native_stream.cpp:331] [read_impl] Failed read from stream HAILO_STREAM_ABORT(63) (device: 0001:01:00.0)
[2026-06-21 15:40:43.791] [4961] [HailoRT] [info] [edge_elements.cpp:396] [run_pull] Reading from stream was aborted!
[2026-06-21 15:40:43.791] [4962] [HailoRT] [info] [queue_elements.cpp:855] [run_in_thread] Shutdown event was signaled in dequeue of UserBuffQEl14yolov8n/conv53!
[2026-06-21 15:40:43.791] [4961] [HailoRT] [info] [queue_elements.cpp:738] [run_in_thread] run_pull of queue element PullQEl_hw_read14yolov8n/conv53 was aborted!
[2026-06-21 15:40:43.791] [4961] [HailoRT] [info] [queue_elements.cpp:68] [operator()] Thread in element PullQEl_hw_read14yolov8n/conv53 is not running anymore, exiting..
[2026-06-21 15:40:43.791] [4940] [HailoRT] [info] [queue_elements.cpp:46] [~BaseQueueElement] Queue element PullQEl_hw_read14yolov8n/conv53 has 0 frames in his Queue on destruction
[2026-06-21 15:40:43.791] [4962] [HailoRT] [info] [queue_elements.cpp:68] [operator()] Thread in element UserBuffQEl14yolov8n/conv53 is not running anymore, exiting..
[2026-06-21 15:40:43.791] [4940] [HailoRT] [info] [queue_elements.cpp:46] [~BaseQueueElement] Queue element UserBuffQEl14yolov8n/conv53 has 0 frames in his Queue on destruction
[2026-06-21 15:40:43.791] [4963] [HailoRT] [info] [vdevice_native_stream.cpp:331] [read_impl] Failed read from stream HAILO_STREAM_ABORT(63) (device: 0001:01:00.0)
[2026-06-21 15:40:43.791] [4964] [HailoRT] [info] [queue_elements.cpp:855] [run_in_thread] Shutdown event was signaled in dequeue of UserBuffQEl8yolov8n/conv62!
[2026-06-21 15:40:43.791] [4963] [HailoRT] [info] [edge_elements.cpp:396] [run_pull] Reading from stream was aborted!
[2026-06-21 15:40:43.791] [4963] [HailoRT] [info] [queue_elements.cpp:738] [run_in_thread] run_pull of queue element PullQEl_hw_read8yolov8n/conv62 was aborted!
[2026-06-21 15:40:43.791] [4963] [HailoRT] [info] [queue_elements.cpp:68] [operator()] Thread in element PullQEl_hw_read8yolov8n/conv62 is not running anymore, exiting..
[2026-06-21 15:40:43.791] [4940] [HailoRT] [info] [queue_elements.cpp:46] [~BaseQueueElement] Queue element PullQEl_hw_read8yolov8n/conv62 has 0 frames in his Queue on destruction
[2026-06-21 15:40:43.791] [4964] [HailoRT] [info] [queue_elements.cpp:68] [operator()] Thread in element UserBuffQEl8yolov8n/conv62 is not running anymore, exiting..
[2026-06-21 15:40:43.791] [4940] [HailoRT] [info] [queue_elements.cpp:46] [~BaseQueueElement] Queue element UserBuffQEl8yolov8n/conv62 has 0 frames in his Queue on destruction
[2026-06-21 15:40:43.791] [4965] [HailoRT] [info] [vdevice_native_stream.cpp:331] [read_impl] Failed read from stream HAILO_STREAM_ABORT(63) (device: 0001:01:00.0)
[2026-06-21 15:40:43.791] [4965] [HailoRT] [info] [edge_elements.cpp:396] [run_pull] Reading from stream was aborted!
[2026-06-21 15:40:43.791] [4966] [HailoRT] [info] [queue_elements.cpp:855] [run_in_thread] Shutdown event was signaled in dequeue of UserBuffQEl2yolov8n/conv63!
[2026-06-21 15:40:43.791] [4965] [HailoRT] [info] [queue_elements.cpp:738] [run_in_thread] run_pull of queue element PullQEl_hw_read2yolov8n/conv63 was aborted!
[2026-06-21 15:40:43.791] [4965] [HailoRT] [info] [queue_elements.cpp:68] [operator()] Thread in element PullQEl_hw_read2yolov8n/conv63 is not running anymore, exiting..
[2026-06-21 15:40:43.791] [4940] [HailoRT] [info] [queue_elements.cpp:46] [~BaseQueueElement] Queue element PullQEl_hw_read2yolov8n/conv63 has 0 frames in his Queue on destruction
[2026-06-21 15:40:43.791] [4966] [HailoRT] [info] [queue_elements.cpp:68] [operator()] Thread in element UserBuffQEl2yolov8n/conv63 is not running anymore, exiting..
[2026-06-21 15:40:43.791] [4940] [HailoRT] [info] [queue_elements.cpp:46] [~BaseQueueElement] Queue element UserBuffQEl2yolov8n/conv63 has 0 frames in his Queue on destruction
[2026-06-21 15:40:43.792] [4940] [HailoRT] [info] [core_op.cpp:186] [deactivate] Deactivating took 0.425466 ms
[2026-06-21 15:40:43.792] [4940] [HailoRT] [info] [core_op.cpp:186] [deactivate] Deactivating took 0.434687 ms
[2026-06-21 15:42:37.052] [5116] [HailoRT] [info] [vdevice.cpp:535] [create] Creating vdevice with params: device_count: 1, scheduling_algorithm: NONE, multi_process_service: false
[2026-06-21 15:42:37.064] [5116] [HailoRT] [info] [device.cpp:51] [Device] OS Version: Linux 6.18.33+rpt-rpi-2712 #1 SMP PREEMPT Debian 1:6.18.33-1+rpt1 (2026-06-01) aarch64
[2026-06-21 15:42:37.064] [5116] [HailoRT] [info] [control.cpp:113] [control__parse_identify_results] firmware_version is: 4.23.0
[2026-06-21 15:42:37.064] [5116] [HailoRT] [info] [vdevice.cpp:682] [create] VDevice Infos: 0001:01:00.0
[2026-06-21 15:42:37.070] [5116] [HailoRT] [info] [internal_buffer_manager.cpp:75] [print_execution_results] Default Internal buffer planner failed to meet requirements
[2026-06-21 15:42:37.070] [5116] [HailoRT] [info] [internal_buffer_manager.cpp:86] [print_execution_results] Default Internal buffer planner executed successfully
[2026-06-21 15:42:37.084] [5116] [HailoRT] [info] [device_internal.cpp:57] [configure] Configuring HEF took 19.287207 milliseconds
[2026-06-21 15:42:37.084] [5116] [HailoRT] [info] [vdevice.cpp:780] [configure] Configuring HEF on VDevice took 19.620975 milliseconds
[2026-06-21 15:42:37.084] [5116] [HailoRT] [info] [hef.cpp:1994] [get_network_group_and_network_name] No name was given. Addressing all networks of default network_group: yolov8n
[2026-06-21 15:42:37.084] [5116] [HailoRT] [info] [hef.cpp:1994] [get_network_group_and_network_name] No name was given. Addressing all networks of default network_group: yolov8n
[2026-06-21 15:42:37.086] [5116] [HailoRT] [info] [core_op.cpp:156] [activate] Activating yolov8n took 0.680945 milliseconds. Note that the function is asynchronous and thus the network is not fully activated yet.
[2026-06-21 15:42:37.086] [5116] [HailoRT] [info] [core_op.cpp:156] [activate] Activating yolov8n took 0.69763 milliseconds. Note that the function is asynchronous and thus the network is not fully activated yet.
[2026-06-21 15:42:37.086] [5116] [HailoRT] [info] [edge_elements.cpp:52] [create] Created (HwWriteEl11yolov8n/input_layer1 | hw_frame_size: 1228800)
[2026-06-21 15:42:37.086] [5116] [HailoRT] [info] [vstream.cpp:754] [InputVStreamImpl] Creating yolov8n/input_layer1...
[2026-06-21 15:42:37.086] [5116] [HailoRT] [info] [vstream_builder.cpp:102] [create_inputs] Input pipeline 'yolov8n/input_layer1': (HwWriteEl11yolov8n/input_layer1 | hw_frame_size: 1228800) >> HW
[2026-06-21 15:42:37.086] [5116] [HailoRT] [info] [edge_elements.cpp:287] [create] Created (HwReadEl13yolov8n/conv41 | hw_frame_size: 409600)
[2026-06-21 15:42:37.098] [5116] [HailoRT] [info] [queue_elements.cpp:657] [create] Created (PullQEl_hw_read13yolov8n/conv41)
[2026-06-21 15:42:37.098] [5116] [HailoRT] [info] [filter_elements.cpp:372] [create] Created (PostInferEl13yolov8n/conv41 | Quantization - src_type: UINT8, dst_type FLOAT32, limvals_min: -15.2439, limvals_max: 13.765)
[2026-06-21 15:42:37.098] [5116] [HailoRT] [info] [queue_elements.cpp:800] [create] Created (UserBuffQEl13yolov8n/conv41 | timeout: 10s)
[2026-06-21 15:42:37.098] [5116] [HailoRT] [info] [vstream.cpp:1114] [OutputVStreamImpl] Creating yolov8n/conv41...
[2026-06-21 15:42:37.098] [5116] [HailoRT] [info] [vstream_builder.cpp:220] [create_outputs] Output pipeline 'yolov8n/conv41': HW >> (HwReadEl13yolov8n/conv41 | hw_frame_size: 409600) >> (PullQEl_hw_read13yolov8n/conv41) >> (PostInferEl13yolov8n/conv41 | Quantization - src_type: UINT8, dst_type FLOAT32, limvals_min: -15.2439, limvals_max: 13.765) >> (UserBuffQEl13yolov8n/conv41 | timeout: 10s)
[2026-06-21 15:42:37.098] [5116] [HailoRT] [info] [edge_elements.cpp:287] [create] Created (HwReadEl12yolov8n/conv42 | hw_frame_size: 32000)
[2026-06-21 15:42:37.098] [5116] [HailoRT] [info] [queue_elements.cpp:657] [create] Created (PullQEl_hw_read12yolov8n/conv42)
[2026-06-21 15:42:37.098] [5116] [HailoRT] [info] [filter_elements.cpp:372] [create] Created (PostInferEl12yolov8n/conv42 | Quantization - src_type: UINT8, dst_type FLOAT32, limvals_min: 0, limvals_max: 1)
[2026-06-21 15:42:37.098] [5116] [HailoRT] [info] [queue_elements.cpp:800] [create] Created (UserBuffQEl12yolov8n/conv42 | timeout: 10s)
[2026-06-21 15:42:37.098] [5116] [HailoRT] [info] [vstream.cpp:1114] [OutputVStreamImpl] Creating yolov8n/conv42...
[2026-06-21 15:42:37.098] [5116] [HailoRT] [info] [vstream_builder.cpp:220] [create_outputs] Output pipeline 'yolov8n/conv42': HW >> (HwReadEl12yolov8n/conv42 | hw_frame_size: 32000) >> (PullQEl_hw_read12yolov8n/conv42) >> (PostInferEl12yolov8n/conv42 | Quantization - src_type: UINT8, dst_type FLOAT32, limvals_min: 0, limvals_max: 1) >> (UserBuffQEl12yolov8n/conv42 | timeout: 10s)
[2026-06-21 15:42:37.098] [5116] [HailoRT] [info] [edge_elements.cpp:287] [create] Created (HwReadEl15yolov8n/conv52 | hw_frame_size: 102400)
[2026-06-21 15:42:37.098] [5116] [HailoRT] [info] [queue_elements.cpp:657] [create] Created (PullQEl_hw_read15yolov8n/conv52)
[2026-06-21 15:42:37.098] [5116] [HailoRT] [info] [filter_elements.cpp:372] [create] Created (PostInferEl15yolov8n/conv52 | Quantization - src_type: UINT8, dst_type FLOAT32, limvals_min: -14.8019, limvals_max: 12.3526)
[2026-06-21 15:42:37.098] [5116] [HailoRT] [info] [queue_elements.cpp:800] [create] Created (UserBuffQEl15yolov8n/conv52 | timeout: 10s)
[2026-06-21 15:42:37.098] [5116] [HailoRT] [info] [vstream.cpp:1114] [OutputVStreamImpl] Creating yolov8n/conv52...
[2026-06-21 15:42:37.098] [5116] [HailoRT] [info] [vstream_builder.cpp:220] [create_outputs] Output pipeline 'yolov8n/conv52': HW >> (HwReadEl15yolov8n/conv52 | hw_frame_size: 102400) >> (PullQEl_hw_read15yolov8n/conv52) >> (PostInferEl15yolov8n/conv52 | Quantization - src_type: UINT8, dst_type FLOAT32, limvals_min: -14.8019, limvals_max: 12.3526) >> (UserBuffQEl15yolov8n/conv52 | timeout: 10s)
[2026-06-21 15:42:37.098] [5116] [HailoRT] [info] [edge_elements.cpp:287] [create] Created (HwReadEl14yolov8n/conv53 | hw_frame_size: 8000)
[2026-06-21 15:42:37.098] [5116] [HailoRT] [info] [queue_elements.cpp:657] [create] Created (PullQEl_hw_read14yolov8n/conv53)
[2026-06-21 15:42:37.098] [5116] [HailoRT] [info] [filter_elements.cpp:372] [create] Created (PostInferEl14yolov8n/conv53 | Quantization - src_type: UINT8, dst_type FLOAT32, limvals_min: 0, limvals_max: 1)
[2026-06-21 15:42:37.098] [5116] [HailoRT] [info] [queue_elements.cpp:800] [create] Created (UserBuffQEl14yolov8n/conv53 | timeout: 10s)
[2026-06-21 15:42:37.098] [5116] [HailoRT] [info] [vstream.cpp:1114] [OutputVStreamImpl] Creating yolov8n/conv53...
[2026-06-21 15:42:37.098] [5116] [HailoRT] [info] [vstream_builder.cpp:220] [create_outputs] Output pipeline 'yolov8n/conv53': HW >> (HwReadEl14yolov8n/conv53 | hw_frame_size: 8000) >> (PullQEl_hw_read14yolov8n/conv53) >> (PostInferEl14yolov8n/conv53 | Quantization - src_type: UINT8, dst_type FLOAT32, limvals_min: 0, limvals_max: 1) >> (UserBuffQEl14yolov8n/conv53 | timeout: 10s)
[2026-06-21 15:42:37.098] [5116] [HailoRT] [info] [edge_elements.cpp:287] [create] Created (HwReadEl8yolov8n/conv62 | hw_frame_size: 25600)
[2026-06-21 15:42:37.098] [5116] [HailoRT] [info] [queue_elements.cpp:657] [create] Created (PullQEl_hw_read8yolov8n/conv62)
[2026-06-21 15:42:37.098] [5116] [HailoRT] [info] [filter_elements.cpp:372] [create] Created (PostInferEl8yolov8n/conv62 | Quantization - src_type: UINT8, dst_type FLOAT32, limvals_min: -15.9876, limvals_max: 12.1285)
[2026-06-21 15:42:37.098] [5116] [HailoRT] [info] [queue_elements.cpp:800] [create] Created (UserBuffQEl8yolov8n/conv62 | timeout: 10s)
[2026-06-21 15:42:37.098] [5116] [HailoRT] [info] [vstream.cpp:1114] [OutputVStreamImpl] Creating yolov8n/conv62...
[2026-06-21 15:42:37.098] [5116] [HailoRT] [info] [vstream_builder.cpp:220] [create_outputs] Output pipeline 'yolov8n/conv62': HW >> (HwReadEl8yolov8n/conv62 | hw_frame_size: 25600) >> (PullQEl_hw_read8yolov8n/conv62) >> (PostInferEl8yolov8n/conv62 | Quantization - src_type: UINT8, dst_type FLOAT32, limvals_min: -15.9876, limvals_max: 12.1285) >> (UserBuffQEl8yolov8n/conv62 | timeout: 10s)
[2026-06-21 15:42:37.098] [5116] [HailoRT] [info] [edge_elements.cpp:287] [create] Created (HwReadEl2yolov8n/conv63 | hw_frame_size: 2000)
[2026-06-21 15:42:37.098] [5116] [HailoRT] [info] [queue_elements.cpp:657] [create] Created (PullQEl_hw_read2yolov8n/conv63)
[2026-06-21 15:42:37.098] [5116] [HailoRT] [info] [filter_elements.cpp:372] [create] Created (PostInferEl2yolov8n/conv63 | Quantization - src_type: UINT8, dst_type FLOAT32, limvals_min: 0, limvals_max: 1 | Reorder - src_order: NHCW, src_shape: (20, 20, 5), dst_order: NHWC, dst_shape: (20, 20, 5))
[2026-06-21 15:42:37.099] [5116] [HailoRT] [info] [queue_elements.cpp:800] [create] Created (UserBuffQEl2yolov8n/conv63 | timeout: 10s)
[2026-06-21 15:42:37.099] [5116] [HailoRT] [info] [vstream.cpp:1114] [OutputVStreamImpl] Creating yolov8n/conv63...
[2026-06-21 15:42:37.099] [5116] [HailoRT] [info] [vstream_builder.cpp:220] [create_outputs] Output pipeline 'yolov8n/conv63': HW >> (HwReadEl2yolov8n/conv63 | hw_frame_size: 2000) >> (PullQEl_hw_read2yolov8n/conv63) >> (PostInferEl2yolov8n/conv63 | Quantization - src_type: UINT8, dst_type FLOAT32, limvals_min: 0, limvals_max: 1 | Reorder - src_order: NHCW, src_shape: (20, 20, 5), dst_order: NHWC, dst_shape: (20, 20, 5)) >> (UserBuffQEl2yolov8n/conv63 | timeout: 10s)
[2026-06-21 15:42:43.424] [5132] [HailoRT] [info] [queue_elements.cpp:855] [run_in_thread] Shutdown event was signaled in dequeue of UserBuffQEl13yolov8n/conv41!
[2026-06-21 15:42:43.424] [5131] [HailoRT] [info] [vdevice_native_stream.cpp:331] [read_impl] Failed read from stream HAILO_STREAM_ABORT(63) (device: 0001:01:00.0)
[2026-06-21 15:42:43.424] [5131] [HailoRT] [info] [edge_elements.cpp:396] [run_pull] Reading from stream was aborted!
[2026-06-21 15:42:43.424] [5131] [HailoRT] [info] [queue_elements.cpp:738] [run_in_thread] run_pull of queue element PullQEl_hw_read13yolov8n/conv41 was aborted!
[2026-06-21 15:42:43.424] [5131] [HailoRT] [info] [queue_elements.cpp:68] [operator()] Thread in element PullQEl_hw_read13yolov8n/conv41 is not running anymore, exiting..
[2026-06-21 15:42:43.424] [5116] [HailoRT] [info] [queue_elements.cpp:46] [~BaseQueueElement] Queue element PullQEl_hw_read13yolov8n/conv41 has 0 frames in his Queue on destruction
[2026-06-21 15:42:43.425] [5132] [HailoRT] [info] [queue_elements.cpp:68] [operator()] Thread in element UserBuffQEl13yolov8n/conv41 is not running anymore, exiting..
[2026-06-21 15:42:43.425] [5116] [HailoRT] [info] [queue_elements.cpp:46] [~BaseQueueElement] Queue element UserBuffQEl13yolov8n/conv41 has 0 frames in his Queue on destruction
[2026-06-21 15:42:43.425] [5133] [HailoRT] [info] [vdevice_native_stream.cpp:331] [read_impl] Failed read from stream HAILO_STREAM_ABORT(63) (device: 0001:01:00.0)
[2026-06-21 15:42:43.425] [5134] [HailoRT] [info] [queue_elements.cpp:855] [run_in_thread] Shutdown event was signaled in dequeue of UserBuffQEl12yolov8n/conv42!
[2026-06-21 15:42:43.425] [5133] [HailoRT] [info] [edge_elements.cpp:396] [run_pull] Reading from stream was aborted!
[2026-06-21 15:42:43.425] [5133] [HailoRT] [info] [queue_elements.cpp:738] [run_in_thread] run_pull of queue element PullQEl_hw_read12yolov8n/conv42 was aborted!
[2026-06-21 15:42:43.425] [5133] [HailoRT] [info] [queue_elements.cpp:68] [operator()] Thread in element PullQEl_hw_read12yolov8n/conv42 is not running anymore, exiting..
[2026-06-21 15:42:43.425] [5116] [HailoRT] [info] [queue_elements.cpp:46] [~BaseQueueElement] Queue element PullQEl_hw_read12yolov8n/conv42 has 0 frames in his Queue on destruction
[2026-06-21 15:42:43.425] [5134] [HailoRT] [info] [queue_elements.cpp:68] [operator()] Thread in element UserBuffQEl12yolov8n/conv42 is not running anymore, exiting..
[2026-06-21 15:42:43.425] [5116] [HailoRT] [info] [queue_elements.cpp:46] [~BaseQueueElement] Queue element UserBuffQEl12yolov8n/conv42 has 0 frames in his Queue on destruction
[2026-06-21 15:42:43.425] [5136] [HailoRT] [info] [queue_elements.cpp:855] [run_in_thread] Shutdown event was signaled in dequeue of UserBuffQEl15yolov8n/conv52!
[2026-06-21 15:42:43.425] [5135] [HailoRT] [info] [vdevice_native_stream.cpp:331] [read_impl] Failed read from stream HAILO_STREAM_ABORT(63) (device: 0001:01:00.0)
[2026-06-21 15:42:43.425] [5135] [HailoRT] [info] [edge_elements.cpp:396] [run_pull] Reading from stream was aborted!
[2026-06-21 15:42:43.425] [5135] [HailoRT] [info] [queue_elements.cpp:738] [run_in_thread] run_pull of queue element PullQEl_hw_read15yolov8n/conv52 was aborted!
[2026-06-21 15:42:43.425] [5135] [HailoRT] [info] [queue_elements.cpp:68] [operator()] Thread in element PullQEl_hw_read15yolov8n/conv52 is not running anymore, exiting..
[2026-06-21 15:42:43.425] [5116] [HailoRT] [info] [queue_elements.cpp:46] [~BaseQueueElement] Queue element PullQEl_hw_read15yolov8n/conv52 has 0 frames in his Queue on destruction
[2026-06-21 15:42:43.425] [5136] [HailoRT] [info] [queue_elements.cpp:68] [operator()] Thread in element UserBuffQEl15yolov8n/conv52 is not running anymore, exiting..
[2026-06-21 15:42:43.425] [5116] [HailoRT] [info] [queue_elements.cpp:46] [~BaseQueueElement] Queue element UserBuffQEl15yolov8n/conv52 has 0 frames in his Queue on destruction
[2026-06-21 15:42:43.425] [5137] [HailoRT] [info] [vdevice_native_stream.cpp:331] [read_impl] Failed read from stream HAILO_STREAM_ABORT(63) (device: 0001:01:00.0)
[2026-06-21 15:42:43.425] [5137] [HailoRT] [info] [edge_elements.cpp:396] [run_pull] Reading from stream was aborted!
[2026-06-21 15:42:43.425] [5138] [HailoRT] [info] [queue_elements.cpp:855] [run_in_thread] Shutdown event was signaled in dequeue of UserBuffQEl14yolov8n/conv53!
[2026-06-21 15:42:43.425] [5137] [HailoRT] [info] [queue_elements.cpp:738] [run_in_thread] run_pull of queue element PullQEl_hw_read14yolov8n/conv53 was aborted!
[2026-06-21 15:42:43.425] [5137] [HailoRT] [info] [queue_elements.cpp:68] [operator()] Thread in element PullQEl_hw_read14yolov8n/conv53 is not running anymore, exiting..
[2026-06-21 15:42:43.425] [5116] [HailoRT] [info] [queue_elements.cpp:46] [~BaseQueueElement] Queue element PullQEl_hw_read14yolov8n/conv53 has 0 frames in his Queue on destruction
[2026-06-21 15:42:43.425] [5138] [HailoRT] [info] [queue_elements.cpp:68] [operator()] Thread in element UserBuffQEl14yolov8n/conv53 is not running anymore, exiting..
[2026-06-21 15:42:43.425] [5116] [HailoRT] [info] [queue_elements.cpp:46] [~BaseQueueElement] Queue element UserBuffQEl14yolov8n/conv53 has 0 frames in his Queue on destruction
[2026-06-21 15:42:43.425] [5139] [HailoRT] [info] [vdevice_native_stream.cpp:331] [read_impl] Failed read from stream HAILO_STREAM_ABORT(63) (device: 0001:01:00.0)
[2026-06-21 15:42:43.425] [5139] [HailoRT] [info] [edge_elements.cpp:396] [run_pull] Reading from stream was aborted!
[2026-06-21 15:42:43.425] [5140] [HailoRT] [info] [queue_elements.cpp:855] [run_in_thread] Shutdown event was signaled in dequeue of UserBuffQEl8yolov8n/conv62!
[2026-06-21 15:42:43.425] [5139] [HailoRT] [info] [queue_elements.cpp:738] [run_in_thread] run_pull of queue element PullQEl_hw_read8yolov8n/conv62 was aborted!
[2026-06-21 15:42:43.425] [5139] [HailoRT] [info] [queue_elements.cpp:68] [operator()] Thread in element PullQEl_hw_read8yolov8n/conv62 is not running anymore, exiting..
[2026-06-21 15:42:43.425] [5116] [HailoRT] [info] [queue_elements.cpp:46] [~BaseQueueElement] Queue element PullQEl_hw_read8yolov8n/conv62 has 0 frames in his Queue on destruction
[2026-06-21 15:42:43.425] [5140] [HailoRT] [info] [queue_elements.cpp:68] [operator()] Thread in element UserBuffQEl8yolov8n/conv62 is not running anymore, exiting..
[2026-06-21 15:42:43.425] [5116] [HailoRT] [info] [queue_elements.cpp:46] [~BaseQueueElement] Queue element UserBuffQEl8yolov8n/conv62 has 0 frames in his Queue on destruction
[2026-06-21 15:42:43.425] [5141] [HailoRT] [info] [vdevice_native_stream.cpp:331] [read_impl] Failed read from stream HAILO_STREAM_ABORT(63) (device: 0001:01:00.0)
[2026-06-21 15:42:43.425] [5141] [HailoRT] [info] [edge_elements.cpp:396] [run_pull] Reading from stream was aborted!
[2026-06-21 15:42:43.425] [5142] [HailoRT] [info] [queue_elements.cpp:855] [run_in_thread] Shutdown event was signaled in dequeue of UserBuffQEl2yolov8n/conv63!
[2026-06-21 15:42:43.425] [5141] [HailoRT] [info] [queue_elements.cpp:738] [run_in_thread] run_pull of queue element PullQEl_hw_read2yolov8n/conv63 was aborted!
[2026-06-21 15:42:43.425] [5141] [HailoRT] [info] [queue_elements.cpp:68] [operator()] Thread in element PullQEl_hw_read2yolov8n/conv63 is not running anymore, exiting..
[2026-06-21 15:42:43.425] [5116] [HailoRT] [info] [queue_elements.cpp:46] [~BaseQueueElement] Queue element PullQEl_hw_read2yolov8n/conv63 has 0 frames in his Queue on destruction
[2026-06-21 15:42:43.425] [5142] [HailoRT] [info] [queue_elements.cpp:68] [operator()] Thread in element UserBuffQEl2yolov8n/conv63 is not running anymore, exiting..
[2026-06-21 15:42:43.425] [5116] [HailoRT] [info] [queue_elements.cpp:46] [~BaseQueueElement] Queue element UserBuffQEl2yolov8n/conv63 has 0 frames in his Queue on destruction
[2026-06-21 15:42:43.426] [5116] [HailoRT] [info] [core_op.cpp:186] [deactivate] Deactivating took 0.429805 ms
[2026-06-21 15:42:43.426] [5116] [HailoRT] [info] [core_op.cpp:186] [deactivate] Deactivating took 0.455286 ms
[2026-06-21 15:43:30.571] [5723] [HailoRT] [info] [vdevice.cpp:535] [create] Creating vdevice with params: device_count: 1, scheduling_algorithm: NONE, multi_process_service: false
[2026-06-21 15:43:30.582] [5723] [HailoRT] [info] [device.cpp:51] [Device] OS Version: Linux 6.18.33+rpt-rpi-2712 #1 SMP PREEMPT Debian 1:6.18.33-1+rpt1 (2026-06-01) aarch64
[2026-06-21 15:43:30.582] [5723] [HailoRT] [info] [control.cpp:113] [control__parse_identify_results] firmware_version is: 4.23.0
[2026-06-21 15:43:30.582] [5723] [HailoRT] [info] [vdevice.cpp:682] [create] VDevice Infos: 0001:01:00.0
[2026-06-21 15:43:30.587] [5723] [HailoRT] [info] [internal_buffer_manager.cpp:75] [print_execution_results] Default Internal buffer planner failed to meet requirements
[2026-06-21 15:43:30.587] [5723] [HailoRT] [info] [internal_buffer_manager.cpp:86] [print_execution_results] Default Internal buffer planner executed successfully
[2026-06-21 15:43:30.601] [5723] [HailoRT] [info] [device_internal.cpp:57] [configure] Configuring HEF took 19.190405 milliseconds
[2026-06-21 15:43:30.601] [5723] [HailoRT] [info] [vdevice.cpp:780] [configure] Configuring HEF on VDevice took 19.532923 milliseconds
[2026-06-21 15:43:30.602] [5723] [HailoRT] [info] [hef.cpp:1994] [get_network_group_and_network_name] No name was given. Addressing all networks of default network_group: yolov8n
[2026-06-21 15:43:30.602] [5723] [HailoRT] [info] [hef.cpp:1994] [get_network_group_and_network_name] No name was given. Addressing all networks of default network_group: yolov8n
[2026-06-21 15:43:30.603] [5723] [HailoRT] [info] [core_op.cpp:156] [activate] Activating yolov8n took 0.673201 milliseconds. Note that the function is asynchronous and thus the network is not fully activated yet.
[2026-06-21 15:43:30.603] [5723] [HailoRT] [info] [core_op.cpp:156] [activate] Activating yolov8n took 0.691423 milliseconds. Note that the function is asynchronous and thus the network is not fully activated yet.
[2026-06-21 15:43:30.603] [5723] [HailoRT] [info] [edge_elements.cpp:52] [create] Created (HwWriteEl11yolov8n/input_layer1 | hw_frame_size: 1228800)
[2026-06-21 15:43:30.603] [5723] [HailoRT] [info] [vstream.cpp:754] [InputVStreamImpl] Creating yolov8n/input_layer1...
[2026-06-21 15:43:30.603] [5723] [HailoRT] [info] [vstream_builder.cpp:102] [create_inputs] Input pipeline 'yolov8n/input_layer1': (HwWriteEl11yolov8n/input_layer1 | hw_frame_size: 1228800) >> HW
[2026-06-21 15:43:30.603] [5723] [HailoRT] [info] [edge_elements.cpp:287] [create] Created (HwReadEl13yolov8n/conv41 | hw_frame_size: 409600)
[2026-06-21 15:43:30.614] [5723] [HailoRT] [info] [queue_elements.cpp:657] [create] Created (PullQEl_hw_read13yolov8n/conv41)
[2026-06-21 15:43:30.614] [5723] [HailoRT] [info] [filter_elements.cpp:372] [create] Created (PostInferEl13yolov8n/conv41 | Quantization - src_type: UINT8, dst_type FLOAT32, limvals_min: -15.2439, limvals_max: 13.765)
[2026-06-21 15:43:30.614] [5723] [HailoRT] [info] [queue_elements.cpp:800] [create] Created (UserBuffQEl13yolov8n/conv41 | timeout: 10s)
[2026-06-21 15:43:30.614] [5723] [HailoRT] [info] [vstream.cpp:1114] [OutputVStreamImpl] Creating yolov8n/conv41...
[2026-06-21 15:43:30.614] [5723] [HailoRT] [info] [vstream_builder.cpp:220] [create_outputs] Output pipeline 'yolov8n/conv41': HW >> (HwReadEl13yolov8n/conv41 | hw_frame_size: 409600) >> (PullQEl_hw_read13yolov8n/conv41) >> (PostInferEl13yolov8n/conv41 | Quantization - src_type: UINT8, dst_type FLOAT32, limvals_min: -15.2439, limvals_max: 13.765) >> (UserBuffQEl13yolov8n/conv41 | timeout: 10s)
[2026-06-21 15:43:30.614] [5723] [HailoRT] [info] [edge_elements.cpp:287] [create] Created (HwReadEl12yolov8n/conv42 | hw_frame_size: 32000)
[2026-06-21 15:43:30.614] [5723] [HailoRT] [info] [queue_elements.cpp:657] [create] Created (PullQEl_hw_read12yolov8n/conv42)
[2026-06-21 15:43:30.614] [5723] [HailoRT] [info] [filter_elements.cpp:372] [create] Created (PostInferEl12yolov8n/conv42 | Quantization - src_type: UINT8, dst_type FLOAT32, limvals_min: 0, limvals_max: 1)
[2026-06-21 15:43:30.614] [5723] [HailoRT] [info] [queue_elements.cpp:800] [create] Created (UserBuffQEl12yolov8n/conv42 | timeout: 10s)
[2026-06-21 15:43:30.614] [5723] [HailoRT] [info] [vstream.cpp:1114] [OutputVStreamImpl] Creating yolov8n/conv42...
[2026-06-21 15:43:30.614] [5723] [HailoRT] [info] [vstream_builder.cpp:220] [create_outputs] Output pipeline 'yolov8n/conv42': HW >> (HwReadEl12yolov8n/conv42 | hw_frame_size: 32000) >> (PullQEl_hw_read12yolov8n/conv42) >> (PostInferEl12yolov8n/conv42 | Quantization - src_type: UINT8, dst_type FLOAT32, limvals_min: 0, limvals_max: 1) >> (UserBuffQEl12yolov8n/conv42 | timeout: 10s)
[2026-06-21 15:43:30.614] [5723] [HailoRT] [info] [edge_elements.cpp:287] [create] Created (HwReadEl15yolov8n/conv52 | hw_frame_size: 102400)
[2026-06-21 15:43:30.614] [5723] [HailoRT] [info] [queue_elements.cpp:657] [create] Created (PullQEl_hw_read15yolov8n/conv52)
[2026-06-21 15:43:30.614] [5723] [HailoRT] [info] [filter_elements.cpp:372] [create] Created (PostInferEl15yolov8n/conv52 | Quantization - src_type: UINT8, dst_type FLOAT32, limvals_min: -14.8019, limvals_max: 12.3526)
[2026-06-21 15:43:30.614] [5723] [HailoRT] [info] [queue_elements.cpp:800] [create] Created (UserBuffQEl15yolov8n/conv52 | timeout: 10s)
[2026-06-21 15:43:30.614] [5723] [HailoRT] [info] [vstream.cpp:1114] [OutputVStreamImpl] Creating yolov8n/conv52...
[2026-06-21 15:43:30.614] [5723] [HailoRT] [info] [vstream_builder.cpp:220] [create_outputs] Output pipeline 'yolov8n/conv52': HW >> (HwReadEl15yolov8n/conv52 | hw_frame_size: 102400) >> (PullQEl_hw_read15yolov8n/conv52) >> (PostInferEl15yolov8n/conv52 | Quantization - src_type: UINT8, dst_type FLOAT32, limvals_min: -14.8019, limvals_max: 12.3526) >> (UserBuffQEl15yolov8n/conv52 | timeout: 10s)
[2026-06-21 15:43:30.614] [5723] [HailoRT] [info] [edge_elements.cpp:287] [create] Created (HwReadEl14yolov8n/conv53 | hw_frame_size: 8000)
[2026-06-21 15:43:30.614] [5723] [HailoRT] [info] [queue_elements.cpp:657] [create] Created (PullQEl_hw_read14yolov8n/conv53)
[2026-06-21 15:43:30.614] [5723] [HailoRT] [info] [filter_elements.cpp:372] [create] Created (PostInferEl14yolov8n/conv53 | Quantization - src_type: UINT8, dst_type FLOAT32, limvals_min: 0, limvals_max: 1)
[2026-06-21 15:43:30.614] [5723] [HailoRT] [info] [queue_elements.cpp:800] [create] Created (UserBuffQEl14yolov8n/conv53 | timeout: 10s)
[2026-06-21 15:43:30.614] [5723] [HailoRT] [info] [vstream.cpp:1114] [OutputVStreamImpl] Creating yolov8n/conv53...
[2026-06-21 15:43:30.614] [5723] [HailoRT] [info] [vstream_builder.cpp:220] [create_outputs] Output pipeline 'yolov8n/conv53': HW >> (HwReadEl14yolov8n/conv53 | hw_frame_size: 8000) >> (PullQEl_hw_read14yolov8n/conv53) >> (PostInferEl14yolov8n/conv53 | Quantization - src_type: UINT8, dst_type FLOAT32, limvals_min: 0, limvals_max: 1) >> (UserBuffQEl14yolov8n/conv53 | timeout: 10s)
[2026-06-21 15:43:30.614] [5723] [HailoRT] [info] [edge_elements.cpp:287] [create] Created (HwReadEl8yolov8n/conv62 | hw_frame_size: 25600)
[2026-06-21 15:43:30.614] [5723] [HailoRT] [info] [queue_elements.cpp:657] [create] Created (PullQEl_hw_read8yolov8n/conv62)
[2026-06-21 15:43:30.614] [5723] [HailoRT] [info] [filter_elements.cpp:372] [create] Created (PostInferEl8yolov8n/conv62 | Quantization - src_type: UINT8, dst_type FLOAT32, limvals_min: -15.9876, limvals_max: 12.1285)
[2026-06-21 15:43:30.614] [5723] [HailoRT] [info] [queue_elements.cpp:800] [create] Created (UserBuffQEl8yolov8n/conv62 | timeout: 10s)
[2026-06-21 15:43:30.614] [5723] [HailoRT] [info] [vstream.cpp:1114] [OutputVStreamImpl] Creating yolov8n/conv62...
[2026-06-21 15:43:30.614] [5723] [HailoRT] [info] [vstream_builder.cpp:220] [create_outputs] Output pipeline 'yolov8n/conv62': HW >> (HwReadEl8yolov8n/conv62 | hw_frame_size: 25600) >> (PullQEl_hw_read8yolov8n/conv62) >> (PostInferEl8yolov8n/conv62 | Quantization - src_type: UINT8, dst_type FLOAT32, limvals_min: -15.9876, limvals_max: 12.1285) >> (UserBuffQEl8yolov8n/conv62 | timeout: 10s)
[2026-06-21 15:43:30.614] [5723] [HailoRT] [info] [edge_elements.cpp:287] [create] Created (HwReadEl2yolov8n/conv63 | hw_frame_size: 2000)
[2026-06-21 15:43:30.614] [5723] [HailoRT] [info] [queue_elements.cpp:657] [create] Created (PullQEl_hw_read2yolov8n/conv63)
[2026-06-21 15:43:30.614] [5723] [HailoRT] [info] [filter_elements.cpp:372] [create] Created (PostInferEl2yolov8n/conv63 | Quantization - src_type: UINT8, dst_type FLOAT32, limvals_min: 0, limvals_max: 1 | Reorder - src_order: NHCW, src_shape: (20, 20, 5), dst_order: NHWC, dst_shape: (20, 20, 5))
[2026-06-21 15:43:30.615] [5723] [HailoRT] [info] [queue_elements.cpp:800] [create] Created (UserBuffQEl2yolov8n/conv63 | timeout: 10s)
[2026-06-21 15:43:30.615] [5723] [HailoRT] [info] [vstream.cpp:1114] [OutputVStreamImpl] Creating yolov8n/conv63...
[2026-06-21 15:43:30.615] [5723] [HailoRT] [info] [vstream_builder.cpp:220] [create_outputs] Output pipeline 'yolov8n/conv63': HW >> (HwReadEl2yolov8n/conv63 | hw_frame_size: 2000) >> (PullQEl_hw_read2yolov8n/conv63) >> (PostInferEl2yolov8n/conv63 | Quantization - src_type: UINT8, dst_type FLOAT32, limvals_min: 0, limvals_max: 1 | Reorder - src_order: NHCW, src_shape: (20, 20, 5), dst_order: NHWC, dst_shape: (20, 20, 5)) >> (UserBuffQEl2yolov8n/conv63 | timeout: 10s)
[2026-06-21 15:43:41.298] [5738] [HailoRT] [info] [queue_elements.cpp:855] [run_in_thread] Shutdown event was signaled in dequeue of UserBuffQEl13yolov8n/conv41!
[2026-06-21 15:43:41.298] [5737] [HailoRT] [info] [vdevice_native_stream.cpp:331] [read_impl] Failed read from stream HAILO_STREAM_ABORT(63) (device: 0001:01:00.0)
[2026-06-21 15:43:41.298] [5737] [HailoRT] [info] [edge_elements.cpp:396] [run_pull] Reading from stream was aborted!
[2026-06-21 15:43:41.298] [5737] [HailoRT] [info] [queue_elements.cpp:738] [run_in_thread] run_pull of queue element PullQEl_hw_read13yolov8n/conv41 was aborted!
[2026-06-21 15:43:41.298] [5737] [HailoRT] [info] [queue_elements.cpp:68] [operator()] Thread in element PullQEl_hw_read13yolov8n/conv41 is not running anymore, exiting..
[2026-06-21 15:43:41.298] [5723] [HailoRT] [info] [queue_elements.cpp:46] [~BaseQueueElement] Queue element PullQEl_hw_read13yolov8n/conv41 has 0 frames in his Queue on destruction
[2026-06-21 15:43:41.298] [5738] [HailoRT] [info] [queue_elements.cpp:68] [operator()] Thread in element UserBuffQEl13yolov8n/conv41 is not running anymore, exiting..
[2026-06-21 15:43:41.298] [5723] [HailoRT] [info] [queue_elements.cpp:46] [~BaseQueueElement] Queue element UserBuffQEl13yolov8n/conv41 has 0 frames in his Queue on destruction
[2026-06-21 15:43:41.298] [5740] [HailoRT] [info] [queue_elements.cpp:855] [run_in_thread] Shutdown event was signaled in dequeue of UserBuffQEl12yolov8n/conv42!
[2026-06-21 15:43:41.298] [5739] [HailoRT] [info] [vdevice_native_stream.cpp:331] [read_impl] Failed read from stream HAILO_STREAM_ABORT(63) (device: 0001:01:00.0)
[2026-06-21 15:43:41.298] [5739] [HailoRT] [info] [edge_elements.cpp:396] [run_pull] Reading from stream was aborted!
[2026-06-21 15:43:41.298] [5739] [HailoRT] [info] [queue_elements.cpp:738] [run_in_thread] run_pull of queue element PullQEl_hw_read12yolov8n/conv42 was aborted!
[2026-06-21 15:43:41.298] [5739] [HailoRT] [info] [queue_elements.cpp:68] [operator()] Thread in element PullQEl_hw_read12yolov8n/conv42 is not running anymore, exiting..
[2026-06-21 15:43:41.298] [5723] [HailoRT] [info] [queue_elements.cpp:46] [~BaseQueueElement] Queue element PullQEl_hw_read12yolov8n/conv42 has 0 frames in his Queue on destruction
[2026-06-21 15:43:41.298] [5740] [HailoRT] [info] [queue_elements.cpp:68] [operator()] Thread in element UserBuffQEl12yolov8n/conv42 is not running anymore, exiting..
[2026-06-21 15:43:41.298] [5723] [HailoRT] [info] [queue_elements.cpp:46] [~BaseQueueElement] Queue element UserBuffQEl12yolov8n/conv42 has 0 frames in his Queue on destruction
[2026-06-21 15:43:41.298] [5742] [HailoRT] [info] [queue_elements.cpp:855] [run_in_thread] Shutdown event was signaled in dequeue of UserBuffQEl15yolov8n/conv52!
[2026-06-21 15:43:41.298] [5741] [HailoRT] [info] [vdevice_native_stream.cpp:331] [read_impl] Failed read from stream HAILO_STREAM_ABORT(63) (device: 0001:01:00.0)
[2026-06-21 15:43:41.298] [5741] [HailoRT] [info] [edge_elements.cpp:396] [run_pull] Reading from stream was aborted!
[2026-06-21 15:43:41.299] [5741] [HailoRT] [info] [queue_elements.cpp:738] [run_in_thread] run_pull of queue element PullQEl_hw_read15yolov8n/conv52 was aborted!
[2026-06-21 15:43:41.299] [5741] [HailoRT] [info] [queue_elements.cpp:68] [operator()] Thread in element PullQEl_hw_read15yolov8n/conv52 is not running anymore, exiting..
[2026-06-21 15:43:41.299] [5723] [HailoRT] [info] [queue_elements.cpp:46] [~BaseQueueElement] Queue element PullQEl_hw_read15yolov8n/conv52 has 0 frames in his Queue on destruction
[2026-06-21 15:43:41.299] [5742] [HailoRT] [info] [queue_elements.cpp:68] [operator()] Thread in element UserBuffQEl15yolov8n/conv52 is not running anymore, exiting..
[2026-06-21 15:43:41.299] [5723] [HailoRT] [info] [queue_elements.cpp:46] [~BaseQueueElement] Queue element UserBuffQEl15yolov8n/conv52 has 0 frames in his Queue on destruction
[2026-06-21 15:43:41.299] [5744] [HailoRT] [info] [queue_elements.cpp:855] [run_in_thread] Shutdown event was signaled in dequeue of UserBuffQEl14yolov8n/conv53!
[2026-06-21 15:43:41.299] [5743] [HailoRT] [info] [vdevice_native_stream.cpp:331] [read_impl] Failed read from stream HAILO_STREAM_ABORT(63) (device: 0001:01:00.0)
[2026-06-21 15:43:41.299] [5743] [HailoRT] [info] [edge_elements.cpp:396] [run_pull] Reading from stream was aborted!
[2026-06-21 15:43:41.299] [5743] [HailoRT] [info] [queue_elements.cpp:738] [run_in_thread] run_pull of queue element PullQEl_hw_read14yolov8n/conv53 was aborted!
[2026-06-21 15:43:41.299] [5743] [HailoRT] [info] [queue_elements.cpp:68] [operator()] Thread in element PullQEl_hw_read14yolov8n/conv53 is not running anymore, exiting..
[2026-06-21 15:43:41.299] [5723] [HailoRT] [info] [queue_elements.cpp:46] [~BaseQueueElement] Queue element PullQEl_hw_read14yolov8n/conv53 has 0 frames in his Queue on destruction
[2026-06-21 15:43:41.299] [5744] [HailoRT] [info] [queue_elements.cpp:68] [operator()] Thread in element UserBuffQEl14yolov8n/conv53 is not running anymore, exiting..
[2026-06-21 15:43:41.299] [5723] [HailoRT] [info] [queue_elements.cpp:46] [~BaseQueueElement] Queue element UserBuffQEl14yolov8n/conv53 has 0 frames in his Queue on destruction
[2026-06-21 15:43:41.299] [5745] [HailoRT] [info] [vdevice_native_stream.cpp:331] [read_impl] Failed read from stream HAILO_STREAM_ABORT(63) (device: 0001:01:00.0)
[2026-06-21 15:43:41.299] [5745] [HailoRT] [info] [edge_elements.cpp:396] [run_pull] Reading from stream was aborted!
[2026-06-21 15:43:41.299] [5746] [HailoRT] [info] [queue_elements.cpp:855] [run_in_thread] Shutdown event was signaled in dequeue of UserBuffQEl8yolov8n/conv62!
[2026-06-21 15:43:41.299] [5745] [HailoRT] [info] [queue_elements.cpp:738] [run_in_thread] run_pull of queue element PullQEl_hw_read8yolov8n/conv62 was aborted!
[2026-06-21 15:43:41.299] [5745] [HailoRT] [info] [queue_elements.cpp:68] [operator()] Thread in element PullQEl_hw_read8yolov8n/conv62 is not running anymore, exiting..
[2026-06-21 15:43:41.299] [5723] [HailoRT] [info] [queue_elements.cpp:46] [~BaseQueueElement] Queue element PullQEl_hw_read8yolov8n/conv62 has 0 frames in his Queue on destruction
[2026-06-21 15:43:41.299] [5746] [HailoRT] [info] [queue_elements.cpp:68] [operator()] Thread in element UserBuffQEl8yolov8n/conv62 is not running anymore, exiting..
[2026-06-21 15:43:41.299] [5723] [HailoRT] [info] [queue_elements.cpp:46] [~BaseQueueElement] Queue element UserBuffQEl8yolov8n/conv62 has 0 frames in his Queue on destruction
[2026-06-21 15:43:41.299] [5747] [HailoRT] [info] [vdevice_native_stream.cpp:331] [read_impl] Failed read from stream HAILO_STREAM_ABORT(63) (device: 0001:01:00.0)
[2026-06-21 15:43:41.299] [5747] [HailoRT] [info] [edge_elements.cpp:396] [run_pull] Reading from stream was aborted!
[2026-06-21 15:43:41.299] [5748] [HailoRT] [info] [queue_elements.cpp:855] [run_in_thread] Shutdown event was signaled in dequeue of UserBuffQEl2yolov8n/conv63!
[2026-06-21 15:43:41.299] [5747] [HailoRT] [info] [queue_elements.cpp:738] [run_in_thread] run_pull of queue element PullQEl_hw_read2yolov8n/conv63 was aborted!
[2026-06-21 15:43:41.299] [5747] [HailoRT] [info] [queue_elements.cpp:68] [operator()] Thread in element PullQEl_hw_read2yolov8n/conv63 is not running anymore, exiting..
[2026-06-21 15:43:41.299] [5723] [HailoRT] [info] [queue_elements.cpp:46] [~BaseQueueElement] Queue element PullQEl_hw_read2yolov8n/conv63 has 0 frames in his Queue on destruction
[2026-06-21 15:43:41.299] [5748] [HailoRT] [info] [queue_elements.cpp:68] [operator()] Thread in element UserBuffQEl2yolov8n/conv63 is not running anymore, exiting..
[2026-06-21 15:43:41.299] [5723] [HailoRT] [info] [queue_elements.cpp:46] [~BaseQueueElement] Queue element UserBuffQEl2yolov8n/conv63 has 0 frames in his Queue on destruction
[2026-06-21 15:43:41.299] [5723] [HailoRT] [info] [core_op.cpp:186] [deactivate] Deactivating took 0.432518 ms
[2026-06-21 15:43:41.299] [5723] [HailoRT] [info] [core_op.cpp:186] [deactivate] Deactivating took 0.448037 ms
[2026-06-21 15:44:20.760] [6761] [HailoRT] [info] [vdevice.cpp:535] [create] Creating vdevice with params: device_count: 1, scheduling_algorithm: NONE, multi_process_service: false
[2026-06-21 15:44:20.772] [6761] [HailoRT] [info] [device.cpp:51] [Device] OS Version: Linux 6.18.33+rpt-rpi-2712 #1 SMP PREEMPT Debian 1:6.18.33-1+rpt1 (2026-06-01) aarch64
[2026-06-21 15:44:20.772] [6761] [HailoRT] [info] [control.cpp:113] [control__parse_identify_results] firmware_version is: 4.23.0
[2026-06-21 15:44:20.772] [6761] [HailoRT] [info] [vdevice.cpp:682] [create] VDevice Infos: 0001:01:00.0
[2026-06-21 15:44:20.777] [6761] [HailoRT] [info] [internal_buffer_manager.cpp:75] [print_execution_results] Default Internal buffer planner failed to meet requirements
[2026-06-21 15:44:20.777] [6761] [HailoRT] [info] [internal_buffer_manager.cpp:86] [print_execution_results] Default Internal buffer planner executed successfully
[2026-06-21 15:44:20.791] [6761] [HailoRT] [info] [device_internal.cpp:57] [configure] Configuring HEF took 19.041364 milliseconds
[2026-06-21 15:44:20.791] [6761] [HailoRT] [info] [vdevice.cpp:780] [configure] Configuring HEF on VDevice took 19.36383 milliseconds
[2026-06-21 15:44:20.792] [6761] [HailoRT] [info] [hef.cpp:1994] [get_network_group_and_network_name] No name was given. Addressing all networks of default network_group: yolov8n
[2026-06-21 15:44:20.792] [6761] [HailoRT] [info] [hef.cpp:1994] [get_network_group_and_network_name] No name was given. Addressing all networks of default network_group: yolov8n
[2026-06-21 15:44:20.793] [6761] [HailoRT] [info] [core_op.cpp:156] [activate] Activating yolov8n took 0.63484 milliseconds. Note that the function is asynchronous and thus the network is not fully activated yet.
[2026-06-21 15:44:20.793] [6761] [HailoRT] [info] [core_op.cpp:156] [activate] Activating yolov8n took 0.646654 milliseconds. Note that the function is asynchronous and thus the network is not fully activated yet.
[2026-06-21 15:44:20.793] [6761] [HailoRT] [info] [edge_elements.cpp:52] [create] Created (HwWriteEl11yolov8n/input_layer1 | hw_frame_size: 1228800)
[2026-06-21 15:44:20.793] [6761] [HailoRT] [info] [vstream.cpp:754] [InputVStreamImpl] Creating yolov8n/input_layer1...
[2026-06-21 15:44:20.793] [6761] [HailoRT] [info] [vstream_builder.cpp:102] [create_inputs] Input pipeline 'yolov8n/input_layer1': (HwWriteEl11yolov8n/input_layer1 | hw_frame_size: 1228800) >> HW
[2026-06-21 15:44:20.793] [6761] [HailoRT] [info] [edge_elements.cpp:287] [create] Created (HwReadEl13yolov8n/conv41 | hw_frame_size: 409600)
[2026-06-21 15:44:20.798] [6761] [HailoRT] [info] [queue_elements.cpp:657] [create] Created (PullQEl_hw_read13yolov8n/conv41)
[2026-06-21 15:44:20.798] [6761] [HailoRT] [info] [filter_elements.cpp:372] [create] Created (PostInferEl13yolov8n/conv41 | Quantization - src_type: UINT8, dst_type FLOAT32, limvals_min: -15.2439, limvals_max: 13.765)
[2026-06-21 15:44:20.798] [6761] [HailoRT] [info] [queue_elements.cpp:800] [create] Created (UserBuffQEl13yolov8n/conv41 | timeout: 10s)
[2026-06-21 15:44:20.798] [6761] [HailoRT] [info] [vstream.cpp:1114] [OutputVStreamImpl] Creating yolov8n/conv41...
[2026-06-21 15:44:20.798] [6761] [HailoRT] [info] [vstream_builder.cpp:220] [create_outputs] Output pipeline 'yolov8n/conv41': HW >> (HwReadEl13yolov8n/conv41 | hw_frame_size: 409600) >> (PullQEl_hw_read13yolov8n/conv41) >> (PostInferEl13yolov8n/conv41 | Quantization - src_type: UINT8, dst_type FLOAT32, limvals_min: -15.2439, limvals_max: 13.765) >> (UserBuffQEl13yolov8n/conv41 | timeout: 10s)
[2026-06-21 15:44:20.798] [6761] [HailoRT] [info] [edge_elements.cpp:287] [create] Created (HwReadEl12yolov8n/conv42 | hw_frame_size: 32000)
[2026-06-21 15:44:20.798] [6761] [HailoRT] [info] [queue_elements.cpp:657] [create] Created (PullQEl_hw_read12yolov8n/conv42)
[2026-06-21 15:44:20.798] [6761] [HailoRT] [info] [filter_elements.cpp:372] [create] Created (PostInferEl12yolov8n/conv42 | Quantization - src_type: UINT8, dst_type FLOAT32, limvals_min: 0, limvals_max: 1)
[2026-06-21 15:44:20.798] [6761] [HailoRT] [info] [queue_elements.cpp:800] [create] Created (UserBuffQEl12yolov8n/conv42 | timeout: 10s)
[2026-06-21 15:44:20.798] [6761] [HailoRT] [info] [vstream.cpp:1114] [OutputVStreamImpl] Creating yolov8n/conv42...
[2026-06-21 15:44:20.798] [6761] [HailoRT] [info] [vstream_builder.cpp:220] [create_outputs] Output pipeline 'yolov8n/conv42': HW >> (HwReadEl12yolov8n/conv42 | hw_frame_size: 32000) >> (PullQEl_hw_read12yolov8n/conv42) >> (PostInferEl12yolov8n/conv42 | Quantization - src_type: UINT8, dst_type FLOAT32, limvals_min: 0, limvals_max: 1) >> (UserBuffQEl12yolov8n/conv42 | timeout: 10s)
[2026-06-21 15:44:20.798] [6761] [HailoRT] [info] [edge_elements.cpp:287] [create] Created (HwReadEl15yolov8n/conv52 | hw_frame_size: 102400)
[2026-06-21 15:44:20.798] [6761] [HailoRT] [info] [queue_elements.cpp:657] [create] Created (PullQEl_hw_read15yolov8n/conv52)
[2026-06-21 15:44:20.798] [6761] [HailoRT] [info] [filter_elements.cpp:372] [create] Created (PostInferEl15yolov8n/conv52 | Quantization - src_type: UINT8, dst_type FLOAT32, limvals_min: -14.8019, limvals_max: 12.3526)
[2026-06-21 15:44:20.798] [6761] [HailoRT] [info] [queue_elements.cpp:800] [create] Created (UserBuffQEl15yolov8n/conv52 | timeout: 10s)
[2026-06-21 15:44:20.798] [6761] [HailoRT] [info] [vstream.cpp:1114] [OutputVStreamImpl] Creating yolov8n/conv52...
[2026-06-21 15:44:20.798] [6761] [HailoRT] [info] [vstream_builder.cpp:220] [create_outputs] Output pipeline 'yolov8n/conv52': HW >> (HwReadEl15yolov8n/conv52 | hw_frame_size: 102400) >> (PullQEl_hw_read15yolov8n/conv52) >> (PostInferEl15yolov8n/conv52 | Quantization - src_type: UINT8, dst_type FLOAT32, limvals_min: -14.8019, limvals_max: 12.3526) >> (UserBuffQEl15yolov8n/conv52 | timeout: 10s)
[2026-06-21 15:44:20.798] [6761] [HailoRT] [info] [edge_elements.cpp:287] [create] Created (HwReadEl14yolov8n/conv53 | hw_frame_size: 8000)
[2026-06-21 15:44:20.798] [6761] [HailoRT] [info] [queue_elements.cpp:657] [create] Created (PullQEl_hw_read14yolov8n/conv53)
[2026-06-21 15:44:20.798] [6761] [HailoRT] [info] [filter_elements.cpp:372] [create] Created (PostInferEl14yolov8n/conv53 | Quantization - src_type: UINT8, dst_type FLOAT32, limvals_min: 0, limvals_max: 1)
[2026-06-21 15:44:20.798] [6761] [HailoRT] [info] [queue_elements.cpp:800] [create] Created (UserBuffQEl14yolov8n/conv53 | timeout: 10s)
[2026-06-21 15:44:20.798] [6761] [HailoRT] [info] [vstream.cpp:1114] [OutputVStreamImpl] Creating yolov8n/conv53...
[2026-06-21 15:44:20.798] [6761] [HailoRT] [info] [vstream_builder.cpp:220] [create_outputs] Output pipeline 'yolov8n/conv53': HW >> (HwReadEl14yolov8n/conv53 | hw_frame_size: 8000) >> (PullQEl_hw_read14yolov8n/conv53) >> (PostInferEl14yolov8n/conv53 | Quantization - src_type: UINT8, dst_type FLOAT32, limvals_min: 0, limvals_max: 1) >> (UserBuffQEl14yolov8n/conv53 | timeout: 10s)
[2026-06-21 15:44:20.798] [6761] [HailoRT] [info] [edge_elements.cpp:287] [create] Created (HwReadEl8yolov8n/conv62 | hw_frame_size: 25600)
[2026-06-21 15:44:20.798] [6761] [HailoRT] [info] [queue_elements.cpp:657] [create] Created (PullQEl_hw_read8yolov8n/conv62)
[2026-06-21 15:44:20.798] [6761] [HailoRT] [info] [filter_elements.cpp:372] [create] Created (PostInferEl8yolov8n/conv62 | Quantization - src_type: UINT8, dst_type FLOAT32, limvals_min: -15.9876, limvals_max: 12.1285)
[2026-06-21 15:44:20.798] [6761] [HailoRT] [info] [queue_elements.cpp:800] [create] Created (UserBuffQEl8yolov8n/conv62 | timeout: 10s)
[2026-06-21 15:44:20.798] [6761] [HailoRT] [info] [vstream.cpp:1114] [OutputVStreamImpl] Creating yolov8n/conv62...
[2026-06-21 15:44:20.798] [6761] [HailoRT] [info] [vstream_builder.cpp:220] [create_outputs] Output pipeline 'yolov8n/conv62': HW >> (HwReadEl8yolov8n/conv62 | hw_frame_size: 25600) >> (PullQEl_hw_read8yolov8n/conv62) >> (PostInferEl8yolov8n/conv62 | Quantization - src_type: UINT8, dst_type FLOAT32, limvals_min: -15.9876, limvals_max: 12.1285) >> (UserBuffQEl8yolov8n/conv62 | timeout: 10s)
[2026-06-21 15:44:20.799] [6761] [HailoRT] [info] [edge_elements.cpp:287] [create] Created (HwReadEl2yolov8n/conv63 | hw_frame_size: 2000)
[2026-06-21 15:44:20.799] [6761] [HailoRT] [info] [queue_elements.cpp:657] [create] Created (PullQEl_hw_read2yolov8n/conv63)
[2026-06-21 15:44:20.799] [6761] [HailoRT] [info] [filter_elements.cpp:372] [create] Created (PostInferEl2yolov8n/conv63 | Quantization - src_type: UINT8, dst_type FLOAT32, limvals_min: 0, limvals_max: 1 | Reorder - src_order: NHCW, src_shape: (20, 20, 5), dst_order: NHWC, dst_shape: (20, 20, 5))
[2026-06-21 15:44:20.799] [6761] [HailoRT] [info] [queue_elements.cpp:800] [create] Created (UserBuffQEl2yolov8n/conv63 | timeout: 10s)
[2026-06-21 15:44:20.799] [6761] [HailoRT] [info] [vstream.cpp:1114] [OutputVStreamImpl] Creating yolov8n/conv63...
[2026-06-21 15:44:20.799] [6761] [HailoRT] [info] [vstream_builder.cpp:220] [create_outputs] Output pipeline 'yolov8n/conv63': HW >> (HwReadEl2yolov8n/conv63 | hw_frame_size: 2000) >> (PullQEl_hw_read2yolov8n/conv63) >> (PostInferEl2yolov8n/conv63 | Quantization - src_type: UINT8, dst_type FLOAT32, limvals_min: 0, limvals_max: 1 | Reorder - src_order: NHCW, src_shape: (20, 20, 5), dst_order: NHWC, dst_shape: (20, 20, 5)) >> (UserBuffQEl2yolov8n/conv63 | timeout: 10s)
[2026-06-21 15:44:21.596] [6775] [HailoRT] [info] [vdevice_native_stream.cpp:331] [read_impl] Failed read from stream HAILO_STREAM_ABORT(63) (device: 0001:01:00.0)
[2026-06-21 15:44:21.596] [6776] [HailoRT] [info] [queue_elements.cpp:855] [run_in_thread] Shutdown event was signaled in dequeue of UserBuffQEl13yolov8n/conv41!
[2026-06-21 15:44:21.596] [6775] [HailoRT] [info] [edge_elements.cpp:396] [run_pull] Reading from stream was aborted!
[2026-06-21 15:44:21.596] [6775] [HailoRT] [info] [queue_elements.cpp:738] [run_in_thread] run_pull of queue element PullQEl_hw_read13yolov8n/conv41 was aborted!
[2026-06-21 15:44:21.596] [6775] [HailoRT] [info] [queue_elements.cpp:68] [operator()] Thread in element PullQEl_hw_read13yolov8n/conv41 is not running anymore, exiting..
[2026-06-21 15:44:21.596] [6761] [HailoRT] [info] [queue_elements.cpp:46] [~BaseQueueElement] Queue element PullQEl_hw_read13yolov8n/conv41 has 0 frames in his Queue on destruction
[2026-06-21 15:44:21.596] [6776] [HailoRT] [info] [queue_elements.cpp:68] [operator()] Thread in element UserBuffQEl13yolov8n/conv41 is not running anymore, exiting..
[2026-06-21 15:44:21.596] [6761] [HailoRT] [info] [queue_elements.cpp:46] [~BaseQueueElement] Queue element UserBuffQEl13yolov8n/conv41 has 0 frames in his Queue on destruction
[2026-06-21 15:44:21.596] [6777] [HailoRT] [info] [vdevice_native_stream.cpp:331] [read_impl] Failed read from stream HAILO_STREAM_ABORT(63) (device: 0001:01:00.0)
[2026-06-21 15:44:21.596] [6777] [HailoRT] [info] [edge_elements.cpp:396] [run_pull] Reading from stream was aborted!
[2026-06-21 15:44:21.596] [6778] [HailoRT] [info] [queue_elements.cpp:855] [run_in_thread] Shutdown event was signaled in dequeue of UserBuffQEl12yolov8n/conv42!
[2026-06-21 15:44:21.596] [6777] [HailoRT] [info] [queue_elements.cpp:738] [run_in_thread] run_pull of queue element PullQEl_hw_read12yolov8n/conv42 was aborted!
[2026-06-21 15:44:21.596] [6777] [HailoRT] [info] [queue_elements.cpp:68] [operator()] Thread in element PullQEl_hw_read12yolov8n/conv42 is not running anymore, exiting..
[2026-06-21 15:44:21.596] [6761] [HailoRT] [info] [queue_elements.cpp:46] [~BaseQueueElement] Queue element PullQEl_hw_read12yolov8n/conv42 has 0 frames in his Queue on destruction
[2026-06-21 15:44:21.596] [6778] [HailoRT] [info] [queue_elements.cpp:68] [operator()] Thread in element UserBuffQEl12yolov8n/conv42 is not running anymore, exiting..
[2026-06-21 15:44:21.596] [6761] [HailoRT] [info] [queue_elements.cpp:46] [~BaseQueueElement] Queue element UserBuffQEl12yolov8n/conv42 has 0 frames in his Queue on destruction
[2026-06-21 15:44:21.596] [6780] [HailoRT] [info] [queue_elements.cpp:855] [run_in_thread] Shutdown event was signaled in dequeue of UserBuffQEl15yolov8n/conv52!
[2026-06-21 15:44:21.596] [6779] [HailoRT] [info] [vdevice_native_stream.cpp:331] [read_impl] Failed read from stream HAILO_STREAM_ABORT(63) (device: 0001:01:00.0)
[2026-06-21 15:44:21.596] [6779] [HailoRT] [info] [edge_elements.cpp:396] [run_pull] Reading from stream was aborted!
[2026-06-21 15:44:21.596] [6779] [HailoRT] [info] [queue_elements.cpp:738] [run_in_thread] run_pull of queue element PullQEl_hw_read15yolov8n/conv52 was aborted!
[2026-06-21 15:44:21.596] [6779] [HailoRT] [info] [queue_elements.cpp:68] [operator()] Thread in element PullQEl_hw_read15yolov8n/conv52 is not running anymore, exiting..
[2026-06-21 15:44:21.596] [6761] [HailoRT] [info] [queue_elements.cpp:46] [~BaseQueueElement] Queue element PullQEl_hw_read15yolov8n/conv52 has 0 frames in his Queue on destruction
[2026-06-21 15:44:21.596] [6780] [HailoRT] [info] [queue_elements.cpp:68] [operator()] Thread in element UserBuffQEl15yolov8n/conv52 is not running anymore, exiting..
[2026-06-21 15:44:21.596] [6761] [HailoRT] [info] [queue_elements.cpp:46] [~BaseQueueElement] Queue element UserBuffQEl15yolov8n/conv52 has 0 frames in his Queue on destruction
[2026-06-21 15:44:21.596] [6781] [HailoRT] [info] [vdevice_native_stream.cpp:331] [read_impl] Failed read from stream HAILO_STREAM_ABORT(63) (device: 0001:01:00.0)
[2026-06-21 15:44:21.596] [6781] [HailoRT] [info] [edge_elements.cpp:396] [run_pull] Reading from stream was aborted!
[2026-06-21 15:44:21.596] [6782] [HailoRT] [info] [queue_elements.cpp:855] [run_in_thread] Shutdown event was signaled in dequeue of UserBuffQEl14yolov8n/conv53!
[2026-06-21 15:44:21.596] [6781] [HailoRT] [info] [queue_elements.cpp:738] [run_in_thread] run_pull of queue element PullQEl_hw_read14yolov8n/conv53 was aborted!
[2026-06-21 15:44:21.596] [6781] [HailoRT] [info] [queue_elements.cpp:68] [operator()] Thread in element PullQEl_hw_read14yolov8n/conv53 is not running anymore, exiting..
[2026-06-21 15:44:21.596] [6761] [HailoRT] [info] [queue_elements.cpp:46] [~BaseQueueElement] Queue element PullQEl_hw_read14yolov8n/conv53 has 0 frames in his Queue on destruction
[2026-06-21 15:44:21.596] [6782] [HailoRT] [info] [queue_elements.cpp:68] [operator()] Thread in element UserBuffQEl14yolov8n/conv53 is not running anymore, exiting..
[2026-06-21 15:44:21.596] [6761] [HailoRT] [info] [queue_elements.cpp:46] [~BaseQueueElement] Queue element UserBuffQEl14yolov8n/conv53 has 0 frames in his Queue on destruction
[2026-06-21 15:44:21.596] [6783] [HailoRT] [info] [vdevice_native_stream.cpp:331] [read_impl] Failed read from stream HAILO_STREAM_ABORT(63) (device: 0001:01:00.0)
[2026-06-21 15:44:21.596] [6783] [HailoRT] [info] [edge_elements.cpp:396] [run_pull] Reading from stream was aborted!
[2026-06-21 15:44:21.596] [6783] [HailoRT] [info] [queue_elements.cpp:738] [run_in_thread] run_pull of queue element PullQEl_hw_read8yolov8n/conv62 was aborted!
[2026-06-21 15:44:21.597] [6784] [HailoRT] [info] [queue_elements.cpp:855] [run_in_thread] Shutdown event was signaled in dequeue of UserBuffQEl8yolov8n/conv62!
[2026-06-21 15:44:21.597] [6783] [HailoRT] [info] [queue_elements.cpp:68] [operator()] Thread in element PullQEl_hw_read8yolov8n/conv62 is not running anymore, exiting..
[2026-06-21 15:44:21.597] [6761] [HailoRT] [info] [queue_elements.cpp:46] [~BaseQueueElement] Queue element PullQEl_hw_read8yolov8n/conv62 has 0 frames in his Queue on destruction
[2026-06-21 15:44:21.597] [6784] [HailoRT] [info] [queue_elements.cpp:68] [operator()] Thread in element UserBuffQEl8yolov8n/conv62 is not running anymore, exiting..
[2026-06-21 15:44:21.597] [6761] [HailoRT] [info] [queue_elements.cpp:46] [~BaseQueueElement] Queue element UserBuffQEl8yolov8n/conv62 has 0 frames in his Queue on destruction
[2026-06-21 15:44:21.597] [6786] [HailoRT] [info] [queue_elements.cpp:855] [run_in_thread] Shutdown event was signaled in dequeue of UserBuffQEl2yolov8n/conv63!
[2026-06-21 15:44:21.597] [6785] [HailoRT] [info] [vdevice_native_stream.cpp:331] [read_impl] Failed read from stream HAILO_STREAM_ABORT(63) (device: 0001:01:00.0)
[2026-06-21 15:44:21.597] [6785] [HailoRT] [info] [edge_elements.cpp:396] [run_pull] Reading from stream was aborted!
[2026-06-21 15:44:21.597] [6785] [HailoRT] [info] [queue_elements.cpp:738] [run_in_thread] run_pull of queue element PullQEl_hw_read2yolov8n/conv63 was aborted!
[2026-06-21 15:44:21.597] [6785] [HailoRT] [info] [queue_elements.cpp:68] [operator()] Thread in element PullQEl_hw_read2yolov8n/conv63 is not running anymore, exiting..
[2026-06-21 15:44:21.597] [6761] [HailoRT] [info] [queue_elements.cpp:46] [~BaseQueueElement] Queue element PullQEl_hw_read2yolov8n/conv63 has 0 frames in his Queue on destruction
[2026-06-21 15:44:21.597] [6786] [HailoRT] [info] [queue_elements.cpp:68] [operator()] Thread in element UserBuffQEl2yolov8n/conv63 is not running anymore, exiting..
[2026-06-21 15:44:21.597] [6761] [HailoRT] [info] [queue_elements.cpp:46] [~BaseQueueElement] Queue element UserBuffQEl2yolov8n/conv63 has 0 frames in his Queue on destruction
[2026-06-21 15:44:21.598] [6761] [HailoRT] [info] [core_op.cpp:186] [deactivate] Deactivating took 0.45682 ms
[2026-06-21 15:44:21.598] [6761] [HailoRT] [info] [core_op.cpp:186] [deactivate] Deactivating took 0.47056 ms
[2026-06-21 15:49:10.801] [1895] [HailoRT] [info] [vdevice.cpp:535] [create] Creating vdevice with params: device_count: 1, scheduling_algorithm: NONE, multi_process_service: false
[2026-06-21 15:49:10.819] [1895] [HailoRT] [info] [device.cpp:51] [Device] OS Version: Linux 6.18.33+rpt-rpi-2712 #1 SMP PREEMPT Debian 1:6.18.33-1+rpt1 (2026-06-01) aarch64
[2026-06-21 15:49:10.821] [1895] [HailoRT] [info] [control.cpp:113] [control__parse_identify_results] firmware_version is: 4.23.0
[2026-06-21 15:49:10.821] [1895] [HailoRT] [info] [vdevice.cpp:682] [create] VDevice Infos: 0001:01:00.0
[2026-06-21 15:49:10.830] [1895] [HailoRT] [info] [internal_buffer_manager.cpp:75] [print_execution_results] Default Internal buffer planner failed to meet requirements
[2026-06-21 15:49:10.830] [1895] [HailoRT] [info] [internal_buffer_manager.cpp:86] [print_execution_results] Default Internal buffer planner executed successfully
[2026-06-21 15:49:10.844] [1895] [HailoRT] [info] [device_internal.cpp:57] [configure] Configuring HEF took 21.774629 milliseconds
[2026-06-21 15:49:10.844] [1895] [HailoRT] [info] [vdevice.cpp:780] [configure] Configuring HEF on VDevice took 22.447945 milliseconds
[2026-06-21 15:49:10.844] [1895] [HailoRT] [info] [hef.cpp:1994] [get_network_group_and_network_name] No name was given. Addressing all networks of default network_group: yolov8n
[2026-06-21 15:49:10.844] [1895] [HailoRT] [info] [hef.cpp:1994] [get_network_group_and_network_name] No name was given. Addressing all networks of default network_group: yolov8n
[2026-06-21 15:49:10.846] [1895] [HailoRT] [info] [core_op.cpp:156] [activate] Activating yolov8n took 0.637574 milliseconds. Note that the function is asynchronous and thus the network is not fully activated yet.
[2026-06-21 15:49:10.846] [1895] [HailoRT] [info] [core_op.cpp:156] [activate] Activating yolov8n took 0.6545 milliseconds. Note that the function is asynchronous and thus the network is not fully activated yet.
[2026-06-21 15:49:10.849] [1895] [HailoRT] [info] [edge_elements.cpp:52] [create] Created (HwWriteEl11yolov8n/input_layer1 | hw_frame_size: 1228800)
[2026-06-21 15:49:10.850] [1895] [HailoRT] [info] [vstream.cpp:754] [InputVStreamImpl] Creating yolov8n/input_layer1...
[2026-06-21 15:49:10.850] [1895] [HailoRT] [info] [vstream_builder.cpp:102] [create_inputs] Input pipeline 'yolov8n/input_layer1': (HwWriteEl11yolov8n/input_layer1 | hw_frame_size: 1228800) >> HW
[2026-06-21 15:49:10.850] [1895] [HailoRT] [info] [edge_elements.cpp:287] [create] Created (HwReadEl13yolov8n/conv41 | hw_frame_size: 409600)
[2026-06-21 15:49:10.855] [1895] [HailoRT] [info] [queue_elements.cpp:657] [create] Created (PullQEl_hw_read13yolov8n/conv41)
[2026-06-21 15:49:10.855] [1895] [HailoRT] [info] [filter_elements.cpp:372] [create] Created (PostInferEl13yolov8n/conv41 | Quantization - src_type: UINT8, dst_type FLOAT32, limvals_min: -15.2439, limvals_max: 13.765)
[2026-06-21 15:49:10.856] [1895] [HailoRT] [info] [queue_elements.cpp:800] [create] Created (UserBuffQEl13yolov8n/conv41 | timeout: 10s)
[2026-06-21 15:49:10.856] [1895] [HailoRT] [info] [vstream.cpp:1114] [OutputVStreamImpl] Creating yolov8n/conv41...
[2026-06-21 15:49:10.856] [1895] [HailoRT] [info] [vstream_builder.cpp:220] [create_outputs] Output pipeline 'yolov8n/conv41': HW >> (HwReadEl13yolov8n/conv41 | hw_frame_size: 409600) >> (PullQEl_hw_read13yolov8n/conv41) >> (PostInferEl13yolov8n/conv41 | Quantization - src_type: UINT8, dst_type FLOAT32, limvals_min: -15.2439, limvals_max: 13.765) >> (UserBuffQEl13yolov8n/conv41 | timeout: 10s)
[2026-06-21 15:49:10.856] [1895] [HailoRT] [info] [edge_elements.cpp:287] [create] Created (HwReadEl12yolov8n/conv42 | hw_frame_size: 32000)
[2026-06-21 15:49:10.856] [1895] [HailoRT] [info] [queue_elements.cpp:657] [create] Created (PullQEl_hw_read12yolov8n/conv42)
[2026-06-21 15:49:10.856] [1895] [HailoRT] [info] [filter_elements.cpp:372] [create] Created (PostInferEl12yolov8n/conv42 | Quantization - src_type: UINT8, dst_type FLOAT32, limvals_min: 0, limvals_max: 1)
[2026-06-21 15:49:10.857] [1895] [HailoRT] [info] [queue_elements.cpp:800] [create] Created (UserBuffQEl12yolov8n/conv42 | timeout: 10s)
[2026-06-21 15:49:10.858] [1895] [HailoRT] [info] [vstream.cpp:1114] [OutputVStreamImpl] Creating yolov8n/conv42...
[2026-06-21 15:49:10.858] [1895] [HailoRT] [info] [vstream_builder.cpp:220] [create_outputs] Output pipeline 'yolov8n/conv42': HW >> (HwReadEl12yolov8n/conv42 | hw_frame_size: 32000) >> (PullQEl_hw_read12yolov8n/conv42) >> (PostInferEl12yolov8n/conv42 | Quantization - src_type: UINT8, dst_type FLOAT32, limvals_min: 0, limvals_max: 1) >> (UserBuffQEl12yolov8n/conv42 | timeout: 10s)
[2026-06-21 15:49:10.858] [1895] [HailoRT] [info] [edge_elements.cpp:287] [create] Created (HwReadEl15yolov8n/conv52 | hw_frame_size: 102400)
[2026-06-21 15:49:10.858] [1895] [HailoRT] [info] [queue_elements.cpp:657] [create] Created (PullQEl_hw_read15yolov8n/conv52)
[2026-06-21 15:49:10.858] [1895] [HailoRT] [info] [filter_elements.cpp:372] [create] Created (PostInferEl15yolov8n/conv52 | Quantization - src_type: UINT8, dst_type FLOAT32, limvals_min: -14.8019, limvals_max: 12.3526)
[2026-06-21 15:49:10.858] [1895] [HailoRT] [info] [queue_elements.cpp:800] [create] Created (UserBuffQEl15yolov8n/conv52 | timeout: 10s)
[2026-06-21 15:49:10.858] [1895] [HailoRT] [info] [vstream.cpp:1114] [OutputVStreamImpl] Creating yolov8n/conv52...
[2026-06-21 15:49:10.858] [1895] [HailoRT] [info] [vstream_builder.cpp:220] [create_outputs] Output pipeline 'yolov8n/conv52': HW >> (HwReadEl15yolov8n/conv52 | hw_frame_size: 102400) >> (PullQEl_hw_read15yolov8n/conv52) >> (PostInferEl15yolov8n/conv52 | Quantization - src_type: UINT8, dst_type FLOAT32, limvals_min: -14.8019, limvals_max: 12.3526) >> (UserBuffQEl15yolov8n/conv52 | timeout: 10s)
[2026-06-21 15:49:10.858] [1895] [HailoRT] [info] [edge_elements.cpp:287] [create] Created (HwReadEl14yolov8n/conv53 | hw_frame_size: 8000)
[2026-06-21 15:49:10.858] [1895] [HailoRT] [info] [queue_elements.cpp:657] [create] Created (PullQEl_hw_read14yolov8n/conv53)
[2026-06-21 15:49:10.858] [1895] [HailoRT] [info] [filter_elements.cpp:372] [create] Created (PostInferEl14yolov8n/conv53 | Quantization - src_type: UINT8, dst_type FLOAT32, limvals_min: 0, limvals_max: 1)
[2026-06-21 15:49:10.858] [1895] [HailoRT] [info] [queue_elements.cpp:800] [create] Created (UserBuffQEl14yolov8n/conv53 | timeout: 10s)
[2026-06-21 15:49:10.858] [1895] [HailoRT] [info] [vstream.cpp:1114] [OutputVStreamImpl] Creating yolov8n/conv53...
[2026-06-21 15:49:10.858] [1895] [HailoRT] [info] [vstream_builder.cpp:220] [create_outputs] Output pipeline 'yolov8n/conv53': HW >> (HwReadEl14yolov8n/conv53 | hw_frame_size: 8000) >> (PullQEl_hw_read14yolov8n/conv53) >> (PostInferEl14yolov8n/conv53 | Quantization - src_type: UINT8, dst_type FLOAT32, limvals_min: 0, limvals_max: 1) >> (UserBuffQEl14yolov8n/conv53 | timeout: 10s)
[2026-06-21 15:49:10.858] [1895] [HailoRT] [info] [edge_elements.cpp:287] [create] Created (HwReadEl8yolov8n/conv62 | hw_frame_size: 25600)
[2026-06-21 15:49:10.858] [1895] [HailoRT] [info] [queue_elements.cpp:657] [create] Created (PullQEl_hw_read8yolov8n/conv62)
[2026-06-21 15:49:10.858] [1895] [HailoRT] [info] [filter_elements.cpp:372] [create] Created (PostInferEl8yolov8n/conv62 | Quantization - src_type: UINT8, dst_type FLOAT32, limvals_min: -15.9876, limvals_max: 12.1285)
[2026-06-21 15:49:10.858] [1895] [HailoRT] [info] [queue_elements.cpp:800] [create] Created (UserBuffQEl8yolov8n/conv62 | timeout: 10s)
[2026-06-21 15:49:10.858] [1895] [HailoRT] [info] [vstream.cpp:1114] [OutputVStreamImpl] Creating yolov8n/conv62...
[2026-06-21 15:49:10.858] [1895] [HailoRT] [info] [vstream_builder.cpp:220] [create_outputs] Output pipeline 'yolov8n/conv62': HW >> (HwReadEl8yolov8n/conv62 | hw_frame_size: 25600) >> (PullQEl_hw_read8yolov8n/conv62) >> (PostInferEl8yolov8n/conv62 | Quantization - src_type: UINT8, dst_type FLOAT32, limvals_min: -15.9876, limvals_max: 12.1285) >> (UserBuffQEl8yolov8n/conv62 | timeout: 10s)
[2026-06-21 15:49:10.858] [1895] [HailoRT] [info] [edge_elements.cpp:287] [create] Created (HwReadEl2yolov8n/conv63 | hw_frame_size: 2000)
[2026-06-21 15:49:10.859] [1895] [HailoRT] [info] [queue_elements.cpp:657] [create] Created (PullQEl_hw_read2yolov8n/conv63)
[2026-06-21 15:49:10.859] [1895] [HailoRT] [info] [filter_elements.cpp:372] [create] Created (PostInferEl2yolov8n/conv63 | Quantization - src_type: UINT8, dst_type FLOAT32, limvals_min: 0, limvals_max: 1 | Reorder - src_order: NHCW, src_shape: (20, 20, 5), dst_order: NHWC, dst_shape: (20, 20, 5))
[2026-06-21 15:49:10.859] [1895] [HailoRT] [info] [queue_elements.cpp:800] [create] Created (UserBuffQEl2yolov8n/conv63 | timeout: 10s)
[2026-06-21 15:49:10.859] [1895] [HailoRT] [info] [vstream.cpp:1114] [OutputVStreamImpl] Creating yolov8n/conv63...
[2026-06-21 15:49:10.859] [1895] [HailoRT] [info] [vstream_builder.cpp:220] [create_outputs] Output pipeline 'yolov8n/conv63': HW >> (HwReadEl2yolov8n/conv63 | hw_frame_size: 2000) >> (PullQEl_hw_read2yolov8n/conv63) >> (PostInferEl2yolov8n/conv63 | Quantization - src_type: UINT8, dst_type FLOAT32, limvals_min: 0, limvals_max: 1 | Reorder - src_order: NHCW, src_shape: (20, 20, 5), dst_order: NHWC, dst_shape: (20, 20, 5)) >> (UserBuffQEl2yolov8n/conv63 | timeout: 10s)
[2026-06-21 15:49:38.324] [1912] [HailoRT] [info] [queue_elements.cpp:855] [run_in_thread] Shutdown event was signaled in dequeue of UserBuffQEl13yolov8n/conv41!
[2026-06-21 15:49:38.324] [1911] [HailoRT] [info] [vdevice_native_stream.cpp:331] [read_impl] Failed read from stream HAILO_STREAM_ABORT(63) (device: 0001:01:00.0)
[2026-06-21 15:49:38.324] [1911] [HailoRT] [info] [edge_elements.cpp:396] [run_pull] Reading from stream was aborted!
[2026-06-21 15:49:38.324] [1911] [HailoRT] [info] [queue_elements.cpp:738] [run_in_thread] run_pull of queue element PullQEl_hw_read13yolov8n/conv41 was aborted!
[2026-06-21 15:49:38.324] [1911] [HailoRT] [info] [queue_elements.cpp:68] [operator()] Thread in element PullQEl_hw_read13yolov8n/conv41 is not running anymore, exiting..
[2026-06-21 15:49:38.324] [1895] [HailoRT] [info] [queue_elements.cpp:46] [~BaseQueueElement] Queue element PullQEl_hw_read13yolov8n/conv41 has 0 frames in his Queue on destruction
[2026-06-21 15:49:38.324] [1912] [HailoRT] [info] [queue_elements.cpp:68] [operator()] Thread in element UserBuffQEl13yolov8n/conv41 is not running anymore, exiting..
[2026-06-21 15:49:38.324] [1895] [HailoRT] [info] [queue_elements.cpp:46] [~BaseQueueElement] Queue element UserBuffQEl13yolov8n/conv41 has 0 frames in his Queue on destruction
[2026-06-21 15:49:38.324] [1913] [HailoRT] [info] [vdevice_native_stream.cpp:331] [read_impl] Failed read from stream HAILO_STREAM_ABORT(63) (device: 0001:01:00.0)
[2026-06-21 15:49:38.324] [1913] [HailoRT] [info] [edge_elements.cpp:396] [run_pull] Reading from stream was aborted!
[2026-06-21 15:49:38.324] [1914] [HailoRT] [info] [queue_elements.cpp:855] [run_in_thread] Shutdown event was signaled in dequeue of UserBuffQEl12yolov8n/conv42!
[2026-06-21 15:49:38.324] [1913] [HailoRT] [info] [queue_elements.cpp:738] [run_in_thread] run_pull of queue element PullQEl_hw_read12yolov8n/conv42 was aborted!
[2026-06-21 15:49:38.324] [1913] [HailoRT] [info] [queue_elements.cpp:68] [operator()] Thread in element PullQEl_hw_read12yolov8n/conv42 is not running anymore, exiting..
[2026-06-21 15:49:38.324] [1895] [HailoRT] [info] [queue_elements.cpp:46] [~BaseQueueElement] Queue element PullQEl_hw_read12yolov8n/conv42 has 0 frames in his Queue on destruction
[2026-06-21 15:49:38.324] [1914] [HailoRT] [info] [queue_elements.cpp:68] [operator()] Thread in element UserBuffQEl12yolov8n/conv42 is not running anymore, exiting..
[2026-06-21 15:49:38.324] [1895] [HailoRT] [info] [queue_elements.cpp:46] [~BaseQueueElement] Queue element UserBuffQEl12yolov8n/conv42 has 0 frames in his Queue on destruction
[2026-06-21 15:49:38.324] [1915] [HailoRT] [info] [vdevice_native_stream.cpp:331] [read_impl] Failed read from stream HAILO_STREAM_ABORT(63) (device: 0001:01:00.0)
[2026-06-21 15:49:38.324] [1916] [HailoRT] [info] [queue_elements.cpp:855] [run_in_thread] Shutdown event was signaled in dequeue of UserBuffQEl15yolov8n/conv52!
[2026-06-21 15:49:38.324] [1915] [HailoRT] [info] [edge_elements.cpp:396] [run_pull] Reading from stream was aborted!
[2026-06-21 15:49:38.324] [1915] [HailoRT] [info] [queue_elements.cpp:738] [run_in_thread] run_pull of queue element PullQEl_hw_read15yolov8n/conv52 was aborted!
[2026-06-21 15:49:38.324] [1915] [HailoRT] [info] [queue_elements.cpp:68] [operator()] Thread in element PullQEl_hw_read15yolov8n/conv52 is not running anymore, exiting..
[2026-06-21 15:49:38.324] [1895] [HailoRT] [info] [queue_elements.cpp:46] [~BaseQueueElement] Queue element PullQEl_hw_read15yolov8n/conv52 has 0 frames in his Queue on destruction
[2026-06-21 15:49:38.324] [1916] [HailoRT] [info] [queue_elements.cpp:68] [operator()] Thread in element UserBuffQEl15yolov8n/conv52 is not running anymore, exiting..
[2026-06-21 15:49:38.324] [1895] [HailoRT] [info] [queue_elements.cpp:46] [~BaseQueueElement] Queue element UserBuffQEl15yolov8n/conv52 has 0 frames in his Queue on destruction
[2026-06-21 15:49:38.324] [1918] [HailoRT] [info] [queue_elements.cpp:855] [run_in_thread] Shutdown event was signaled in dequeue of UserBuffQEl14yolov8n/conv53!
[2026-06-21 15:49:38.324] [1917] [HailoRT] [info] [vdevice_native_stream.cpp:331] [read_impl] Failed read from stream HAILO_STREAM_ABORT(63) (device: 0001:01:00.0)
[2026-06-21 15:49:38.325] [1917] [HailoRT] [info] [edge_elements.cpp:396] [run_pull] Reading from stream was aborted!
[2026-06-21 15:49:38.325] [1917] [HailoRT] [info] [queue_elements.cpp:738] [run_in_thread] run_pull of queue element PullQEl_hw_read14yolov8n/conv53 was aborted!
[2026-06-21 15:49:38.325] [1917] [HailoRT] [info] [queue_elements.cpp:68] [operator()] Thread in element PullQEl_hw_read14yolov8n/conv53 is not running anymore, exiting..
[2026-06-21 15:49:38.325] [1895] [HailoRT] [info] [queue_elements.cpp:46] [~BaseQueueElement] Queue element PullQEl_hw_read14yolov8n/conv53 has 0 frames in his Queue on destruction
[2026-06-21 15:49:38.325] [1918] [HailoRT] [info] [queue_elements.cpp:68] [operator()] Thread in element UserBuffQEl14yolov8n/conv53 is not running anymore, exiting..
[2026-06-21 15:49:38.325] [1895] [HailoRT] [info] [queue_elements.cpp:46] [~BaseQueueElement] Queue element UserBuffQEl14yolov8n/conv53 has 0 frames in his Queue on destruction
[2026-06-21 15:49:38.325] [1919] [HailoRT] [info] [vdevice_native_stream.cpp:331] [read_impl] Failed read from stream HAILO_STREAM_ABORT(63) (device: 0001:01:00.0)
[2026-06-21 15:49:38.325] [1919] [HailoRT] [info] [edge_elements.cpp:396] [run_pull] Reading from stream was aborted!
[2026-06-21 15:49:38.325] [1920] [HailoRT] [info] [queue_elements.cpp:855] [run_in_thread] Shutdown event was signaled in dequeue of UserBuffQEl8yolov8n/conv62!
[2026-06-21 15:49:38.325] [1919] [HailoRT] [info] [queue_elements.cpp:738] [run_in_thread] run_pull of queue element PullQEl_hw_read8yolov8n/conv62 was aborted!
[2026-06-21 15:49:38.325] [1919] [HailoRT] [info] [queue_elements.cpp:68] [operator()] Thread in element PullQEl_hw_read8yolov8n/conv62 is not running anymore, exiting..
[2026-06-21 15:49:38.325] [1895] [HailoRT] [info] [queue_elements.cpp:46] [~BaseQueueElement] Queue element PullQEl_hw_read8yolov8n/conv62 has 0 frames in his Queue on destruction
[2026-06-21 15:49:38.325] [1920] [HailoRT] [info] [queue_elements.cpp:68] [operator()] Thread in element UserBuffQEl8yolov8n/conv62 is not running anymore, exiting..
[2026-06-21 15:49:38.325] [1895] [HailoRT] [info] [queue_elements.cpp:46] [~BaseQueueElement] Queue element UserBuffQEl8yolov8n/conv62 has 0 frames in his Queue on destruction
[2026-06-21 15:49:38.325] [1921] [HailoRT] [info] [vdevice_native_stream.cpp:331] [read_impl] Failed read from stream HAILO_STREAM_ABORT(63) (device: 0001:01:00.0)
[2026-06-21 15:49:38.325] [1922] [HailoRT] [info] [queue_elements.cpp:855] [run_in_thread] Shutdown event was signaled in dequeue of UserBuffQEl2yolov8n/conv63!
[2026-06-21 15:49:38.325] [1921] [HailoRT] [info] [edge_elements.cpp:396] [run_pull] Reading from stream was aborted!
[2026-06-21 15:49:38.325] [1921] [HailoRT] [info] [queue_elements.cpp:738] [run_in_thread] run_pull of queue element PullQEl_hw_read2yolov8n/conv63 was aborted!
[2026-06-21 15:49:38.325] [1921] [HailoRT] [info] [queue_elements.cpp:68] [operator()] Thread in element PullQEl_hw_read2yolov8n/conv63 is not running anymore, exiting..
[2026-06-21 15:49:38.325] [1895] [HailoRT] [info] [queue_elements.cpp:46] [~BaseQueueElement] Queue element PullQEl_hw_read2yolov8n/conv63 has 0 frames in his Queue on destruction
[2026-06-21 15:49:38.325] [1922] [HailoRT] [info] [queue_elements.cpp:68] [operator()] Thread in element UserBuffQEl2yolov8n/conv63 is not running anymore, exiting..
[2026-06-21 15:49:38.325] [1895] [HailoRT] [info] [queue_elements.cpp:46] [~BaseQueueElement] Queue element UserBuffQEl2yolov8n/conv63 has 0 frames in his Queue on destruction
[2026-06-21 15:49:38.325] [1895] [HailoRT] [info] [core_op.cpp:186] [deactivate] Deactivating took 0.433 ms
[2026-06-21 15:49:38.325] [1895] [HailoRT] [info] [core_op.cpp:186] [deactivate] Deactivating took 0.448796 ms
[2026-06-21 15:50:46.867] [4532] [HailoRT] [info] [vdevice.cpp:535] [create] Creating vdevice with params: device_count: 1, scheduling_algorithm: NONE, multi_process_service: false
[2026-06-21 15:50:46.879] [4532] [HailoRT] [info] [device.cpp:51] [Device] OS Version: Linux 6.18.33+rpt-rpi-2712 #1 SMP PREEMPT Debian 1:6.18.33-1+rpt1 (2026-06-01) aarch64
[2026-06-21 15:50:46.879] [4532] [HailoRT] [info] [control.cpp:113] [control__parse_identify_results] firmware_version is: 4.23.0
[2026-06-21 15:50:46.879] [4532] [HailoRT] [info] [vdevice.cpp:682] [create] VDevice Infos: 0001:01:00.0
[2026-06-21 15:50:46.885] [4532] [HailoRT] [info] [internal_buffer_manager.cpp:75] [print_execution_results] Default Internal buffer planner failed to meet requirements
[2026-06-21 15:50:46.885] [4532] [HailoRT] [info] [internal_buffer_manager.cpp:86] [print_execution_results] Default Internal buffer planner executed successfully
[2026-06-21 15:50:46.902] [4532] [HailoRT] [info] [device_internal.cpp:57] [configure] Configuring HEF took 22.151593 milliseconds
[2026-06-21 15:50:46.902] [4532] [HailoRT] [info] [vdevice.cpp:780] [configure] Configuring HEF on VDevice took 22.522389 milliseconds
[2026-06-21 15:50:46.902] [4532] [HailoRT] [info] [hef.cpp:1994] [get_network_group_and_network_name] No name was given. Addressing all networks of default network_group: yolov8n
[2026-06-21 15:50:46.902] [4532] [HailoRT] [info] [hef.cpp:1994] [get_network_group_and_network_name] No name was given. Addressing all networks of default network_group: yolov8n
[2026-06-21 15:50:46.903] [4532] [HailoRT] [info] [core_op.cpp:156] [activate] Activating yolov8n took 0.753629 milliseconds. Note that the function is asynchronous and thus the network is not fully activated yet.
[2026-06-21 15:50:46.903] [4532] [HailoRT] [info] [core_op.cpp:156] [activate] Activating yolov8n took 0.768019 milliseconds. Note that the function is asynchronous and thus the network is not fully activated yet.
[2026-06-21 15:50:46.903] [4532] [HailoRT] [info] [edge_elements.cpp:52] [create] Created (HwWriteEl11yolov8n/input_layer1 | hw_frame_size: 1228800)
[2026-06-21 15:50:46.903] [4532] [HailoRT] [info] [vstream.cpp:754] [InputVStreamImpl] Creating yolov8n/input_layer1...
[2026-06-21 15:50:46.903] [4532] [HailoRT] [info] [vstream_builder.cpp:102] [create_inputs] Input pipeline 'yolov8n/input_layer1': (HwWriteEl11yolov8n/input_layer1 | hw_frame_size: 1228800) >> HW
[2026-06-21 15:50:46.904] [4532] [HailoRT] [info] [edge_elements.cpp:287] [create] Created (HwReadEl13yolov8n/conv41 | hw_frame_size: 409600)
[2026-06-21 15:50:46.904] [4532] [HailoRT] [info] [queue_elements.cpp:657] [create] Created (PullQEl_hw_read13yolov8n/conv41)
[2026-06-21 15:50:46.904] [4532] [HailoRT] [info] [filter_elements.cpp:372] [create] Created (PostInferEl13yolov8n/conv41 | Quantization - src_type: UINT8, dst_type FLOAT32, limvals_min: -15.2439, limvals_max: 13.765)
[2026-06-21 15:50:46.904] [4532] [HailoRT] [info] [queue_elements.cpp:800] [create] Created (UserBuffQEl13yolov8n/conv41 | timeout: 10s)
[2026-06-21 15:50:46.904] [4532] [HailoRT] [info] [vstream.cpp:1114] [OutputVStreamImpl] Creating yolov8n/conv41...
[2026-06-21 15:50:46.904] [4532] [HailoRT] [info] [vstream_builder.cpp:220] [create_outputs] Output pipeline 'yolov8n/conv41': HW >> (HwReadEl13yolov8n/conv41 | hw_frame_size: 409600) >> (PullQEl_hw_read13yolov8n/conv41) >> (PostInferEl13yolov8n/conv41 | Quantization - src_type: UINT8, dst_type FLOAT32, limvals_min: -15.2439, limvals_max: 13.765) >> (UserBuffQEl13yolov8n/conv41 | timeout: 10s)
[2026-06-21 15:50:46.904] [4532] [HailoRT] [info] [edge_elements.cpp:287] [create] Created (HwReadEl12yolov8n/conv42 | hw_frame_size: 32000)
[2026-06-21 15:50:46.904] [4532] [HailoRT] [info] [queue_elements.cpp:657] [create] Created (PullQEl_hw_read12yolov8n/conv42)
[2026-06-21 15:50:46.904] [4532] [HailoRT] [info] [filter_elements.cpp:372] [create] Created (PostInferEl12yolov8n/conv42 | Quantization - src_type: UINT8, dst_type FLOAT32, limvals_min: 0, limvals_max: 1)
[2026-06-21 15:50:46.904] [4532] [HailoRT] [info] [queue_elements.cpp:800] [create] Created (UserBuffQEl12yolov8n/conv42 | timeout: 10s)
[2026-06-21 15:50:46.904] [4532] [HailoRT] [info] [vstream.cpp:1114] [OutputVStreamImpl] Creating yolov8n/conv42...
[2026-06-21 15:50:46.904] [4532] [HailoRT] [info] [vstream_builder.cpp:220] [create_outputs] Output pipeline 'yolov8n/conv42': HW >> (HwReadEl12yolov8n/conv42 | hw_frame_size: 32000) >> (PullQEl_hw_read12yolov8n/conv42) >> (PostInferEl12yolov8n/conv42 | Quantization - src_type: UINT8, dst_type FLOAT32, limvals_min: 0, limvals_max: 1) >> (UserBuffQEl12yolov8n/conv42 | timeout: 10s)
[2026-06-21 15:50:46.904] [4532] [HailoRT] [info] [edge_elements.cpp:287] [create] Created (HwReadEl15yolov8n/conv52 | hw_frame_size: 102400)
[2026-06-21 15:50:46.904] [4532] [HailoRT] [info] [queue_elements.cpp:657] [create] Created (PullQEl_hw_read15yolov8n/conv52)
[2026-06-21 15:50:46.904] [4532] [HailoRT] [info] [filter_elements.cpp:372] [create] Created (PostInferEl15yolov8n/conv52 | Quantization - src_type: UINT8, dst_type FLOAT32, limvals_min: -14.8019, limvals_max: 12.3526)
[2026-06-21 15:50:46.904] [4532] [HailoRT] [info] [queue_elements.cpp:800] [create] Created (UserBuffQEl15yolov8n/conv52 | timeout: 10s)
[2026-06-21 15:50:46.904] [4532] [HailoRT] [info] [vstream.cpp:1114] [OutputVStreamImpl] Creating yolov8n/conv52...
[2026-06-21 15:50:46.904] [4532] [HailoRT] [info] [vstream_builder.cpp:220] [create_outputs] Output pipeline 'yolov8n/conv52': HW >> (HwReadEl15yolov8n/conv52 | hw_frame_size: 102400) >> (PullQEl_hw_read15yolov8n/conv52) >> (PostInferEl15yolov8n/conv52 | Quantization - src_type: UINT8, dst_type FLOAT32, limvals_min: -14.8019, limvals_max: 12.3526) >> (UserBuffQEl15yolov8n/conv52 | timeout: 10s)
[2026-06-21 15:50:46.904] [4532] [HailoRT] [info] [edge_elements.cpp:287] [create] Created (HwReadEl14yolov8n/conv53 | hw_frame_size: 8000)
[2026-06-21 15:50:46.904] [4532] [HailoRT] [info] [queue_elements.cpp:657] [create] Created (PullQEl_hw_read14yolov8n/conv53)
[2026-06-21 15:50:46.904] [4532] [HailoRT] [info] [filter_elements.cpp:372] [create] Created (PostInferEl14yolov8n/conv53 | Quantization - src_type: UINT8, dst_type FLOAT32, limvals_min: 0, limvals_max: 1)
[2026-06-21 15:50:46.905] [4532] [HailoRT] [info] [queue_elements.cpp:800] [create] Created (UserBuffQEl14yolov8n/conv53 | timeout: 10s)
[2026-06-21 15:50:46.905] [4532] [HailoRT] [info] [vstream.cpp:1114] [OutputVStreamImpl] Creating yolov8n/conv53...
[2026-06-21 15:50:46.905] [4532] [HailoRT] [info] [vstream_builder.cpp:220] [create_outputs] Output pipeline 'yolov8n/conv53': HW >> (HwReadEl14yolov8n/conv53 | hw_frame_size: 8000) >> (PullQEl_hw_read14yolov8n/conv53) >> (PostInferEl14yolov8n/conv53 | Quantization - src_type: UINT8, dst_type FLOAT32, limvals_min: 0, limvals_max: 1) >> (UserBuffQEl14yolov8n/conv53 | timeout: 10s)
[2026-06-21 15:50:46.905] [4532] [HailoRT] [info] [edge_elements.cpp:287] [create] Created (HwReadEl8yolov8n/conv62 | hw_frame_size: 25600)
[2026-06-21 15:50:46.905] [4532] [HailoRT] [info] [queue_elements.cpp:657] [create] Created (PullQEl_hw_read8yolov8n/conv62)
[2026-06-21 15:50:46.905] [4532] [HailoRT] [info] [filter_elements.cpp:372] [create] Created (PostInferEl8yolov8n/conv62 | Quantization - src_type: UINT8, dst_type FLOAT32, limvals_min: -15.9876, limvals_max: 12.1285)
[2026-06-21 15:50:46.905] [4532] [HailoRT] [info] [queue_elements.cpp:800] [create] Created (UserBuffQEl8yolov8n/conv62 | timeout: 10s)
[2026-06-21 15:50:46.905] [4532] [HailoRT] [info] [vstream.cpp:1114] [OutputVStreamImpl] Creating yolov8n/conv62...
[2026-06-21 15:50:46.905] [4532] [HailoRT] [info] [vstream_builder.cpp:220] [create_outputs] Output pipeline 'yolov8n/conv62': HW >> (HwReadEl8yolov8n/conv62 | hw_frame_size: 25600) >> (PullQEl_hw_read8yolov8n/conv62) >> (PostInferEl8yolov8n/conv62 | Quantization - src_type: UINT8, dst_type FLOAT32, limvals_min: -15.9876, limvals_max: 12.1285) >> (UserBuffQEl8yolov8n/conv62 | timeout: 10s)
[2026-06-21 15:50:46.905] [4532] [HailoRT] [info] [edge_elements.cpp:287] [create] Created (HwReadEl2yolov8n/conv63 | hw_frame_size: 2000)
[2026-06-21 15:50:46.905] [4532] [HailoRT] [info] [queue_elements.cpp:657] [create] Created (PullQEl_hw_read2yolov8n/conv63)
[2026-06-21 15:50:46.905] [4532] [HailoRT] [info] [filter_elements.cpp:372] [create] Created (PostInferEl2yolov8n/conv63 | Quantization - src_type: UINT8, dst_type FLOAT32, limvals_min: 0, limvals_max: 1 | Reorder - src_order: NHCW, src_shape: (20, 20, 5), dst_order: NHWC, dst_shape: (20, 20, 5))
[2026-06-21 15:50:46.905] [4532] [HailoRT] [info] [queue_elements.cpp:800] [create] Created (UserBuffQEl2yolov8n/conv63 | timeout: 10s)
[2026-06-21 15:50:46.905] [4532] [HailoRT] [info] [vstream.cpp:1114] [OutputVStreamImpl] Creating yolov8n/conv63...
[2026-06-21 15:50:46.905] [4532] [HailoRT] [info] [vstream_builder.cpp:220] [create_outputs] Output pipeline 'yolov8n/conv63': HW >> (HwReadEl2yolov8n/conv63 | hw_frame_size: 2000) >> (PullQEl_hw_read2yolov8n/conv63) >> (PostInferEl2yolov8n/conv63 | Quantization - src_type: UINT8, dst_type FLOAT32, limvals_min: 0, limvals_max: 1 | Reorder - src_order: NHCW, src_shape: (20, 20, 5), dst_order: NHWC, dst_shape: (20, 20, 5)) >> (UserBuffQEl2yolov8n/conv63 | timeout: 10s)
[2026-06-21 15:50:48.454] [4546] [HailoRT] [info] [queue_elements.cpp:855] [run_in_thread] Shutdown event was signaled in dequeue of UserBuffQEl13yolov8n/conv41!
[2026-06-21 15:50:48.454] [4545] [HailoRT] [info] [vdevice_native_stream.cpp:331] [read_impl] Failed read from stream HAILO_STREAM_ABORT(63) (device: 0001:01:00.0)
[2026-06-21 15:50:48.454] [4545] [HailoRT] [info] [edge_elements.cpp:396] [run_pull] Reading from stream was aborted!
[2026-06-21 15:50:48.454] [4545] [HailoRT] [info] [queue_elements.cpp:738] [run_in_thread] run_pull of queue element PullQEl_hw_read13yolov8n/conv41 was aborted!
[2026-06-21 15:50:48.454] [4545] [HailoRT] [info] [queue_elements.cpp:68] [operator()] Thread in element PullQEl_hw_read13yolov8n/conv41 is not running anymore, exiting..
[2026-06-21 15:50:48.454] [4532] [HailoRT] [info] [queue_elements.cpp:46] [~BaseQueueElement] Queue element PullQEl_hw_read13yolov8n/conv41 has 0 frames in his Queue on destruction
[2026-06-21 15:50:48.454] [4546] [HailoRT] [info] [queue_elements.cpp:68] [operator()] Thread in element UserBuffQEl13yolov8n/conv41 is not running anymore, exiting..
[2026-06-21 15:50:48.454] [4532] [HailoRT] [info] [queue_elements.cpp:46] [~BaseQueueElement] Queue element UserBuffQEl13yolov8n/conv41 has 0 frames in his Queue on destruction
[2026-06-21 15:50:48.454] [4547] [HailoRT] [info] [vdevice_native_stream.cpp:331] [read_impl] Failed read from stream HAILO_STREAM_ABORT(63) (device: 0001:01:00.0)
[2026-06-21 15:50:48.454] [4547] [HailoRT] [info] [edge_elements.cpp:396] [run_pull] Reading from stream was aborted!
[2026-06-21 15:50:48.454] [4548] [HailoRT] [info] [queue_elements.cpp:855] [run_in_thread] Shutdown event was signaled in dequeue of UserBuffQEl12yolov8n/conv42!
[2026-06-21 15:50:48.454] [4547] [HailoRT] [info] [queue_elements.cpp:738] [run_in_thread] run_pull of queue element PullQEl_hw_read12yolov8n/conv42 was aborted!
[2026-06-21 15:50:48.454] [4547] [HailoRT] [info] [queue_elements.cpp:68] [operator()] Thread in element PullQEl_hw_read12yolov8n/conv42 is not running anymore, exiting..
[2026-06-21 15:50:48.454] [4532] [HailoRT] [info] [queue_elements.cpp:46] [~BaseQueueElement] Queue element PullQEl_hw_read12yolov8n/conv42 has 0 frames in his Queue on destruction
[2026-06-21 15:50:48.454] [4548] [HailoRT] [info] [queue_elements.cpp:68] [operator()] Thread in element UserBuffQEl12yolov8n/conv42 is not running anymore, exiting..
[2026-06-21 15:50:48.454] [4532] [HailoRT] [info] [queue_elements.cpp:46] [~BaseQueueElement] Queue element UserBuffQEl12yolov8n/conv42 has 0 frames in his Queue on destruction
[2026-06-21 15:50:48.454] [4550] [HailoRT] [info] [queue_elements.cpp:855] [run_in_thread] Shutdown event was signaled in dequeue of UserBuffQEl15yolov8n/conv52!
[2026-06-21 15:50:48.454] [4549] [HailoRT] [info] [vdevice_native_stream.cpp:331] [read_impl] Failed read from stream HAILO_STREAM_ABORT(63) (device: 0001:01:00.0)
[2026-06-21 15:50:48.454] [4549] [HailoRT] [info] [edge_elements.cpp:396] [run_pull] Reading from stream was aborted!
[2026-06-21 15:50:48.454] [4549] [HailoRT] [info] [queue_elements.cpp:738] [run_in_thread] run_pull of queue element PullQEl_hw_read15yolov8n/conv52 was aborted!
[2026-06-21 15:50:48.454] [4549] [HailoRT] [info] [queue_elements.cpp:68] [operator()] Thread in element PullQEl_hw_read15yolov8n/conv52 is not running anymore, exiting..
[2026-06-21 15:50:48.454] [4532] [HailoRT] [info] [queue_elements.cpp:46] [~BaseQueueElement] Queue element PullQEl_hw_read15yolov8n/conv52 has 0 frames in his Queue on destruction
[2026-06-21 15:50:48.454] [4550] [HailoRT] [info] [queue_elements.cpp:68] [operator()] Thread in element UserBuffQEl15yolov8n/conv52 is not running anymore, exiting..
[2026-06-21 15:50:48.454] [4532] [HailoRT] [info] [queue_elements.cpp:46] [~BaseQueueElement] Queue element UserBuffQEl15yolov8n/conv52 has 0 frames in his Queue on destruction
[2026-06-21 15:50:48.454] [4551] [HailoRT] [info] [vdevice_native_stream.cpp:331] [read_impl] Failed read from stream HAILO_STREAM_ABORT(63) (device: 0001:01:00.0)
[2026-06-21 15:50:48.454] [4552] [HailoRT] [info] [queue_elements.cpp:855] [run_in_thread] Shutdown event was signaled in dequeue of UserBuffQEl14yolov8n/conv53!
[2026-06-21 15:50:48.454] [4551] [HailoRT] [info] [edge_elements.cpp:396] [run_pull] Reading from stream was aborted!
[2026-06-21 15:50:48.454] [4551] [HailoRT] [info] [queue_elements.cpp:738] [run_in_thread] run_pull of queue element PullQEl_hw_read14yolov8n/conv53 was aborted!
[2026-06-21 15:50:48.454] [4551] [HailoRT] [info] [queue_elements.cpp:68] [operator()] Thread in element PullQEl_hw_read14yolov8n/conv53 is not running anymore, exiting..
[2026-06-21 15:50:48.454] [4532] [HailoRT] [info] [queue_elements.cpp:46] [~BaseQueueElement] Queue element PullQEl_hw_read14yolov8n/conv53 has 0 frames in his Queue on destruction
[2026-06-21 15:50:48.454] [4552] [HailoRT] [info] [queue_elements.cpp:68] [operator()] Thread in element UserBuffQEl14yolov8n/conv53 is not running anymore, exiting..
[2026-06-21 15:50:48.454] [4532] [HailoRT] [info] [queue_elements.cpp:46] [~BaseQueueElement] Queue element UserBuffQEl14yolov8n/conv53 has 0 frames in his Queue on destruction
[2026-06-21 15:50:48.454] [4553] [HailoRT] [info] [vdevice_native_stream.cpp:331] [read_impl] Failed read from stream HAILO_STREAM_ABORT(63) (device: 0001:01:00.0)
[2026-06-21 15:50:48.454] [4554] [HailoRT] [info] [queue_elements.cpp:855] [run_in_thread] Shutdown event was signaled in dequeue of UserBuffQEl8yolov8n/conv62!
[2026-06-21 15:50:48.454] [4553] [HailoRT] [info] [edge_elements.cpp:396] [run_pull] Reading from stream was aborted!
[2026-06-21 15:50:48.454] [4553] [HailoRT] [info] [queue_elements.cpp:738] [run_in_thread] run_pull of queue element PullQEl_hw_read8yolov8n/conv62 was aborted!
[2026-06-21 15:50:48.454] [4553] [HailoRT] [info] [queue_elements.cpp:68] [operator()] Thread in element PullQEl_hw_read8yolov8n/conv62 is not running anymore, exiting..
[2026-06-21 15:50:48.455] [4532] [HailoRT] [info] [queue_elements.cpp:46] [~BaseQueueElement] Queue element PullQEl_hw_read8yolov8n/conv62 has 0 frames in his Queue on destruction
[2026-06-21 15:50:48.455] [4554] [HailoRT] [info] [queue_elements.cpp:68] [operator()] Thread in element UserBuffQEl8yolov8n/conv62 is not running anymore, exiting..
[2026-06-21 15:50:48.455] [4532] [HailoRT] [info] [queue_elements.cpp:46] [~BaseQueueElement] Queue element UserBuffQEl8yolov8n/conv62 has 0 frames in his Queue on destruction
[2026-06-21 15:50:48.455] [4555] [HailoRT] [info] [vdevice_native_stream.cpp:331] [read_impl] Failed read from stream HAILO_STREAM_ABORT(63) (device: 0001:01:00.0)
[2026-06-21 15:50:48.455] [4556] [HailoRT] [info] [queue_elements.cpp:855] [run_in_thread] Shutdown event was signaled in dequeue of UserBuffQEl2yolov8n/conv63!
[2026-06-21 15:50:48.455] [4555] [HailoRT] [info] [edge_elements.cpp:396] [run_pull] Reading from stream was aborted!
[2026-06-21 15:50:48.455] [4555] [HailoRT] [info] [queue_elements.cpp:738] [run_in_thread] run_pull of queue element PullQEl_hw_read2yolov8n/conv63 was aborted!
[2026-06-21 15:50:48.455] [4555] [HailoRT] [info] [queue_elements.cpp:68] [operator()] Thread in element PullQEl_hw_read2yolov8n/conv63 is not running anymore, exiting..
[2026-06-21 15:50:48.455] [4532] [HailoRT] [info] [queue_elements.cpp:46] [~BaseQueueElement] Queue element PullQEl_hw_read2yolov8n/conv63 has 0 frames in his Queue on destruction
[2026-06-21 15:50:48.455] [4556] [HailoRT] [info] [queue_elements.cpp:68] [operator()] Thread in element UserBuffQEl2yolov8n/conv63 is not running anymore, exiting..
[2026-06-21 15:50:48.455] [4532] [HailoRT] [info] [queue_elements.cpp:46] [~BaseQueueElement] Queue element UserBuffQEl2yolov8n/conv63 has 0 frames in his Queue on destruction
[2026-06-21 15:50:48.455] [4532] [HailoRT] [info] [core_op.cpp:186] [deactivate] Deactivating took 0.430352 ms
[2026-06-21 15:50:48.455] [4532] [HailoRT] [info] [core_op.cpp:186] [deactivate] Deactivating took 0.441259 ms
[2026-06-21 16:03:47.571] [1895] [HailoRT] [info] [vdevice.cpp:535] [create] Creating vdevice with params: device_count: 1, scheduling_algorithm: NONE, multi_process_service: false
[2026-06-21 16:03:47.590] [1895] [HailoRT] [info] [device.cpp:51] [Device] OS Version: Linux 6.18.33+rpt-rpi-2712 #1 SMP PREEMPT Debian 1:6.18.33-1+rpt1 (2026-06-01) aarch64
[2026-06-21 16:03:47.592] [1895] [HailoRT] [info] [control.cpp:113] [control__parse_identify_results] firmware_version is: 4.23.0
[2026-06-21 16:03:47.592] [1895] [HailoRT] [info] [vdevice.cpp:682] [create] VDevice Infos: 0001:01:00.0
[2026-06-21 16:03:47.601] [1895] [HailoRT] [info] [internal_buffer_manager.cpp:75] [print_execution_results] Default Internal buffer planner failed to meet requirements
[2026-06-21 16:03:47.601] [1895] [HailoRT] [info] [internal_buffer_manager.cpp:86] [print_execution_results] Default Internal buffer planner executed successfully
[2026-06-21 16:03:47.614] [1895] [HailoRT] [info] [device_internal.cpp:57] [configure] Configuring HEF took 21.352462 milliseconds
[2026-06-21 16:03:47.614] [1895] [HailoRT] [info] [vdevice.cpp:780] [configure] Configuring HEF on VDevice took 22.024777 milliseconds
[2026-06-21 16:03:47.614] [1895] [HailoRT] [info] [hef.cpp:1994] [get_network_group_and_network_name] No name was given. Addressing all networks of default network_group: yolov8n
[2026-06-21 16:03:47.614] [1895] [HailoRT] [info] [hef.cpp:1994] [get_network_group_and_network_name] No name was given. Addressing all networks of default network_group: yolov8n
[2026-06-21 16:03:47.617] [1895] [HailoRT] [info] [core_op.cpp:156] [activate] Activating yolov8n took 0.623018 milliseconds. Note that the function is asynchronous and thus the network is not fully activated yet.
[2026-06-21 16:03:47.617] [1895] [HailoRT] [info] [core_op.cpp:156] [activate] Activating yolov8n took 0.637222 milliseconds. Note that the function is asynchronous and thus the network is not fully activated yet.
[2026-06-21 16:03:47.620] [1895] [HailoRT] [info] [edge_elements.cpp:52] [create] Created (HwWriteEl11yolov8n/input_layer1 | hw_frame_size: 1228800)
[2026-06-21 16:03:47.621] [1895] [HailoRT] [info] [vstream.cpp:754] [InputVStreamImpl] Creating yolov8n/input_layer1...
[2026-06-21 16:03:47.621] [1895] [HailoRT] [info] [vstream_builder.cpp:102] [create_inputs] Input pipeline 'yolov8n/input_layer1': (HwWriteEl11yolov8n/input_layer1 | hw_frame_size: 1228800) >> HW
[2026-06-21 16:03:47.621] [1895] [HailoRT] [info] [edge_elements.cpp:287] [create] Created (HwReadEl13yolov8n/conv41 | hw_frame_size: 409600)
[2026-06-21 16:03:47.630] [1895] [HailoRT] [info] [queue_elements.cpp:657] [create] Created (PullQEl_hw_read13yolov8n/conv41)
[2026-06-21 16:03:47.630] [1895] [HailoRT] [info] [filter_elements.cpp:372] [create] Created (PostInferEl13yolov8n/conv41 | Quantization - src_type: UINT8, dst_type FLOAT32, limvals_min: -15.2439, limvals_max: 13.765)
[2026-06-21 16:03:47.631] [1895] [HailoRT] [info] [queue_elements.cpp:800] [create] Created (UserBuffQEl13yolov8n/conv41 | timeout: 10s)
[2026-06-21 16:03:47.631] [1895] [HailoRT] [info] [vstream.cpp:1114] [OutputVStreamImpl] Creating yolov8n/conv41...
[2026-06-21 16:03:47.631] [1895] [HailoRT] [info] [vstream_builder.cpp:220] [create_outputs] Output pipeline 'yolov8n/conv41': HW >> (HwReadEl13yolov8n/conv41 | hw_frame_size: 409600) >> (PullQEl_hw_read13yolov8n/conv41) >> (PostInferEl13yolov8n/conv41 | Quantization - src_type: UINT8, dst_type FLOAT32, limvals_min: -15.2439, limvals_max: 13.765) >> (UserBuffQEl13yolov8n/conv41 | timeout: 10s)
[2026-06-21 16:03:47.631] [1895] [HailoRT] [info] [edge_elements.cpp:287] [create] Created (HwReadEl12yolov8n/conv42 | hw_frame_size: 32000)
[2026-06-21 16:03:47.631] [1895] [HailoRT] [info] [queue_elements.cpp:657] [create] Created (PullQEl_hw_read12yolov8n/conv42)
[2026-06-21 16:03:47.631] [1895] [HailoRT] [info] [filter_elements.cpp:372] [create] Created (PostInferEl12yolov8n/conv42 | Quantization - src_type: UINT8, dst_type FLOAT32, limvals_min: 0, limvals_max: 1)
[2026-06-21 16:03:47.632] [1895] [HailoRT] [info] [queue_elements.cpp:800] [create] Created (UserBuffQEl12yolov8n/conv42 | timeout: 10s)
[2026-06-21 16:03:47.633] [1895] [HailoRT] [info] [vstream.cpp:1114] [OutputVStreamImpl] Creating yolov8n/conv42...
[2026-06-21 16:03:47.633] [1895] [HailoRT] [info] [vstream_builder.cpp:220] [create_outputs] Output pipeline 'yolov8n/conv42': HW >> (HwReadEl12yolov8n/conv42 | hw_frame_size: 32000) >> (PullQEl_hw_read12yolov8n/conv42) >> (PostInferEl12yolov8n/conv42 | Quantization - src_type: UINT8, dst_type FLOAT32, limvals_min: 0, limvals_max: 1) >> (UserBuffQEl12yolov8n/conv42 | timeout: 10s)
[2026-06-21 16:03:47.633] [1895] [HailoRT] [info] [edge_elements.cpp:287] [create] Created (HwReadEl15yolov8n/conv52 | hw_frame_size: 102400)
[2026-06-21 16:03:47.633] [1895] [HailoRT] [info] [queue_elements.cpp:657] [create] Created (PullQEl_hw_read15yolov8n/conv52)
[2026-06-21 16:03:47.633] [1895] [HailoRT] [info] [filter_elements.cpp:372] [create] Created (PostInferEl15yolov8n/conv52 | Quantization - src_type: UINT8, dst_type FLOAT32, limvals_min: -14.8019, limvals_max: 12.3526)
[2026-06-21 16:03:47.633] [1895] [HailoRT] [info] [queue_elements.cpp:800] [create] Created (UserBuffQEl15yolov8n/conv52 | timeout: 10s)
[2026-06-21 16:03:47.633] [1895] [HailoRT] [info] [vstream.cpp:1114] [OutputVStreamImpl] Creating yolov8n/conv52...
[2026-06-21 16:03:47.633] [1895] [HailoRT] [info] [vstream_builder.cpp:220] [create_outputs] Output pipeline 'yolov8n/conv52': HW >> (HwReadEl15yolov8n/conv52 | hw_frame_size: 102400) >> (PullQEl_hw_read15yolov8n/conv52) >> (PostInferEl15yolov8n/conv52 | Quantization - src_type: UINT8, dst_type FLOAT32, limvals_min: -14.8019, limvals_max: 12.3526) >> (UserBuffQEl15yolov8n/conv52 | timeout: 10s)
[2026-06-21 16:03:47.633] [1895] [HailoRT] [info] [edge_elements.cpp:287] [create] Created (HwReadEl14yolov8n/conv53 | hw_frame_size: 8000)
[2026-06-21 16:03:47.633] [1895] [HailoRT] [info] [queue_elements.cpp:657] [create] Created (PullQEl_hw_read14yolov8n/conv53)
[2026-06-21 16:03:47.633] [1895] [HailoRT] [info] [filter_elements.cpp:372] [create] Created (PostInferEl14yolov8n/conv53 | Quantization - src_type: UINT8, dst_type FLOAT32, limvals_min: 0, limvals_max: 1)
[2026-06-21 16:03:47.633] [1895] [HailoRT] [info] [queue_elements.cpp:800] [create] Created (UserBuffQEl14yolov8n/conv53 | timeout: 10s)
[2026-06-21 16:03:47.633] [1895] [HailoRT] [info] [vstream.cpp:1114] [OutputVStreamImpl] Creating yolov8n/conv53...
[2026-06-21 16:03:47.633] [1895] [HailoRT] [info] [vstream_builder.cpp:220] [create_outputs] Output pipeline 'yolov8n/conv53': HW >> (HwReadEl14yolov8n/conv53 | hw_frame_size: 8000) >> (PullQEl_hw_read14yolov8n/conv53) >> (PostInferEl14yolov8n/conv53 | Quantization - src_type: UINT8, dst_type FLOAT32, limvals_min: 0, limvals_max: 1) >> (UserBuffQEl14yolov8n/conv53 | timeout: 10s)
[2026-06-21 16:03:47.633] [1895] [HailoRT] [info] [edge_elements.cpp:287] [create] Created (HwReadEl8yolov8n/conv62 | hw_frame_size: 25600)
[2026-06-21 16:03:47.633] [1895] [HailoRT] [info] [queue_elements.cpp:657] [create] Created (PullQEl_hw_read8yolov8n/conv62)
[2026-06-21 16:03:47.633] [1895] [HailoRT] [info] [filter_elements.cpp:372] [create] Created (PostInferEl8yolov8n/conv62 | Quantization - src_type: UINT8, dst_type FLOAT32, limvals_min: -15.9876, limvals_max: 12.1285)
[2026-06-21 16:03:47.634] [1895] [HailoRT] [info] [queue_elements.cpp:800] [create] Created (UserBuffQEl8yolov8n/conv62 | timeout: 10s)
[2026-06-21 16:03:47.634] [1895] [HailoRT] [info] [vstream.cpp:1114] [OutputVStreamImpl] Creating yolov8n/conv62...
[2026-06-21 16:03:47.634] [1895] [HailoRT] [info] [vstream_builder.cpp:220] [create_outputs] Output pipeline 'yolov8n/conv62': HW >> (HwReadEl8yolov8n/conv62 | hw_frame_size: 25600) >> (PullQEl_hw_read8yolov8n/conv62) >> (PostInferEl8yolov8n/conv62 | Quantization - src_type: UINT8, dst_type FLOAT32, limvals_min: -15.9876, limvals_max: 12.1285) >> (UserBuffQEl8yolov8n/conv62 | timeout: 10s)
[2026-06-21 16:03:47.634] [1895] [HailoRT] [info] [edge_elements.cpp:287] [create] Created (HwReadEl2yolov8n/conv63 | hw_frame_size: 2000)
[2026-06-21 16:03:47.634] [1895] [HailoRT] [info] [queue_elements.cpp:657] [create] Created (PullQEl_hw_read2yolov8n/conv63)
[2026-06-21 16:03:47.634] [1895] [HailoRT] [info] [filter_elements.cpp:372] [create] Created (PostInferEl2yolov8n/conv63 | Quantization - src_type: UINT8, dst_type FLOAT32, limvals_min: 0, limvals_max: 1 | Reorder - src_order: NHCW, src_shape: (20, 20, 5), dst_order: NHWC, dst_shape: (20, 20, 5))
[2026-06-21 16:03:47.634] [1895] [HailoRT] [info] [queue_elements.cpp:800] [create] Created (UserBuffQEl2yolov8n/conv63 | timeout: 10s)
[2026-06-21 16:03:47.634] [1895] [HailoRT] [info] [vstream.cpp:1114] [OutputVStreamImpl] Creating yolov8n/conv63...
[2026-06-21 16:03:47.634] [1895] [HailoRT] [info] [vstream_builder.cpp:220] [create_outputs] Output pipeline 'yolov8n/conv63': HW >> (HwReadEl2yolov8n/conv63 | hw_frame_size: 2000) >> (PullQEl_hw_read2yolov8n/conv63) >> (PostInferEl2yolov8n/conv63 | Quantization - src_type: UINT8, dst_type FLOAT32, limvals_min: 0, limvals_max: 1 | Reorder - src_order: NHCW, src_shape: (20, 20, 5), dst_order: NHWC, dst_shape: (20, 20, 5)) >> (UserBuffQEl2yolov8n/conv63 | timeout: 10s)
[2026-06-21 16:04:02.829] [1912] [HailoRT] [info] [queue_elements.cpp:855] [run_in_thread] Shutdown event was signaled in dequeue of UserBuffQEl13yolov8n/conv41!
[2026-06-21 16:04:02.829] [1911] [HailoRT] [info] [vdevice_native_stream.cpp:331] [read_impl] Failed read from stream HAILO_STREAM_ABORT(63) (device: 0001:01:00.0)
[2026-06-21 16:04:02.829] [1911] [HailoRT] [info] [edge_elements.cpp:396] [run_pull] Reading from stream was aborted!
[2026-06-21 16:04:02.829] [1911] [HailoRT] [info] [queue_elements.cpp:738] [run_in_thread] run_pull of queue element PullQEl_hw_read13yolov8n/conv41 was aborted!
[2026-06-21 16:04:02.829] [1911] [HailoRT] [info] [queue_elements.cpp:68] [operator()] Thread in element PullQEl_hw_read13yolov8n/conv41 is not running anymore, exiting..
[2026-06-21 16:04:02.829] [1895] [HailoRT] [info] [queue_elements.cpp:46] [~BaseQueueElement] Queue element PullQEl_hw_read13yolov8n/conv41 has 0 frames in his Queue on destruction
[2026-06-21 16:04:02.829] [1912] [HailoRT] [info] [queue_elements.cpp:68] [operator()] Thread in element UserBuffQEl13yolov8n/conv41 is not running anymore, exiting..
[2026-06-21 16:04:02.829] [1895] [HailoRT] [info] [queue_elements.cpp:46] [~BaseQueueElement] Queue element UserBuffQEl13yolov8n/conv41 has 0 frames in his Queue on destruction
[2026-06-21 16:04:02.829] [1914] [HailoRT] [info] [queue_elements.cpp:855] [run_in_thread] Shutdown event was signaled in dequeue of UserBuffQEl12yolov8n/conv42!
[2026-06-21 16:04:02.829] [1913] [HailoRT] [info] [vdevice_native_stream.cpp:331] [read_impl] Failed read from stream HAILO_STREAM_ABORT(63) (device: 0001:01:00.0)
[2026-06-21 16:04:02.829] [1913] [HailoRT] [info] [edge_elements.cpp:396] [run_pull] Reading from stream was aborted!
[2026-06-21 16:04:02.829] [1913] [HailoRT] [info] [queue_elements.cpp:738] [run_in_thread] run_pull of queue element PullQEl_hw_read12yolov8n/conv42 was aborted!
[2026-06-21 16:04:02.829] [1913] [HailoRT] [info] [queue_elements.cpp:68] [operator()] Thread in element PullQEl_hw_read12yolov8n/conv42 is not running anymore, exiting..
[2026-06-21 16:04:02.829] [1895] [HailoRT] [info] [queue_elements.cpp:46] [~BaseQueueElement] Queue element PullQEl_hw_read12yolov8n/conv42 has 0 frames in his Queue on destruction
[2026-06-21 16:04:02.829] [1914] [HailoRT] [info] [queue_elements.cpp:68] [operator()] Thread in element UserBuffQEl12yolov8n/conv42 is not running anymore, exiting..
[2026-06-21 16:04:02.829] [1895] [HailoRT] [info] [queue_elements.cpp:46] [~BaseQueueElement] Queue element UserBuffQEl12yolov8n/conv42 has 0 frames in his Queue on destruction
[2026-06-21 16:04:02.829] [1915] [HailoRT] [info] [vdevice_native_stream.cpp:331] [read_impl] Failed read from stream HAILO_STREAM_ABORT(63) (device: 0001:01:00.0)
[2026-06-21 16:04:02.829] [1916] [HailoRT] [info] [queue_elements.cpp:855] [run_in_thread] Shutdown event was signaled in dequeue of UserBuffQEl15yolov8n/conv52!
[2026-06-21 16:04:02.829] [1915] [HailoRT] [info] [edge_elements.cpp:396] [run_pull] Reading from stream was aborted!
[2026-06-21 16:04:02.829] [1915] [HailoRT] [info] [queue_elements.cpp:738] [run_in_thread] run_pull of queue element PullQEl_hw_read15yolov8n/conv52 was aborted!
[2026-06-21 16:04:02.829] [1915] [HailoRT] [info] [queue_elements.cpp:68] [operator()] Thread in element PullQEl_hw_read15yolov8n/conv52 is not running anymore, exiting..
[2026-06-21 16:04:02.829] [1895] [HailoRT] [info] [queue_elements.cpp:46] [~BaseQueueElement] Queue element PullQEl_hw_read15yolov8n/conv52 has 0 frames in his Queue on destruction
[2026-06-21 16:04:02.829] [1916] [HailoRT] [info] [queue_elements.cpp:68] [operator()] Thread in element UserBuffQEl15yolov8n/conv52 is not running anymore, exiting..
[2026-06-21 16:04:02.829] [1895] [HailoRT] [info] [queue_elements.cpp:46] [~BaseQueueElement] Queue element UserBuffQEl15yolov8n/conv52 has 0 frames in his Queue on destruction
[2026-06-21 16:04:02.829] [1917] [HailoRT] [info] [vdevice_native_stream.cpp:331] [read_impl] Failed read from stream HAILO_STREAM_ABORT(63) (device: 0001:01:00.0)
[2026-06-21 16:04:02.829] [1917] [HailoRT] [info] [edge_elements.cpp:396] [run_pull] Reading from stream was aborted!
[2026-06-21 16:04:02.829] [1918] [HailoRT] [info] [queue_elements.cpp:855] [run_in_thread] Shutdown event was signaled in dequeue of UserBuffQEl14yolov8n/conv53!
[2026-06-21 16:04:02.829] [1917] [HailoRT] [info] [queue_elements.cpp:738] [run_in_thread] run_pull of queue element PullQEl_hw_read14yolov8n/conv53 was aborted!
[2026-06-21 16:04:02.829] [1917] [HailoRT] [info] [queue_elements.cpp:68] [operator()] Thread in element PullQEl_hw_read14yolov8n/conv53 is not running anymore, exiting..
[2026-06-21 16:04:02.829] [1895] [HailoRT] [info] [queue_elements.cpp:46] [~BaseQueueElement] Queue element PullQEl_hw_read14yolov8n/conv53 has 0 frames in his Queue on destruction
[2026-06-21 16:04:02.829] [1918] [HailoRT] [info] [queue_elements.cpp:68] [operator()] Thread in element UserBuffQEl14yolov8n/conv53 is not running anymore, exiting..
[2026-06-21 16:04:02.829] [1895] [HailoRT] [info] [queue_elements.cpp:46] [~BaseQueueElement] Queue element UserBuffQEl14yolov8n/conv53 has 0 frames in his Queue on destruction
[2026-06-21 16:04:02.829] [1919] [HailoRT] [info] [vdevice_native_stream.cpp:331] [read_impl] Failed read from stream HAILO_STREAM_ABORT(63) (device: 0001:01:00.0)
[2026-06-21 16:04:02.829] [1919] [HailoRT] [info] [edge_elements.cpp:396] [run_pull] Reading from stream was aborted!
[2026-06-21 16:04:02.829] [1920] [HailoRT] [info] [queue_elements.cpp:855] [run_in_thread] Shutdown event was signaled in dequeue of UserBuffQEl8yolov8n/conv62!
[2026-06-21 16:04:02.829] [1919] [HailoRT] [info] [queue_elements.cpp:738] [run_in_thread] run_pull of queue element PullQEl_hw_read8yolov8n/conv62 was aborted!
[2026-06-21 16:04:02.830] [1919] [HailoRT] [info] [queue_elements.cpp:68] [operator()] Thread in element PullQEl_hw_read8yolov8n/conv62 is not running anymore, exiting..
[2026-06-21 16:04:02.830] [1895] [HailoRT] [info] [queue_elements.cpp:46] [~BaseQueueElement] Queue element PullQEl_hw_read8yolov8n/conv62 has 0 frames in his Queue on destruction
[2026-06-21 16:04:02.830] [1920] [HailoRT] [info] [queue_elements.cpp:68] [operator()] Thread in element UserBuffQEl8yolov8n/conv62 is not running anymore, exiting..
[2026-06-21 16:04:02.830] [1895] [HailoRT] [info] [queue_elements.cpp:46] [~BaseQueueElement] Queue element UserBuffQEl8yolov8n/conv62 has 0 frames in his Queue on destruction
[2026-06-21 16:04:02.830] [1921] [HailoRT] [info] [vdevice_native_stream.cpp:331] [read_impl] Failed read from stream HAILO_STREAM_ABORT(63) (device: 0001:01:00.0)
[2026-06-21 16:04:02.830] [1922] [HailoRT] [info] [queue_elements.cpp:855] [run_in_thread] Shutdown event was signaled in dequeue of UserBuffQEl2yolov8n/conv63!
[2026-06-21 16:04:02.830] [1921] [HailoRT] [info] [edge_elements.cpp:396] [run_pull] Reading from stream was aborted!
[2026-06-21 16:04:02.830] [1921] [HailoRT] [info] [queue_elements.cpp:738] [run_in_thread] run_pull of queue element PullQEl_hw_read2yolov8n/conv63 was aborted!
[2026-06-21 16:04:02.830] [1921] [HailoRT] [info] [queue_elements.cpp:68] [operator()] Thread in element PullQEl_hw_read2yolov8n/conv63 is not running anymore, exiting..
[2026-06-21 16:04:02.830] [1895] [HailoRT] [info] [queue_elements.cpp:46] [~BaseQueueElement] Queue element PullQEl_hw_read2yolov8n/conv63 has 0 frames in his Queue on destruction
[2026-06-21 16:04:02.830] [1922] [HailoRT] [info] [queue_elements.cpp:68] [operator()] Thread in element UserBuffQEl2yolov8n/conv63 is not running anymore, exiting..
[2026-06-21 16:04:02.830] [1895] [HailoRT] [info] [queue_elements.cpp:46] [~BaseQueueElement] Queue element UserBuffQEl2yolov8n/conv63 has 0 frames in his Queue on destruction
[2026-06-21 16:04:02.830] [1895] [HailoRT] [info] [core_op.cpp:186] [deactivate] Deactivating took 0.432575 ms
[2026-06-21 16:04:02.830] [1895] [HailoRT] [info] [core_op.cpp:186] [deactivate] Deactivating took 0.455741 ms
[2026-06-21 16:05:37.857] [3285] [HailoRT] [info] [vdevice.cpp:535] [create] Creating vdevice with params: device_count: 1, scheduling_algorithm: NONE, multi_process_service: false
[2026-06-21 16:05:37.870] [3285] [HailoRT] [info] [device.cpp:51] [Device] OS Version: Linux 6.18.33+rpt-rpi-2712 #1 SMP PREEMPT Debian 1:6.18.33-1+rpt1 (2026-06-01) aarch64
[2026-06-21 16:05:37.870] [3285] [HailoRT] [info] [control.cpp:113] [control__parse_identify_results] firmware_version is: 4.23.0
[2026-06-21 16:05:37.870] [3285] [HailoRT] [info] [vdevice.cpp:682] [create] VDevice Infos: 0001:01:00.0
[2026-06-21 16:05:37.875] [3285] [HailoRT] [info] [internal_buffer_manager.cpp:75] [print_execution_results] Default Internal buffer planner failed to meet requirements
[2026-06-21 16:05:37.875] [3285] [HailoRT] [info] [internal_buffer_manager.cpp:86] [print_execution_results] Default Internal buffer planner executed successfully
[2026-06-21 16:05:37.888] [3285] [HailoRT] [info] [device_internal.cpp:57] [configure] Configuring HEF took 18.261277 milliseconds
[2026-06-21 16:05:37.889] [3285] [HailoRT] [info] [vdevice.cpp:780] [configure] Configuring HEF on VDevice took 18.583686 milliseconds
[2026-06-21 16:05:37.889] [3285] [HailoRT] [info] [hef.cpp:1994] [get_network_group_and_network_name] No name was given. Addressing all networks of default network_group: yolov8n
[2026-06-21 16:05:37.889] [3285] [HailoRT] [info] [hef.cpp:1994] [get_network_group_and_network_name] No name was given. Addressing all networks of default network_group: yolov8n
[2026-06-21 16:05:37.890] [3285] [HailoRT] [info] [core_op.cpp:156] [activate] Activating yolov8n took 0.685463 milliseconds. Note that the function is asynchronous and thus the network is not fully activated yet.
[2026-06-21 16:05:37.890] [3285] [HailoRT] [info] [core_op.cpp:156] [activate] Activating yolov8n took 0.699296 milliseconds. Note that the function is asynchronous and thus the network is not fully activated yet.
[2026-06-21 16:05:37.890] [3285] [HailoRT] [info] [edge_elements.cpp:52] [create] Created (HwWriteEl11yolov8n/input_layer1 | hw_frame_size: 1228800)
[2026-06-21 16:05:37.890] [3285] [HailoRT] [info] [vstream.cpp:754] [InputVStreamImpl] Creating yolov8n/input_layer1...
[2026-06-21 16:05:37.890] [3285] [HailoRT] [info] [vstream_builder.cpp:102] [create_inputs] Input pipeline 'yolov8n/input_layer1': (HwWriteEl11yolov8n/input_layer1 | hw_frame_size: 1228800) >> HW
[2026-06-21 16:05:37.890] [3285] [HailoRT] [info] [edge_elements.cpp:287] [create] Created (HwReadEl13yolov8n/conv41 | hw_frame_size: 409600)
[2026-06-21 16:05:37.918] [3285] [HailoRT] [info] [queue_elements.cpp:657] [create] Created (PullQEl_hw_read13yolov8n/conv41)
[2026-06-21 16:05:37.918] [3285] [HailoRT] [info] [filter_elements.cpp:372] [create] Created (PostInferEl13yolov8n/conv41 | Quantization - src_type: UINT8, dst_type FLOAT32, limvals_min: -15.2439, limvals_max: 13.765)
[2026-06-21 16:05:37.918] [3285] [HailoRT] [info] [queue_elements.cpp:800] [create] Created (UserBuffQEl13yolov8n/conv41 | timeout: 10s)
[2026-06-21 16:05:37.918] [3285] [HailoRT] [info] [vstream.cpp:1114] [OutputVStreamImpl] Creating yolov8n/conv41...
[2026-06-21 16:05:37.918] [3285] [HailoRT] [info] [vstream_builder.cpp:220] [create_outputs] Output pipeline 'yolov8n/conv41': HW >> (HwReadEl13yolov8n/conv41 | hw_frame_size: 409600) >> (PullQEl_hw_read13yolov8n/conv41) >> (PostInferEl13yolov8n/conv41 | Quantization - src_type: UINT8, dst_type FLOAT32, limvals_min: -15.2439, limvals_max: 13.765) >> (UserBuffQEl13yolov8n/conv41 | timeout: 10s)
[2026-06-21 16:05:37.918] [3285] [HailoRT] [info] [edge_elements.cpp:287] [create] Created (HwReadEl12yolov8n/conv42 | hw_frame_size: 32000)
[2026-06-21 16:05:37.918] [3285] [HailoRT] [info] [queue_elements.cpp:657] [create] Created (PullQEl_hw_read12yolov8n/conv42)
[2026-06-21 16:05:37.918] [3285] [HailoRT] [info] [filter_elements.cpp:372] [create] Created (PostInferEl12yolov8n/conv42 | Quantization - src_type: UINT8, dst_type FLOAT32, limvals_min: 0, limvals_max: 1)
[2026-06-21 16:05:37.918] [3285] [HailoRT] [info] [queue_elements.cpp:800] [create] Created (UserBuffQEl12yolov8n/conv42 | timeout: 10s)
[2026-06-21 16:05:37.918] [3285] [HailoRT] [info] [vstream.cpp:1114] [OutputVStreamImpl] Creating yolov8n/conv42...
[2026-06-21 16:05:37.918] [3285] [HailoRT] [info] [vstream_builder.cpp:220] [create_outputs] Output pipeline 'yolov8n/conv42': HW >> (HwReadEl12yolov8n/conv42 | hw_frame_size: 32000) >> (PullQEl_hw_read12yolov8n/conv42) >> (PostInferEl12yolov8n/conv42 | Quantization - src_type: UINT8, dst_type FLOAT32, limvals_min: 0, limvals_max: 1) >> (UserBuffQEl12yolov8n/conv42 | timeout: 10s)
[2026-06-21 16:05:37.918] [3285] [HailoRT] [info] [edge_elements.cpp:287] [create] Created (HwReadEl15yolov8n/conv52 | hw_frame_size: 102400)
[2026-06-21 16:05:37.918] [3285] [HailoRT] [info] [queue_elements.cpp:657] [create] Created (PullQEl_hw_read15yolov8n/conv52)
[2026-06-21 16:05:37.918] [3285] [HailoRT] [info] [filter_elements.cpp:372] [create] Created (PostInferEl15yolov8n/conv52 | Quantization - src_type: UINT8, dst_type FLOAT32, limvals_min: -14.8019, limvals_max: 12.3526)
[2026-06-21 16:05:37.919] [3285] [HailoRT] [info] [queue_elements.cpp:800] [create] Created (UserBuffQEl15yolov8n/conv52 | timeout: 10s)
[2026-06-21 16:05:37.919] [3285] [HailoRT] [info] [vstream.cpp:1114] [OutputVStreamImpl] Creating yolov8n/conv52...
[2026-06-21 16:05:37.919] [3285] [HailoRT] [info] [vstream_builder.cpp:220] [create_outputs] Output pipeline 'yolov8n/conv52': HW >> (HwReadEl15yolov8n/conv52 | hw_frame_size: 102400) >> (PullQEl_hw_read15yolov8n/conv52) >> (PostInferEl15yolov8n/conv52 | Quantization - src_type: UINT8, dst_type FLOAT32, limvals_min: -14.8019, limvals_max: 12.3526) >> (UserBuffQEl15yolov8n/conv52 | timeout: 10s)
[2026-06-21 16:05:37.919] [3285] [HailoRT] [info] [edge_elements.cpp:287] [create] Created (HwReadEl14yolov8n/conv53 | hw_frame_size: 8000)
[2026-06-21 16:05:37.919] [3285] [HailoRT] [info] [queue_elements.cpp:657] [create] Created (PullQEl_hw_read14yolov8n/conv53)
[2026-06-21 16:05:37.919] [3285] [HailoRT] [info] [filter_elements.cpp:372] [create] Created (PostInferEl14yolov8n/conv53 | Quantization - src_type: UINT8, dst_type FLOAT32, limvals_min: 0, limvals_max: 1)
[2026-06-21 16:05:37.919] [3285] [HailoRT] [info] [queue_elements.cpp:800] [create] Created (UserBuffQEl14yolov8n/conv53 | timeout: 10s)
[2026-06-21 16:05:37.919] [3285] [HailoRT] [info] [vstream.cpp:1114] [OutputVStreamImpl] Creating yolov8n/conv53...
[2026-06-21 16:05:37.919] [3285] [HailoRT] [info] [vstream_builder.cpp:220] [create_outputs] Output pipeline 'yolov8n/conv53': HW >> (HwReadEl14yolov8n/conv53 | hw_frame_size: 8000) >> (PullQEl_hw_read14yolov8n/conv53) >> (PostInferEl14yolov8n/conv53 | Quantization - src_type: UINT8, dst_type FLOAT32, limvals_min: 0, limvals_max: 1) >> (UserBuffQEl14yolov8n/conv53 | timeout: 10s)
[2026-06-21 16:05:37.919] [3285] [HailoRT] [info] [edge_elements.cpp:287] [create] Created (HwReadEl8yolov8n/conv62 | hw_frame_size: 25600)
[2026-06-21 16:05:37.919] [3285] [HailoRT] [info] [queue_elements.cpp:657] [create] Created (PullQEl_hw_read8yolov8n/conv62)
[2026-06-21 16:05:37.919] [3285] [HailoRT] [info] [filter_elements.cpp:372] [create] Created (PostInferEl8yolov8n/conv62 | Quantization - src_type: UINT8, dst_type FLOAT32, limvals_min: -15.9876, limvals_max: 12.1285)
[2026-06-21 16:05:37.919] [3285] [HailoRT] [info] [queue_elements.cpp:800] [create] Created (UserBuffQEl8yolov8n/conv62 | timeout: 10s)
[2026-06-21 16:05:37.919] [3285] [HailoRT] [info] [vstream.cpp:1114] [OutputVStreamImpl] Creating yolov8n/conv62...
[2026-06-21 16:05:37.919] [3285] [HailoRT] [info] [vstream_builder.cpp:220] [create_outputs] Output pipeline 'yolov8n/conv62': HW >> (HwReadEl8yolov8n/conv62 | hw_frame_size: 25600) >> (PullQEl_hw_read8yolov8n/conv62) >> (PostInferEl8yolov8n/conv62 | Quantization - src_type: UINT8, dst_type FLOAT32, limvals_min: -15.9876, limvals_max: 12.1285) >> (UserBuffQEl8yolov8n/conv62 | timeout: 10s)
[2026-06-21 16:05:37.919] [3285] [HailoRT] [info] [edge_elements.cpp:287] [create] Created (HwReadEl2yolov8n/conv63 | hw_frame_size: 2000)
[2026-06-21 16:05:37.919] [3285] [HailoRT] [info] [queue_elements.cpp:657] [create] Created (PullQEl_hw_read2yolov8n/conv63)
[2026-06-21 16:05:37.919] [3285] [HailoRT] [info] [filter_elements.cpp:372] [create] Created (PostInferEl2yolov8n/conv63 | Quantization - src_type: UINT8, dst_type FLOAT32, limvals_min: 0, limvals_max: 1 | Reorder - src_order: NHCW, src_shape: (20, 20, 5), dst_order: NHWC, dst_shape: (20, 20, 5))
[2026-06-21 16:05:37.919] [3285] [HailoRT] [info] [queue_elements.cpp:800] [create] Created (UserBuffQEl2yolov8n/conv63 | timeout: 10s)
[2026-06-21 16:05:37.919] [3285] [HailoRT] [info] [vstream.cpp:1114] [OutputVStreamImpl] Creating yolov8n/conv63...
[2026-06-21 16:05:37.919] [3285] [HailoRT] [info] [vstream_builder.cpp:220] [create_outputs] Output pipeline 'yolov8n/conv63': HW >> (HwReadEl2yolov8n/conv63 | hw_frame_size: 2000) >> (PullQEl_hw_read2yolov8n/conv63) >> (PostInferEl2yolov8n/conv63 | Quantization - src_type: UINT8, dst_type FLOAT32, limvals_min: 0, limvals_max: 1 | Reorder - src_order: NHCW, src_shape: (20, 20, 5), dst_order: NHWC, dst_shape: (20, 20, 5)) >> (UserBuffQEl2yolov8n/conv63 | timeout: 10s)
[2026-06-21 16:05:42.574] [3300] [HailoRT] [info] [queue_elements.cpp:855] [run_in_thread] Shutdown event was signaled in dequeue of UserBuffQEl13yolov8n/conv41!
[2026-06-21 16:05:42.574] [3299] [HailoRT] [info] [vdevice_native_stream.cpp:331] [read_impl] Failed read from stream HAILO_STREAM_ABORT(63) (device: 0001:01:00.0)
[2026-06-21 16:05:42.574] [3299] [HailoRT] [info] [edge_elements.cpp:396] [run_pull] Reading from stream was aborted!
[2026-06-21 16:05:42.574] [3299] [HailoRT] [info] [queue_elements.cpp:738] [run_in_thread] run_pull of queue element PullQEl_hw_read13yolov8n/conv41 was aborted!
[2026-06-21 16:05:42.574] [3299] [HailoRT] [info] [queue_elements.cpp:68] [operator()] Thread in element PullQEl_hw_read13yolov8n/conv41 is not running anymore, exiting..
[2026-06-21 16:05:42.574] [3285] [HailoRT] [info] [queue_elements.cpp:46] [~BaseQueueElement] Queue element PullQEl_hw_read13yolov8n/conv41 has 0 frames in his Queue on destruction
[2026-06-21 16:05:42.574] [3300] [HailoRT] [info] [queue_elements.cpp:68] [operator()] Thread in element UserBuffQEl13yolov8n/conv41 is not running anymore, exiting..
[2026-06-21 16:05:42.574] [3285] [HailoRT] [info] [queue_elements.cpp:46] [~BaseQueueElement] Queue element UserBuffQEl13yolov8n/conv41 has 0 frames in his Queue on destruction
[2026-06-21 16:05:42.574] [3302] [HailoRT] [info] [queue_elements.cpp:855] [run_in_thread] Shutdown event was signaled in dequeue of UserBuffQEl12yolov8n/conv42!
[2026-06-21 16:05:42.574] [3301] [HailoRT] [info] [vdevice_native_stream.cpp:331] [read_impl] Failed read from stream HAILO_STREAM_ABORT(63) (device: 0001:01:00.0)
[2026-06-21 16:05:42.574] [3301] [HailoRT] [info] [edge_elements.cpp:396] [run_pull] Reading from stream was aborted!
[2026-06-21 16:05:42.574] [3301] [HailoRT] [info] [queue_elements.cpp:738] [run_in_thread] run_pull of queue element PullQEl_hw_read12yolov8n/conv42 was aborted!
[2026-06-21 16:05:42.574] [3301] [HailoRT] [info] [queue_elements.cpp:68] [operator()] Thread in element PullQEl_hw_read12yolov8n/conv42 is not running anymore, exiting..
[2026-06-21 16:05:42.574] [3285] [HailoRT] [info] [queue_elements.cpp:46] [~BaseQueueElement] Queue element PullQEl_hw_read12yolov8n/conv42 has 0 frames in his Queue on destruction
[2026-06-21 16:05:42.574] [3302] [HailoRT] [info] [queue_elements.cpp:68] [operator()] Thread in element UserBuffQEl12yolov8n/conv42 is not running anymore, exiting..
[2026-06-21 16:05:42.574] [3285] [HailoRT] [info] [queue_elements.cpp:46] [~BaseQueueElement] Queue element UserBuffQEl12yolov8n/conv42 has 0 frames in his Queue on destruction
[2026-06-21 16:05:42.574] [3303] [HailoRT] [info] [vdevice_native_stream.cpp:331] [read_impl] Failed read from stream HAILO_STREAM_ABORT(63) (device: 0001:01:00.0)
[2026-06-21 16:05:42.574] [3304] [HailoRT] [info] [queue_elements.cpp:855] [run_in_thread] Shutdown event was signaled in dequeue of UserBuffQEl15yolov8n/conv52!
[2026-06-21 16:05:42.574] [3303] [HailoRT] [info] [edge_elements.cpp:396] [run_pull] Reading from stream was aborted!
[2026-06-21 16:05:42.574] [3303] [HailoRT] [info] [queue_elements.cpp:738] [run_in_thread] run_pull of queue element PullQEl_hw_read15yolov8n/conv52 was aborted!
[2026-06-21 16:05:42.574] [3303] [HailoRT] [info] [queue_elements.cpp:68] [operator()] Thread in element PullQEl_hw_read15yolov8n/conv52 is not running anymore, exiting..
[2026-06-21 16:05:42.574] [3285] [HailoRT] [info] [queue_elements.cpp:46] [~BaseQueueElement] Queue element PullQEl_hw_read15yolov8n/conv52 has 0 frames in his Queue on destruction
[2026-06-21 16:05:42.574] [3304] [HailoRT] [info] [queue_elements.cpp:68] [operator()] Thread in element UserBuffQEl15yolov8n/conv52 is not running anymore, exiting..
[2026-06-21 16:05:42.574] [3285] [HailoRT] [info] [queue_elements.cpp:46] [~BaseQueueElement] Queue element UserBuffQEl15yolov8n/conv52 has 0 frames in his Queue on destruction
[2026-06-21 16:05:42.575] [3305] [HailoRT] [info] [vdevice_native_stream.cpp:331] [read_impl] Failed read from stream HAILO_STREAM_ABORT(63) (device: 0001:01:00.0)
[2026-06-21 16:05:42.575] [3306] [HailoRT] [info] [queue_elements.cpp:855] [run_in_thread] Shutdown event was signaled in dequeue of UserBuffQEl14yolov8n/conv53!
[2026-06-21 16:05:42.575] [3305] [HailoRT] [info] [edge_elements.cpp:396] [run_pull] Reading from stream was aborted!
[2026-06-21 16:05:42.575] [3305] [HailoRT] [info] [queue_elements.cpp:738] [run_in_thread] run_pull of queue element PullQEl_hw_read14yolov8n/conv53 was aborted!
[2026-06-21 16:05:42.575] [3305] [HailoRT] [info] [queue_elements.cpp:68] [operator()] Thread in element PullQEl_hw_read14yolov8n/conv53 is not running anymore, exiting..
[2026-06-21 16:05:42.575] [3285] [HailoRT] [info] [queue_elements.cpp:46] [~BaseQueueElement] Queue element PullQEl_hw_read14yolov8n/conv53 has 0 frames in his Queue on destruction
[2026-06-21 16:05:42.575] [3306] [HailoRT] [info] [queue_elements.cpp:68] [operator()] Thread in element UserBuffQEl14yolov8n/conv53 is not running anymore, exiting..
[2026-06-21 16:05:42.575] [3285] [HailoRT] [info] [queue_elements.cpp:46] [~BaseQueueElement] Queue element UserBuffQEl14yolov8n/conv53 has 0 frames in his Queue on destruction
[2026-06-21 16:05:42.575] [3307] [HailoRT] [info] [vdevice_native_stream.cpp:331] [read_impl] Failed read from stream HAILO_STREAM_ABORT(63) (device: 0001:01:00.0)
[2026-06-21 16:05:42.575] [3307] [HailoRT] [info] [edge_elements.cpp:396] [run_pull] Reading from stream was aborted!
[2026-06-21 16:05:42.575] [3308] [HailoRT] [info] [queue_elements.cpp:855] [run_in_thread] Shutdown event was signaled in dequeue of UserBuffQEl8yolov8n/conv62!
[2026-06-21 16:05:42.575] [3307] [HailoRT] [info] [queue_elements.cpp:738] [run_in_thread] run_pull of queue element PullQEl_hw_read8yolov8n/conv62 was aborted!
[2026-06-21 16:05:42.575] [3307] [HailoRT] [info] [queue_elements.cpp:68] [operator()] Thread in element PullQEl_hw_read8yolov8n/conv62 is not running anymore, exiting..
[2026-06-21 16:05:42.575] [3285] [HailoRT] [info] [queue_elements.cpp:46] [~BaseQueueElement] Queue element PullQEl_hw_read8yolov8n/conv62 has 0 frames in his Queue on destruction
[2026-06-21 16:05:42.575] [3308] [HailoRT] [info] [queue_elements.cpp:68] [operator()] Thread in element UserBuffQEl8yolov8n/conv62 is not running anymore, exiting..
[2026-06-21 16:05:42.575] [3285] [HailoRT] [info] [queue_elements.cpp:46] [~BaseQueueElement] Queue element UserBuffQEl8yolov8n/conv62 has 0 frames in his Queue on destruction
[2026-06-21 16:05:42.575] [3309] [HailoRT] [info] [vdevice_native_stream.cpp:331] [read_impl] Failed read from stream HAILO_STREAM_ABORT(63) (device: 0001:01:00.0)
[2026-06-21 16:05:42.575] [3309] [HailoRT] [info] [edge_elements.cpp:396] [run_pull] Reading from stream was aborted!
[2026-06-21 16:05:42.575] [3310] [HailoRT] [info] [queue_elements.cpp:855] [run_in_thread] Shutdown event was signaled in dequeue of UserBuffQEl2yolov8n/conv63!
[2026-06-21 16:05:42.575] [3309] [HailoRT] [info] [queue_elements.cpp:738] [run_in_thread] run_pull of queue element PullQEl_hw_read2yolov8n/conv63 was aborted!
[2026-06-21 16:05:42.575] [3309] [HailoRT] [info] [queue_elements.cpp:68] [operator()] Thread in element PullQEl_hw_read2yolov8n/conv63 is not running anymore, exiting..
[2026-06-21 16:05:42.575] [3285] [HailoRT] [info] [queue_elements.cpp:46] [~BaseQueueElement] Queue element PullQEl_hw_read2yolov8n/conv63 has 0 frames in his Queue on destruction
[2026-06-21 16:05:42.575] [3310] [HailoRT] [info] [queue_elements.cpp:68] [operator()] Thread in element UserBuffQEl2yolov8n/conv63 is not running anymore, exiting..
[2026-06-21 16:05:42.575] [3285] [HailoRT] [info] [queue_elements.cpp:46] [~BaseQueueElement] Queue element UserBuffQEl2yolov8n/conv63 has 0 frames in his Queue on destruction
[2026-06-21 16:05:42.575] [3285] [HailoRT] [info] [core_op.cpp:186] [deactivate] Deactivating took 0.426296 ms
[2026-06-21 16:05:42.575] [3285] [HailoRT] [info] [core_op.cpp:186] [deactivate] Deactivating took 0.436037 ms
[2026-06-21 16:13:22.114] [3739] [HailoRT] [info] [vdevice.cpp:535] [create] Creating vdevice with params: device_count: 1, scheduling_algorithm: NONE, multi_process_service: false
[2026-06-21 16:13:22.126] [3739] [HailoRT] [info] [device.cpp:51] [Device] OS Version: Linux 6.18.33+rpt-rpi-2712 #1 SMP PREEMPT Debian 1:6.18.33-1+rpt1 (2026-06-01) aarch64
[2026-06-21 16:13:22.126] [3739] [HailoRT] [info] [control.cpp:113] [control__parse_identify_results] firmware_version is: 4.23.0
[2026-06-21 16:13:22.126] [3739] [HailoRT] [info] [vdevice.cpp:682] [create] VDevice Infos: 0001:01:00.0
[2026-06-21 16:13:22.132] [3739] [HailoRT] [info] [internal_buffer_manager.cpp:75] [print_execution_results] Default Internal buffer planner failed to meet requirements
[2026-06-21 16:13:22.132] [3739] [HailoRT] [info] [internal_buffer_manager.cpp:86] [print_execution_results] Default Internal buffer planner executed successfully
[2026-06-21 16:13:22.146] [3739] [HailoRT] [info] [device_internal.cpp:57] [configure] Configuring HEF took 18.826315 milliseconds
[2026-06-21 16:13:22.146] [3739] [HailoRT] [info] [vdevice.cpp:780] [configure] Configuring HEF on VDevice took 19.152407 milliseconds
[2026-06-21 16:13:22.146] [3739] [HailoRT] [info] [hef.cpp:1994] [get_network_group_and_network_name] No name was given. Addressing all networks of default network_group: yolov8n
[2026-06-21 16:13:22.146] [3739] [HailoRT] [info] [hef.cpp:1994] [get_network_group_and_network_name] No name was given. Addressing all networks of default network_group: yolov8n
[2026-06-21 16:13:22.151] [3739] [HailoRT] [info] [core_op.cpp:156] [activate] Activating yolov8n took 0.701055 milliseconds. Note that the function is asynchronous and thus the network is not fully activated yet.
[2026-06-21 16:13:22.151] [3739] [HailoRT] [info] [core_op.cpp:156] [activate] Activating yolov8n took 0.735556 milliseconds. Note that the function is asynchronous and thus the network is not fully activated yet.
[2026-06-21 16:13:22.151] [3739] [HailoRT] [info] [edge_elements.cpp:52] [create] Created (HwWriteEl11yolov8n/input_layer1 | hw_frame_size: 1228800)
[2026-06-21 16:13:22.151] [3739] [HailoRT] [info] [vstream.cpp:754] [InputVStreamImpl] Creating yolov8n/input_layer1...
[2026-06-21 16:13:22.151] [3739] [HailoRT] [info] [vstream_builder.cpp:102] [create_inputs] Input pipeline 'yolov8n/input_layer1': (HwWriteEl11yolov8n/input_layer1 | hw_frame_size: 1228800) >> HW
[2026-06-21 16:13:22.151] [3739] [HailoRT] [info] [edge_elements.cpp:287] [create] Created (HwReadEl13yolov8n/conv41 | hw_frame_size: 409600)
[2026-06-21 16:13:22.162] [3739] [HailoRT] [info] [queue_elements.cpp:657] [create] Created (PullQEl_hw_read13yolov8n/conv41)
[2026-06-21 16:13:22.162] [3739] [HailoRT] [info] [filter_elements.cpp:372] [create] Created (PostInferEl13yolov8n/conv41 | Quantization - src_type: UINT8, dst_type FLOAT32, limvals_min: -15.2439, limvals_max: 13.765)
[2026-06-21 16:13:22.162] [3739] [HailoRT] [info] [queue_elements.cpp:800] [create] Created (UserBuffQEl13yolov8n/conv41 | timeout: 10s)
[2026-06-21 16:13:22.162] [3739] [HailoRT] [info] [vstream.cpp:1114] [OutputVStreamImpl] Creating yolov8n/conv41...
[2026-06-21 16:13:22.162] [3739] [HailoRT] [info] [vstream_builder.cpp:220] [create_outputs] Output pipeline 'yolov8n/conv41': HW >> (HwReadEl13yolov8n/conv41 | hw_frame_size: 409600) >> (PullQEl_hw_read13yolov8n/conv41) >> (PostInferEl13yolov8n/conv41 | Quantization - src_type: UINT8, dst_type FLOAT32, limvals_min: -15.2439, limvals_max: 13.765) >> (UserBuffQEl13yolov8n/conv41 | timeout: 10s)
[2026-06-21 16:13:22.162] [3739] [HailoRT] [info] [edge_elements.cpp:287] [create] Created (HwReadEl12yolov8n/conv42 | hw_frame_size: 32000)
[2026-06-21 16:13:22.162] [3739] [HailoRT] [info] [queue_elements.cpp:657] [create] Created (PullQEl_hw_read12yolov8n/conv42)
[2026-06-21 16:13:22.162] [3739] [HailoRT] [info] [filter_elements.cpp:372] [create] Created (PostInferEl12yolov8n/conv42 | Quantization - src_type: UINT8, dst_type FLOAT32, limvals_min: 0, limvals_max: 1)
[2026-06-21 16:13:22.162] [3739] [HailoRT] [info] [queue_elements.cpp:800] [create] Created (UserBuffQEl12yolov8n/conv42 | timeout: 10s)
[2026-06-21 16:13:22.162] [3739] [HailoRT] [info] [vstream.cpp:1114] [OutputVStreamImpl] Creating yolov8n/conv42...
[2026-06-21 16:13:22.162] [3739] [HailoRT] [info] [vstream_builder.cpp:220] [create_outputs] Output pipeline 'yolov8n/conv42': HW >> (HwReadEl12yolov8n/conv42 | hw_frame_size: 32000) >> (PullQEl_hw_read12yolov8n/conv42) >> (PostInferEl12yolov8n/conv42 | Quantization - src_type: UINT8, dst_type FLOAT32, limvals_min: 0, limvals_max: 1) >> (UserBuffQEl12yolov8n/conv42 | timeout: 10s)
[2026-06-21 16:13:22.162] [3739] [HailoRT] [info] [edge_elements.cpp:287] [create] Created (HwReadEl15yolov8n/conv52 | hw_frame_size: 102400)
[2026-06-21 16:13:22.162] [3739] [HailoRT] [info] [queue_elements.cpp:657] [create] Created (PullQEl_hw_read15yolov8n/conv52)
[2026-06-21 16:13:22.162] [3739] [HailoRT] [info] [filter_elements.cpp:372] [create] Created (PostInferEl15yolov8n/conv52 | Quantization - src_type: UINT8, dst_type FLOAT32, limvals_min: -14.8019, limvals_max: 12.3526)
[2026-06-21 16:13:22.163] [3739] [HailoRT] [info] [queue_elements.cpp:800] [create] Created (UserBuffQEl15yolov8n/conv52 | timeout: 10s)
[2026-06-21 16:13:22.163] [3739] [HailoRT] [info] [vstream.cpp:1114] [OutputVStreamImpl] Creating yolov8n/conv52...
[2026-06-21 16:13:22.163] [3739] [HailoRT] [info] [vstream_builder.cpp:220] [create_outputs] Output pipeline 'yolov8n/conv52': HW >> (HwReadEl15yolov8n/conv52 | hw_frame_size: 102400) >> (PullQEl_hw_read15yolov8n/conv52) >> (PostInferEl15yolov8n/conv52 | Quantization - src_type: UINT8, dst_type FLOAT32, limvals_min: -14.8019, limvals_max: 12.3526) >> (UserBuffQEl15yolov8n/conv52 | timeout: 10s)
[2026-06-21 16:13:22.163] [3739] [HailoRT] [info] [edge_elements.cpp:287] [create] Created (HwReadEl14yolov8n/conv53 | hw_frame_size: 8000)
[2026-06-21 16:13:22.163] [3739] [HailoRT] [info] [queue_elements.cpp:657] [create] Created (PullQEl_hw_read14yolov8n/conv53)
[2026-06-21 16:13:22.163] [3739] [HailoRT] [info] [filter_elements.cpp:372] [create] Created (PostInferEl14yolov8n/conv53 | Quantization - src_type: UINT8, dst_type FLOAT32, limvals_min: 0, limvals_max: 1)
[2026-06-21 16:13:22.163] [3739] [HailoRT] [info] [queue_elements.cpp:800] [create] Created (UserBuffQEl14yolov8n/conv53 | timeout: 10s)
[2026-06-21 16:13:22.163] [3739] [HailoRT] [info] [vstream.cpp:1114] [OutputVStreamImpl] Creating yolov8n/conv53...
[2026-06-21 16:13:22.163] [3739] [HailoRT] [info] [vstream_builder.cpp:220] [create_outputs] Output pipeline 'yolov8n/conv53': HW >> (HwReadEl14yolov8n/conv53 | hw_frame_size: 8000) >> (PullQEl_hw_read14yolov8n/conv53) >> (PostInferEl14yolov8n/conv53 | Quantization - src_type: UINT8, dst_type FLOAT32, limvals_min: 0, limvals_max: 1) >> (UserBuffQEl14yolov8n/conv53 | timeout: 10s)
[2026-06-21 16:13:22.163] [3739] [HailoRT] [info] [edge_elements.cpp:287] [create] Created (HwReadEl8yolov8n/conv62 | hw_frame_size: 25600)
[2026-06-21 16:13:22.163] [3739] [HailoRT] [info] [queue_elements.cpp:657] [create] Created (PullQEl_hw_read8yolov8n/conv62)
[2026-06-21 16:13:22.163] [3739] [HailoRT] [info] [filter_elements.cpp:372] [create] Created (PostInferEl8yolov8n/conv62 | Quantization - src_type: UINT8, dst_type FLOAT32, limvals_min: -15.9876, limvals_max: 12.1285)
[2026-06-21 16:13:22.163] [3739] [HailoRT] [info] [queue_elements.cpp:800] [create] Created (UserBuffQEl8yolov8n/conv62 | timeout: 10s)
[2026-06-21 16:13:22.163] [3739] [HailoRT] [info] [vstream.cpp:1114] [OutputVStreamImpl] Creating yolov8n/conv62...
[2026-06-21 16:13:22.163] [3739] [HailoRT] [info] [vstream_builder.cpp:220] [create_outputs] Output pipeline 'yolov8n/conv62': HW >> (HwReadEl8yolov8n/conv62 | hw_frame_size: 25600) >> (PullQEl_hw_read8yolov8n/conv62) >> (PostInferEl8yolov8n/conv62 | Quantization - src_type: UINT8, dst_type FLOAT32, limvals_min: -15.9876, limvals_max: 12.1285) >> (UserBuffQEl8yolov8n/conv62 | timeout: 10s)
[2026-06-21 16:13:22.163] [3739] [HailoRT] [info] [edge_elements.cpp:287] [create] Created (HwReadEl2yolov8n/conv63 | hw_frame_size: 2000)
[2026-06-21 16:13:22.163] [3739] [HailoRT] [info] [queue_elements.cpp:657] [create] Created (PullQEl_hw_read2yolov8n/conv63)
[2026-06-21 16:13:22.163] [3739] [HailoRT] [info] [filter_elements.cpp:372] [create] Created (PostInferEl2yolov8n/conv63 | Quantization - src_type: UINT8, dst_type FLOAT32, limvals_min: 0, limvals_max: 1 | Reorder - src_order: NHCW, src_shape: (20, 20, 5), dst_order: NHWC, dst_shape: (20, 20, 5))
[2026-06-21 16:13:22.163] [3739] [HailoRT] [info] [queue_elements.cpp:800] [create] Created (UserBuffQEl2yolov8n/conv63 | timeout: 10s)
[2026-06-21 16:13:22.163] [3739] [HailoRT] [info] [vstream.cpp:1114] [OutputVStreamImpl] Creating yolov8n/conv63...
[2026-06-21 16:13:22.163] [3739] [HailoRT] [info] [vstream_builder.cpp:220] [create_outputs] Output pipeline 'yolov8n/conv63': HW >> (HwReadEl2yolov8n/conv63 | hw_frame_size: 2000) >> (PullQEl_hw_read2yolov8n/conv63) >> (PostInferEl2yolov8n/conv63 | Quantization - src_type: UINT8, dst_type FLOAT32, limvals_min: 0, limvals_max: 1 | Reorder - src_order: NHCW, src_shape: (20, 20, 5), dst_order: NHWC, dst_shape: (20, 20, 5)) >> (UserBuffQEl2yolov8n/conv63 | timeout: 10s)
[2026-06-21 16:13:32.305] [3754] [HailoRT] [info] [queue_elements.cpp:855] [run_in_thread] Shutdown event was signaled in dequeue of UserBuffQEl13yolov8n/conv41!
[2026-06-21 16:13:32.305] [3753] [HailoRT] [info] [vdevice_native_stream.cpp:331] [read_impl] Failed read from stream HAILO_STREAM_ABORT(63) (device: 0001:01:00.0)
[2026-06-21 16:13:32.305] [3753] [HailoRT] [info] [edge_elements.cpp:396] [run_pull] Reading from stream was aborted!
[2026-06-21 16:13:32.306] [3753] [HailoRT] [info] [queue_elements.cpp:738] [run_in_thread] run_pull of queue element PullQEl_hw_read13yolov8n/conv41 was aborted!
[2026-06-21 16:13:32.306] [3753] [HailoRT] [info] [queue_elements.cpp:68] [operator()] Thread in element PullQEl_hw_read13yolov8n/conv41 is not running anymore, exiting..
[2026-06-21 16:13:32.306] [3739] [HailoRT] [info] [queue_elements.cpp:46] [~BaseQueueElement] Queue element PullQEl_hw_read13yolov8n/conv41 has 0 frames in his Queue on destruction
[2026-06-21 16:13:32.306] [3754] [HailoRT] [info] [queue_elements.cpp:68] [operator()] Thread in element UserBuffQEl13yolov8n/conv41 is not running anymore, exiting..
[2026-06-21 16:13:32.306] [3739] [HailoRT] [info] [queue_elements.cpp:46] [~BaseQueueElement] Queue element UserBuffQEl13yolov8n/conv41 has 0 frames in his Queue on destruction
[2026-06-21 16:13:32.306] [3755] [HailoRT] [info] [vdevice_native_stream.cpp:331] [read_impl] Failed read from stream HAILO_STREAM_ABORT(63) (device: 0001:01:00.0)
[2026-06-21 16:13:32.306] [3755] [HailoRT] [info] [edge_elements.cpp:396] [run_pull] Reading from stream was aborted!
[2026-06-21 16:13:32.306] [3756] [HailoRT] [info] [queue_elements.cpp:855] [run_in_thread] Shutdown event was signaled in dequeue of UserBuffQEl12yolov8n/conv42!
[2026-06-21 16:13:32.306] [3755] [HailoRT] [info] [queue_elements.cpp:738] [run_in_thread] run_pull of queue element PullQEl_hw_read12yolov8n/conv42 was aborted!
[2026-06-21 16:13:32.306] [3755] [HailoRT] [info] [queue_elements.cpp:68] [operator()] Thread in element PullQEl_hw_read12yolov8n/conv42 is not running anymore, exiting..
[2026-06-21 16:13:32.306] [3739] [HailoRT] [info] [queue_elements.cpp:46] [~BaseQueueElement] Queue element PullQEl_hw_read12yolov8n/conv42 has 0 frames in his Queue on destruction
[2026-06-21 16:13:32.306] [3756] [HailoRT] [info] [queue_elements.cpp:68] [operator()] Thread in element UserBuffQEl12yolov8n/conv42 is not running anymore, exiting..
[2026-06-21 16:13:32.306] [3739] [HailoRT] [info] [queue_elements.cpp:46] [~BaseQueueElement] Queue element UserBuffQEl12yolov8n/conv42 has 0 frames in his Queue on destruction
[2026-06-21 16:13:32.306] [3757] [HailoRT] [info] [vdevice_native_stream.cpp:331] [read_impl] Failed read from stream HAILO_STREAM_ABORT(63) (device: 0001:01:00.0)
[2026-06-21 16:13:32.306] [3757] [HailoRT] [info] [edge_elements.cpp:396] [run_pull] Reading from stream was aborted!
[2026-06-21 16:13:32.306] [3758] [HailoRT] [info] [queue_elements.cpp:855] [run_in_thread] Shutdown event was signaled in dequeue of UserBuffQEl15yolov8n/conv52!
[2026-06-21 16:13:32.306] [3757] [HailoRT] [info] [queue_elements.cpp:738] [run_in_thread] run_pull of queue element PullQEl_hw_read15yolov8n/conv52 was aborted!
[2026-06-21 16:13:32.306] [3757] [HailoRT] [info] [queue_elements.cpp:68] [operator()] Thread in element PullQEl_hw_read15yolov8n/conv52 is not running anymore, exiting..
[2026-06-21 16:13:32.306] [3739] [HailoRT] [info] [queue_elements.cpp:46] [~BaseQueueElement] Queue element PullQEl_hw_read15yolov8n/conv52 has 0 frames in his Queue on destruction
[2026-06-21 16:13:32.306] [3758] [HailoRT] [info] [queue_elements.cpp:68] [operator()] Thread in element UserBuffQEl15yolov8n/conv52 is not running anymore, exiting..
[2026-06-21 16:13:32.306] [3739] [HailoRT] [info] [queue_elements.cpp:46] [~BaseQueueElement] Queue element UserBuffQEl15yolov8n/conv52 has 0 frames in his Queue on destruction
[2026-06-21 16:13:32.306] [3759] [HailoRT] [info] [vdevice_native_stream.cpp:331] [read_impl] Failed read from stream HAILO_STREAM_ABORT(63) (device: 0001:01:00.0)
[2026-06-21 16:13:32.306] [3759] [HailoRT] [info] [edge_elements.cpp:396] [run_pull] Reading from stream was aborted!
[2026-06-21 16:13:32.306] [3760] [HailoRT] [info] [queue_elements.cpp:855] [run_in_thread] Shutdown event was signaled in dequeue of UserBuffQEl14yolov8n/conv53!
[2026-06-21 16:13:32.306] [3759] [HailoRT] [info] [queue_elements.cpp:738] [run_in_thread] run_pull of queue element PullQEl_hw_read14yolov8n/conv53 was aborted!
[2026-06-21 16:13:32.306] [3759] [HailoRT] [info] [queue_elements.cpp:68] [operator()] Thread in element PullQEl_hw_read14yolov8n/conv53 is not running anymore, exiting..
[2026-06-21 16:13:32.306] [3739] [HailoRT] [info] [queue_elements.cpp:46] [~BaseQueueElement] Queue element PullQEl_hw_read14yolov8n/conv53 has 0 frames in his Queue on destruction
[2026-06-21 16:13:32.306] [3760] [HailoRT] [info] [queue_elements.cpp:68] [operator()] Thread in element UserBuffQEl14yolov8n/conv53 is not running anymore, exiting..
[2026-06-21 16:13:32.306] [3739] [HailoRT] [info] [queue_elements.cpp:46] [~BaseQueueElement] Queue element UserBuffQEl14yolov8n/conv53 has 0 frames in his Queue on destruction
[2026-06-21 16:13:32.306] [3761] [HailoRT] [info] [vdevice_native_stream.cpp:331] [read_impl] Failed read from stream HAILO_STREAM_ABORT(63) (device: 0001:01:00.0)
[2026-06-21 16:13:32.306] [3762] [HailoRT] [info] [queue_elements.cpp:855] [run_in_thread] Shutdown event was signaled in dequeue of UserBuffQEl8yolov8n/conv62!
[2026-06-21 16:13:32.306] [3761] [HailoRT] [info] [edge_elements.cpp:396] [run_pull] Reading from stream was aborted!
[2026-06-21 16:13:32.306] [3761] [HailoRT] [info] [queue_elements.cpp:738] [run_in_thread] run_pull of queue element PullQEl_hw_read8yolov8n/conv62 was aborted!
[2026-06-21 16:13:32.306] [3761] [HailoRT] [info] [queue_elements.cpp:68] [operator()] Thread in element PullQEl_hw_read8yolov8n/conv62 is not running anymore, exiting..
[2026-06-21 16:13:32.306] [3739] [HailoRT] [info] [queue_elements.cpp:46] [~BaseQueueElement] Queue element PullQEl_hw_read8yolov8n/conv62 has 0 frames in his Queue on destruction
[2026-06-21 16:13:32.306] [3762] [HailoRT] [info] [queue_elements.cpp:68] [operator()] Thread in element UserBuffQEl8yolov8n/conv62 is not running anymore, exiting..
[2026-06-21 16:13:32.306] [3739] [HailoRT] [info] [queue_elements.cpp:46] [~BaseQueueElement] Queue element UserBuffQEl8yolov8n/conv62 has 0 frames in his Queue on destruction
[2026-06-21 16:13:32.306] [3763] [HailoRT] [info] [vdevice_native_stream.cpp:331] [read_impl] Failed read from stream HAILO_STREAM_ABORT(63) (device: 0001:01:00.0)
[2026-06-21 16:13:32.306] [3763] [HailoRT] [info] [edge_elements.cpp:396] [run_pull] Reading from stream was aborted!
[2026-06-21 16:13:32.306] [3764] [HailoRT] [info] [queue_elements.cpp:855] [run_in_thread] Shutdown event was signaled in dequeue of UserBuffQEl2yolov8n/conv63!
[2026-06-21 16:13:32.306] [3763] [HailoRT] [info] [queue_elements.cpp:738] [run_in_thread] run_pull of queue element PullQEl_hw_read2yolov8n/conv63 was aborted!
[2026-06-21 16:13:32.306] [3763] [HailoRT] [info] [queue_elements.cpp:68] [operator()] Thread in element PullQEl_hw_read2yolov8n/conv63 is not running anymore, exiting..
[2026-06-21 16:13:32.306] [3739] [HailoRT] [info] [queue_elements.cpp:46] [~BaseQueueElement] Queue element PullQEl_hw_read2yolov8n/conv63 has 0 frames in his Queue on destruction
[2026-06-21 16:13:32.306] [3764] [HailoRT] [info] [queue_elements.cpp:68] [operator()] Thread in element UserBuffQEl2yolov8n/conv63 is not running anymore, exiting..
[2026-06-21 16:13:32.306] [3739] [HailoRT] [info] [queue_elements.cpp:46] [~BaseQueueElement] Queue element UserBuffQEl2yolov8n/conv63 has 0 frames in his Queue on destruction
[2026-06-21 16:13:32.307] [3739] [HailoRT] [info] [core_op.cpp:186] [deactivate] Deactivating took 0.427759 ms
[2026-06-21 16:13:32.307] [3739] [HailoRT] [info] [core_op.cpp:186] [deactivate] Deactivating took 0.450111 ms
[2026-06-21 16:13:44.816] [4722] [HailoRT] [info] [vdevice.cpp:535] [create] Creating vdevice with params: device_count: 1, scheduling_algorithm: NONE, multi_process_service: false
[2026-06-21 16:13:44.828] [4722] [HailoRT] [info] [device.cpp:51] [Device] OS Version: Linux 6.18.33+rpt-rpi-2712 #1 SMP PREEMPT Debian 1:6.18.33-1+rpt1 (2026-06-01) aarch64
[2026-06-21 16:13:44.828] [4722] [HailoRT] [info] [control.cpp:113] [control__parse_identify_results] firmware_version is: 4.23.0
[2026-06-21 16:13:44.828] [4722] [HailoRT] [info] [vdevice.cpp:682] [create] VDevice Infos: 0001:01:00.0
[2026-06-21 16:13:44.834] [4722] [HailoRT] [info] [internal_buffer_manager.cpp:75] [print_execution_results] Default Internal buffer planner failed to meet requirements
[2026-06-21 16:13:44.834] [4722] [HailoRT] [info] [internal_buffer_manager.cpp:86] [print_execution_results] Default Internal buffer planner executed successfully
[2026-06-21 16:13:44.849] [4722] [HailoRT] [info] [device_internal.cpp:57] [configure] Configuring HEF took 20.963037 milliseconds
[2026-06-21 16:13:44.849] [4722] [HailoRT] [info] [vdevice.cpp:780] [configure] Configuring HEF on VDevice took 21.308778 milliseconds
[2026-06-21 16:13:44.850] [4722] [HailoRT] [info] [hef.cpp:1994] [get_network_group_and_network_name] No name was given. Addressing all networks of default network_group: yolov8n
[2026-06-21 16:13:44.850] [4722] [HailoRT] [info] [hef.cpp:1994] [get_network_group_and_network_name] No name was given. Addressing all networks of default network_group: yolov8n
[2026-06-21 16:13:44.851] [4722] [HailoRT] [info] [core_op.cpp:156] [activate] Activating yolov8n took 0.673796 milliseconds. Note that the function is asynchronous and thus the network is not fully activated yet.
[2026-06-21 16:13:44.851] [4722] [HailoRT] [info] [core_op.cpp:156] [activate] Activating yolov8n took 0.687185 milliseconds. Note that the function is asynchronous and thus the network is not fully activated yet.
[2026-06-21 16:13:44.851] [4722] [HailoRT] [info] [edge_elements.cpp:52] [create] Created (HwWriteEl11yolov8n/input_layer1 | hw_frame_size: 1228800)
[2026-06-21 16:13:44.851] [4722] [HailoRT] [info] [vstream.cpp:754] [InputVStreamImpl] Creating yolov8n/input_layer1...
[2026-06-21 16:13:44.851] [4722] [HailoRT] [info] [vstream_builder.cpp:102] [create_inputs] Input pipeline 'yolov8n/input_layer1': (HwWriteEl11yolov8n/input_layer1 | hw_frame_size: 1228800) >> HW
[2026-06-21 16:13:44.851] [4722] [HailoRT] [info] [edge_elements.cpp:287] [create] Created (HwReadEl13yolov8n/conv41 | hw_frame_size: 409600)
[2026-06-21 16:13:44.851] [4722] [HailoRT] [info] [queue_elements.cpp:657] [create] Created (PullQEl_hw_read13yolov8n/conv41)
[2026-06-21 16:13:44.851] [4722] [HailoRT] [info] [filter_elements.cpp:372] [create] Created (PostInferEl13yolov8n/conv41 | Quantization - src_type: UINT8, dst_type FLOAT32, limvals_min: -15.2439, limvals_max: 13.765)
[2026-06-21 16:13:44.851] [4722] [HailoRT] [info] [queue_elements.cpp:800] [create] Created (UserBuffQEl13yolov8n/conv41 | timeout: 10s)
[2026-06-21 16:13:44.851] [4722] [HailoRT] [info] [vstream.cpp:1114] [OutputVStreamImpl] Creating yolov8n/conv41...
[2026-06-21 16:13:44.851] [4722] [HailoRT] [info] [vstream_builder.cpp:220] [create_outputs] Output pipeline 'yolov8n/conv41': HW >> (HwReadEl13yolov8n/conv41 | hw_frame_size: 409600) >> (PullQEl_hw_read13yolov8n/conv41) >> (PostInferEl13yolov8n/conv41 | Quantization - src_type: UINT8, dst_type FLOAT32, limvals_min: -15.2439, limvals_max: 13.765) >> (UserBuffQEl13yolov8n/conv41 | timeout: 10s)
[2026-06-21 16:13:44.851] [4722] [HailoRT] [info] [edge_elements.cpp:287] [create] Created (HwReadEl12yolov8n/conv42 | hw_frame_size: 32000)
[2026-06-21 16:13:44.851] [4722] [HailoRT] [info] [queue_elements.cpp:657] [create] Created (PullQEl_hw_read12yolov8n/conv42)
[2026-06-21 16:13:44.851] [4722] [HailoRT] [info] [filter_elements.cpp:372] [create] Created (PostInferEl12yolov8n/conv42 | Quantization - src_type: UINT8, dst_type FLOAT32, limvals_min: 0, limvals_max: 1)
[2026-06-21 16:13:44.852] [4722] [HailoRT] [info] [queue_elements.cpp:800] [create] Created (UserBuffQEl12yolov8n/conv42 | timeout: 10s)
[2026-06-21 16:13:44.852] [4722] [HailoRT] [info] [vstream.cpp:1114] [OutputVStreamImpl] Creating yolov8n/conv42...
[2026-06-21 16:13:44.852] [4722] [HailoRT] [info] [vstream_builder.cpp:220] [create_outputs] Output pipeline 'yolov8n/conv42': HW >> (HwReadEl12yolov8n/conv42 | hw_frame_size: 32000) >> (PullQEl_hw_read12yolov8n/conv42) >> (PostInferEl12yolov8n/conv42 | Quantization - src_type: UINT8, dst_type FLOAT32, limvals_min: 0, limvals_max: 1) >> (UserBuffQEl12yolov8n/conv42 | timeout: 10s)
[2026-06-21 16:13:44.852] [4722] [HailoRT] [info] [edge_elements.cpp:287] [create] Created (HwReadEl15yolov8n/conv52 | hw_frame_size: 102400)
[2026-06-21 16:13:44.852] [4722] [HailoRT] [info] [queue_elements.cpp:657] [create] Created (PullQEl_hw_read15yolov8n/conv52)
[2026-06-21 16:13:44.852] [4722] [HailoRT] [info] [filter_elements.cpp:372] [create] Created (PostInferEl15yolov8n/conv52 | Quantization - src_type: UINT8, dst_type FLOAT32, limvals_min: -14.8019, limvals_max: 12.3526)
[2026-06-21 16:13:44.852] [4722] [HailoRT] [info] [queue_elements.cpp:800] [create] Created (UserBuffQEl15yolov8n/conv52 | timeout: 10s)
[2026-06-21 16:13:44.852] [4722] [HailoRT] [info] [vstream.cpp:1114] [OutputVStreamImpl] Creating yolov8n/conv52...
[2026-06-21 16:13:44.852] [4722] [HailoRT] [info] [vstream_builder.cpp:220] [create_outputs] Output pipeline 'yolov8n/conv52': HW >> (HwReadEl15yolov8n/conv52 | hw_frame_size: 102400) >> (PullQEl_hw_read15yolov8n/conv52) >> (PostInferEl15yolov8n/conv52 | Quantization - src_type: UINT8, dst_type FLOAT32, limvals_min: -14.8019, limvals_max: 12.3526) >> (UserBuffQEl15yolov8n/conv52 | timeout: 10s)
[2026-06-21 16:13:44.852] [4722] [HailoRT] [info] [edge_elements.cpp:287] [create] Created (HwReadEl14yolov8n/conv53 | hw_frame_size: 8000)
[2026-06-21 16:13:44.852] [4722] [HailoRT] [info] [queue_elements.cpp:657] [create] Created (PullQEl_hw_read14yolov8n/conv53)
[2026-06-21 16:13:44.852] [4722] [HailoRT] [info] [filter_elements.cpp:372] [create] Created (PostInferEl14yolov8n/conv53 | Quantization - src_type: UINT8, dst_type FLOAT32, limvals_min: 0, limvals_max: 1)
[2026-06-21 16:13:44.852] [4722] [HailoRT] [info] [queue_elements.cpp:800] [create] Created (UserBuffQEl14yolov8n/conv53 | timeout: 10s)
[2026-06-21 16:13:44.852] [4722] [HailoRT] [info] [vstream.cpp:1114] [OutputVStreamImpl] Creating yolov8n/conv53...
[2026-06-21 16:13:44.852] [4722] [HailoRT] [info] [vstream_builder.cpp:220] [create_outputs] Output pipeline 'yolov8n/conv53': HW >> (HwReadEl14yolov8n/conv53 | hw_frame_size: 8000) >> (PullQEl_hw_read14yolov8n/conv53) >> (PostInferEl14yolov8n/conv53 | Quantization - src_type: UINT8, dst_type FLOAT32, limvals_min: 0, limvals_max: 1) >> (UserBuffQEl14yolov8n/conv53 | timeout: 10s)
[2026-06-21 16:13:44.852] [4722] [HailoRT] [info] [edge_elements.cpp:287] [create] Created (HwReadEl8yolov8n/conv62 | hw_frame_size: 25600)
[2026-06-21 16:13:44.852] [4722] [HailoRT] [info] [queue_elements.cpp:657] [create] Created (PullQEl_hw_read8yolov8n/conv62)
[2026-06-21 16:13:44.852] [4722] [HailoRT] [info] [filter_elements.cpp:372] [create] Created (PostInferEl8yolov8n/conv62 | Quantization - src_type: UINT8, dst_type FLOAT32, limvals_min: -15.9876, limvals_max: 12.1285)
[2026-06-21 16:13:44.852] [4722] [HailoRT] [info] [queue_elements.cpp:800] [create] Created (UserBuffQEl8yolov8n/conv62 | timeout: 10s)
[2026-06-21 16:13:44.852] [4722] [HailoRT] [info] [vstream.cpp:1114] [OutputVStreamImpl] Creating yolov8n/conv62...
[2026-06-21 16:13:44.852] [4722] [HailoRT] [info] [vstream_builder.cpp:220] [create_outputs] Output pipeline 'yolov8n/conv62': HW >> (HwReadEl8yolov8n/conv62 | hw_frame_size: 25600) >> (PullQEl_hw_read8yolov8n/conv62) >> (PostInferEl8yolov8n/conv62 | Quantization - src_type: UINT8, dst_type FLOAT32, limvals_min: -15.9876, limvals_max: 12.1285) >> (UserBuffQEl8yolov8n/conv62 | timeout: 10s)
[2026-06-21 16:13:44.852] [4722] [HailoRT] [info] [edge_elements.cpp:287] [create] Created (HwReadEl2yolov8n/conv63 | hw_frame_size: 2000)
[2026-06-21 16:13:44.852] [4722] [HailoRT] [info] [queue_elements.cpp:657] [create] Created (PullQEl_hw_read2yolov8n/conv63)
[2026-06-21 16:13:44.852] [4722] [HailoRT] [info] [filter_elements.cpp:372] [create] Created (PostInferEl2yolov8n/conv63 | Quantization - src_type: UINT8, dst_type FLOAT32, limvals_min: 0, limvals_max: 1 | Reorder - src_order: NHCW, src_shape: (20, 20, 5), dst_order: NHWC, dst_shape: (20, 20, 5))
[2026-06-21 16:13:44.852] [4722] [HailoRT] [info] [queue_elements.cpp:800] [create] Created (UserBuffQEl2yolov8n/conv63 | timeout: 10s)
[2026-06-21 16:13:44.852] [4722] [HailoRT] [info] [vstream.cpp:1114] [OutputVStreamImpl] Creating yolov8n/conv63...
[2026-06-21 16:13:44.852] [4722] [HailoRT] [info] [vstream_builder.cpp:220] [create_outputs] Output pipeline 'yolov8n/conv63': HW >> (HwReadEl2yolov8n/conv63 | hw_frame_size: 2000) >> (PullQEl_hw_read2yolov8n/conv63) >> (PostInferEl2yolov8n/conv63 | Quantization - src_type: UINT8, dst_type FLOAT32, limvals_min: 0, limvals_max: 1 | Reorder - src_order: NHCW, src_shape: (20, 20, 5), dst_order: NHWC, dst_shape: (20, 20, 5)) >> (UserBuffQEl2yolov8n/conv63 | timeout: 10s)
[2026-06-21 16:13:46.494] [4734] [HailoRT] [info] [queue_elements.cpp:855] [run_in_thread] Shutdown event was signaled in dequeue of UserBuffQEl13yolov8n/conv41!
[2026-06-21 16:13:46.494] [4733] [HailoRT] [info] [vdevice_native_stream.cpp:331] [read_impl] Failed read from stream HAILO_STREAM_ABORT(63) (device: 0001:01:00.0)
[2026-06-21 16:13:46.494] [4733] [HailoRT] [info] [edge_elements.cpp:396] [run_pull] Reading from stream was aborted!
[2026-06-21 16:13:46.494] [4733] [HailoRT] [info] [queue_elements.cpp:738] [run_in_thread] run_pull of queue element PullQEl_hw_read13yolov8n/conv41 was aborted!
[2026-06-21 16:13:46.494] [4733] [HailoRT] [info] [queue_elements.cpp:68] [operator()] Thread in element PullQEl_hw_read13yolov8n/conv41 is not running anymore, exiting..
[2026-06-21 16:13:46.494] [4722] [HailoRT] [info] [queue_elements.cpp:46] [~BaseQueueElement] Queue element PullQEl_hw_read13yolov8n/conv41 has 0 frames in his Queue on destruction
[2026-06-21 16:13:46.494] [4734] [HailoRT] [info] [queue_elements.cpp:68] [operator()] Thread in element UserBuffQEl13yolov8n/conv41 is not running anymore, exiting..
[2026-06-21 16:13:46.494] [4722] [HailoRT] [info] [queue_elements.cpp:46] [~BaseQueueElement] Queue element UserBuffQEl13yolov8n/conv41 has 0 frames in his Queue on destruction
[2026-06-21 16:13:46.494] [4736] [HailoRT] [info] [queue_elements.cpp:855] [run_in_thread] Shutdown event was signaled in dequeue of UserBuffQEl12yolov8n/conv42!
[2026-06-21 16:13:46.494] [4735] [HailoRT] [info] [vdevice_native_stream.cpp:331] [read_impl] Failed read from stream HAILO_STREAM_ABORT(63) (device: 0001:01:00.0)
[2026-06-21 16:13:46.494] [4735] [HailoRT] [info] [edge_elements.cpp:396] [run_pull] Reading from stream was aborted!
[2026-06-21 16:13:46.494] [4735] [HailoRT] [info] [queue_elements.cpp:738] [run_in_thread] run_pull of queue element PullQEl_hw_read12yolov8n/conv42 was aborted!
[2026-06-21 16:13:46.494] [4735] [HailoRT] [info] [queue_elements.cpp:68] [operator()] Thread in element PullQEl_hw_read12yolov8n/conv42 is not running anymore, exiting..
[2026-06-21 16:13:46.494] [4722] [HailoRT] [info] [queue_elements.cpp:46] [~BaseQueueElement] Queue element PullQEl_hw_read12yolov8n/conv42 has 0 frames in his Queue on destruction
[2026-06-21 16:13:46.494] [4736] [HailoRT] [info] [queue_elements.cpp:68] [operator()] Thread in element UserBuffQEl12yolov8n/conv42 is not running anymore, exiting..
[2026-06-21 16:13:46.494] [4722] [HailoRT] [info] [queue_elements.cpp:46] [~BaseQueueElement] Queue element UserBuffQEl12yolov8n/conv42 has 0 frames in his Queue on destruction
[2026-06-21 16:13:46.494] [4737] [HailoRT] [info] [vdevice_native_stream.cpp:331] [read_impl] Failed read from stream HAILO_STREAM_ABORT(63) (device: 0001:01:00.0)
[2026-06-21 16:13:46.494] [4737] [HailoRT] [info] [edge_elements.cpp:396] [run_pull] Reading from stream was aborted!
[2026-06-21 16:13:46.494] [4738] [HailoRT] [info] [queue_elements.cpp:855] [run_in_thread] Shutdown event was signaled in dequeue of UserBuffQEl15yolov8n/conv52!
[2026-06-21 16:13:46.494] [4737] [HailoRT] [info] [queue_elements.cpp:738] [run_in_thread] run_pull of queue element PullQEl_hw_read15yolov8n/conv52 was aborted!
[2026-06-21 16:13:46.494] [4737] [HailoRT] [info] [queue_elements.cpp:68] [operator()] Thread in element PullQEl_hw_read15yolov8n/conv52 is not running anymore, exiting..
[2026-06-21 16:13:46.494] [4722] [HailoRT] [info] [queue_elements.cpp:46] [~BaseQueueElement] Queue element PullQEl_hw_read15yolov8n/conv52 has 0 frames in his Queue on destruction
[2026-06-21 16:13:46.494] [4738] [HailoRT] [info] [queue_elements.cpp:68] [operator()] Thread in element UserBuffQEl15yolov8n/conv52 is not running anymore, exiting..
[2026-06-21 16:13:46.494] [4722] [HailoRT] [info] [queue_elements.cpp:46] [~BaseQueueElement] Queue element UserBuffQEl15yolov8n/conv52 has 0 frames in his Queue on destruction
[2026-06-21 16:13:46.494] [4739] [HailoRT] [info] [vdevice_native_stream.cpp:331] [read_impl] Failed read from stream HAILO_STREAM_ABORT(63) (device: 0001:01:00.0)
[2026-06-21 16:13:46.494] [4739] [HailoRT] [info] [edge_elements.cpp:396] [run_pull] Reading from stream was aborted!
[2026-06-21 16:13:46.494] [4740] [HailoRT] [info] [queue_elements.cpp:855] [run_in_thread] Shutdown event was signaled in dequeue of UserBuffQEl14yolov8n/conv53!
[2026-06-21 16:13:46.494] [4739] [HailoRT] [info] [queue_elements.cpp:738] [run_in_thread] run_pull of queue element PullQEl_hw_read14yolov8n/conv53 was aborted!
[2026-06-21 16:13:46.494] [4739] [HailoRT] [info] [queue_elements.cpp:68] [operator()] Thread in element PullQEl_hw_read14yolov8n/conv53 is not running anymore, exiting..
[2026-06-21 16:13:46.494] [4722] [HailoRT] [info] [queue_elements.cpp:46] [~BaseQueueElement] Queue element PullQEl_hw_read14yolov8n/conv53 has 0 frames in his Queue on destruction
[2026-06-21 16:13:46.494] [4740] [HailoRT] [info] [queue_elements.cpp:68] [operator()] Thread in element UserBuffQEl14yolov8n/conv53 is not running anymore, exiting..
[2026-06-21 16:13:46.494] [4722] [HailoRT] [info] [queue_elements.cpp:46] [~BaseQueueElement] Queue element UserBuffQEl14yolov8n/conv53 has 0 frames in his Queue on destruction
[2026-06-21 16:13:46.494] [4741] [HailoRT] [info] [vdevice_native_stream.cpp:331] [read_impl] Failed read from stream HAILO_STREAM_ABORT(63) (device: 0001:01:00.0)
[2026-06-21 16:13:46.494] [4742] [HailoRT] [info] [queue_elements.cpp:855] [run_in_thread] Shutdown event was signaled in dequeue of UserBuffQEl8yolov8n/conv62!
[2026-06-21 16:13:46.494] [4741] [HailoRT] [info] [edge_elements.cpp:396] [run_pull] Reading from stream was aborted!
[2026-06-21 16:13:46.494] [4741] [HailoRT] [info] [queue_elements.cpp:738] [run_in_thread] run_pull of queue element PullQEl_hw_read8yolov8n/conv62 was aborted!
[2026-06-21 16:13:46.494] [4741] [HailoRT] [info] [queue_elements.cpp:68] [operator()] Thread in element PullQEl_hw_read8yolov8n/conv62 is not running anymore, exiting..
[2026-06-21 16:13:46.495] [4722] [HailoRT] [info] [queue_elements.cpp:46] [~BaseQueueElement] Queue element PullQEl_hw_read8yolov8n/conv62 has 0 frames in his Queue on destruction
[2026-06-21 16:13:46.495] [4742] [HailoRT] [info] [queue_elements.cpp:68] [operator()] Thread in element UserBuffQEl8yolov8n/conv62 is not running anymore, exiting..
[2026-06-21 16:13:46.495] [4722] [HailoRT] [info] [queue_elements.cpp:46] [~BaseQueueElement] Queue element UserBuffQEl8yolov8n/conv62 has 0 frames in his Queue on destruction
[2026-06-21 16:13:46.495] [4744] [HailoRT] [info] [queue_elements.cpp:855] [run_in_thread] Shutdown event was signaled in dequeue of UserBuffQEl2yolov8n/conv63!
[2026-06-21 16:13:46.495] [4743] [HailoRT] [info] [vdevice_native_stream.cpp:331] [read_impl] Failed read from stream HAILO_STREAM_ABORT(63) (device: 0001:01:00.0)
[2026-06-21 16:13:46.495] [4743] [HailoRT] [info] [edge_elements.cpp:396] [run_pull] Reading from stream was aborted!
[2026-06-21 16:13:46.495] [4743] [HailoRT] [info] [queue_elements.cpp:738] [run_in_thread] run_pull of queue element PullQEl_hw_read2yolov8n/conv63 was aborted!
[2026-06-21 16:13:46.495] [4743] [HailoRT] [info] [queue_elements.cpp:68] [operator()] Thread in element PullQEl_hw_read2yolov8n/conv63 is not running anymore, exiting..
[2026-06-21 16:13:46.495] [4722] [HailoRT] [info] [queue_elements.cpp:46] [~BaseQueueElement] Queue element PullQEl_hw_read2yolov8n/conv63 has 0 frames in his Queue on destruction
[2026-06-21 16:13:46.495] [4744] [HailoRT] [info] [queue_elements.cpp:68] [operator()] Thread in element UserBuffQEl2yolov8n/conv63 is not running anymore, exiting..
[2026-06-21 16:13:46.495] [4722] [HailoRT] [info] [queue_elements.cpp:46] [~BaseQueueElement] Queue element UserBuffQEl2yolov8n/conv63 has 0 frames in his Queue on destruction
[2026-06-21 16:13:46.495] [4722] [HailoRT] [info] [core_op.cpp:186] [deactivate] Deactivating took 0.435889 ms
[2026-06-21 16:13:46.495] [4722] [HailoRT] [info] [core_op.cpp:186] [deactivate] Deactivating took 0.445759 ms
[2026-06-21 16:14:21.988] [4913] [HailoRT] [info] [vdevice.cpp:535] [create] Creating vdevice with params: device_count: 1, scheduling_algorithm: NONE, multi_process_service: false
[2026-06-21 16:14:22.001] [4913] [HailoRT] [info] [device.cpp:51] [Device] OS Version: Linux 6.18.33+rpt-rpi-2712 #1 SMP PREEMPT Debian 1:6.18.33-1+rpt1 (2026-06-01) aarch64
[2026-06-21 16:14:22.001] [4913] [HailoRT] [info] [control.cpp:113] [control__parse_identify_results] firmware_version is: 4.23.0
[2026-06-21 16:14:22.001] [4913] [HailoRT] [info] [vdevice.cpp:682] [create] VDevice Infos: 0001:01:00.0
[2026-06-21 16:14:22.007] [4913] [HailoRT] [info] [internal_buffer_manager.cpp:75] [print_execution_results] Default Internal buffer planner failed to meet requirements
[2026-06-21 16:14:22.007] [4913] [HailoRT] [info] [internal_buffer_manager.cpp:86] [print_execution_results] Default Internal buffer planner executed successfully
[2026-06-21 16:14:22.024] [4913] [HailoRT] [info] [device_internal.cpp:57] [configure] Configuring HEF took 22.860314 milliseconds
[2026-06-21 16:14:22.024] [4913] [HailoRT] [info] [vdevice.cpp:780] [configure] Configuring HEF on VDevice took 23.232574 milliseconds
[2026-06-21 16:14:22.025] [4913] [HailoRT] [info] [hef.cpp:1994] [get_network_group_and_network_name] No name was given. Addressing all networks of default network_group: yolov8n
[2026-06-21 16:14:22.025] [4913] [HailoRT] [info] [hef.cpp:1994] [get_network_group_and_network_name] No name was given. Addressing all networks of default network_group: yolov8n
[2026-06-21 16:14:22.026] [4913] [HailoRT] [info] [core_op.cpp:156] [activate] Activating yolov8n took 0.7395 milliseconds. Note that the function is asynchronous and thus the network is not fully activated yet.
[2026-06-21 16:14:22.026] [4913] [HailoRT] [info] [core_op.cpp:156] [activate] Activating yolov8n took 0.759444 milliseconds. Note that the function is asynchronous and thus the network is not fully activated yet.
[2026-06-21 16:14:22.026] [4913] [HailoRT] [info] [edge_elements.cpp:52] [create] Created (HwWriteEl11yolov8n/input_layer1 | hw_frame_size: 1228800)
[2026-06-21 16:14:22.026] [4913] [HailoRT] [info] [vstream.cpp:754] [InputVStreamImpl] Creating yolov8n/input_layer1...
[2026-06-21 16:14:22.026] [4913] [HailoRT] [info] [vstream_builder.cpp:102] [create_inputs] Input pipeline 'yolov8n/input_layer1': (HwWriteEl11yolov8n/input_layer1 | hw_frame_size: 1228800) >> HW
[2026-06-21 16:14:22.026] [4913] [HailoRT] [info] [edge_elements.cpp:287] [create] Created (HwReadEl13yolov8n/conv41 | hw_frame_size: 409600)
[2026-06-21 16:14:22.026] [4913] [HailoRT] [info] [queue_elements.cpp:657] [create] Created (PullQEl_hw_read13yolov8n/conv41)
[2026-06-21 16:14:22.026] [4913] [HailoRT] [info] [filter_elements.cpp:372] [create] Created (PostInferEl13yolov8n/conv41 | Quantization - src_type: UINT8, dst_type FLOAT32, limvals_min: -15.2439, limvals_max: 13.765)
[2026-06-21 16:14:22.026] [4913] [HailoRT] [info] [queue_elements.cpp:800] [create] Created (UserBuffQEl13yolov8n/conv41 | timeout: 10s)
[2026-06-21 16:14:22.026] [4913] [HailoRT] [info] [vstream.cpp:1114] [OutputVStreamImpl] Creating yolov8n/conv41...
[2026-06-21 16:14:22.027] [4913] [HailoRT] [info] [vstream_builder.cpp:220] [create_outputs] Output pipeline 'yolov8n/conv41': HW >> (HwReadEl13yolov8n/conv41 | hw_frame_size: 409600) >> (PullQEl_hw_read13yolov8n/conv41) >> (PostInferEl13yolov8n/conv41 | Quantization - src_type: UINT8, dst_type FLOAT32, limvals_min: -15.2439, limvals_max: 13.765) >> (UserBuffQEl13yolov8n/conv41 | timeout: 10s)
[2026-06-21 16:14:22.027] [4913] [HailoRT] [info] [edge_elements.cpp:287] [create] Created (HwReadEl12yolov8n/conv42 | hw_frame_size: 32000)
[2026-06-21 16:14:22.027] [4913] [HailoRT] [info] [queue_elements.cpp:657] [create] Created (PullQEl_hw_read12yolov8n/conv42)
[2026-06-21 16:14:22.027] [4913] [HailoRT] [info] [filter_elements.cpp:372] [create] Created (PostInferEl12yolov8n/conv42 | Quantization - src_type: UINT8, dst_type FLOAT32, limvals_min: 0, limvals_max: 1)
[2026-06-21 16:14:22.027] [4913] [HailoRT] [info] [queue_elements.cpp:800] [create] Created (UserBuffQEl12yolov8n/conv42 | timeout: 10s)
[2026-06-21 16:14:22.027] [4913] [HailoRT] [info] [vstream.cpp:1114] [OutputVStreamImpl] Creating yolov8n/conv42...
[2026-06-21 16:14:22.027] [4913] [HailoRT] [info] [vstream_builder.cpp:220] [create_outputs] Output pipeline 'yolov8n/conv42': HW >> (HwReadEl12yolov8n/conv42 | hw_frame_size: 32000) >> (PullQEl_hw_read12yolov8n/conv42) >> (PostInferEl12yolov8n/conv42 | Quantization - src_type: UINT8, dst_type FLOAT32, limvals_min: 0, limvals_max: 1) >> (UserBuffQEl12yolov8n/conv42 | timeout: 10s)
[2026-06-21 16:14:22.027] [4913] [HailoRT] [info] [edge_elements.cpp:287] [create] Created (HwReadEl15yolov8n/conv52 | hw_frame_size: 102400)
[2026-06-21 16:14:22.027] [4913] [HailoRT] [info] [queue_elements.cpp:657] [create] Created (PullQEl_hw_read15yolov8n/conv52)
[2026-06-21 16:14:22.027] [4913] [HailoRT] [info] [filter_elements.cpp:372] [create] Created (PostInferEl15yolov8n/conv52 | Quantization - src_type: UINT8, dst_type FLOAT32, limvals_min: -14.8019, limvals_max: 12.3526)
[2026-06-21 16:14:22.027] [4913] [HailoRT] [info] [queue_elements.cpp:800] [create] Created (UserBuffQEl15yolov8n/conv52 | timeout: 10s)
[2026-06-21 16:14:22.027] [4913] [HailoRT] [info] [vstream.cpp:1114] [OutputVStreamImpl] Creating yolov8n/conv52...
[2026-06-21 16:14:22.027] [4913] [HailoRT] [info] [vstream_builder.cpp:220] [create_outputs] Output pipeline 'yolov8n/conv52': HW >> (HwReadEl15yolov8n/conv52 | hw_frame_size: 102400) >> (PullQEl_hw_read15yolov8n/conv52) >> (PostInferEl15yolov8n/conv52 | Quantization - src_type: UINT8, dst_type FLOAT32, limvals_min: -14.8019, limvals_max: 12.3526) >> (UserBuffQEl15yolov8n/conv52 | timeout: 10s)
[2026-06-21 16:14:22.027] [4913] [HailoRT] [info] [edge_elements.cpp:287] [create] Created (HwReadEl14yolov8n/conv53 | hw_frame_size: 8000)
[2026-06-21 16:14:22.027] [4913] [HailoRT] [info] [queue_elements.cpp:657] [create] Created (PullQEl_hw_read14yolov8n/conv53)
[2026-06-21 16:14:22.027] [4913] [HailoRT] [info] [filter_elements.cpp:372] [create] Created (PostInferEl14yolov8n/conv53 | Quantization - src_type: UINT8, dst_type FLOAT32, limvals_min: 0, limvals_max: 1)
[2026-06-21 16:14:22.027] [4913] [HailoRT] [info] [queue_elements.cpp:800] [create] Created (UserBuffQEl14yolov8n/conv53 | timeout: 10s)
[2026-06-21 16:14:22.027] [4913] [HailoRT] [info] [vstream.cpp:1114] [OutputVStreamImpl] Creating yolov8n/conv53...
[2026-06-21 16:14:22.027] [4913] [HailoRT] [info] [vstream_builder.cpp:220] [create_outputs] Output pipeline 'yolov8n/conv53': HW >> (HwReadEl14yolov8n/conv53 | hw_frame_size: 8000) >> (PullQEl_hw_read14yolov8n/conv53) >> (PostInferEl14yolov8n/conv53 | Quantization - src_type: UINT8, dst_type FLOAT32, limvals_min: 0, limvals_max: 1) >> (UserBuffQEl14yolov8n/conv53 | timeout: 10s)
[2026-06-21 16:14:22.027] [4913] [HailoRT] [info] [edge_elements.cpp:287] [create] Created (HwReadEl8yolov8n/conv62 | hw_frame_size: 25600)
[2026-06-21 16:14:22.027] [4913] [HailoRT] [info] [queue_elements.cpp:657] [create] Created (PullQEl_hw_read8yolov8n/conv62)
[2026-06-21 16:14:22.027] [4913] [HailoRT] [info] [filter_elements.cpp:372] [create] Created (PostInferEl8yolov8n/conv62 | Quantization - src_type: UINT8, dst_type FLOAT32, limvals_min: -15.9876, limvals_max: 12.1285)
[2026-06-21 16:14:22.027] [4913] [HailoRT] [info] [queue_elements.cpp:800] [create] Created (UserBuffQEl8yolov8n/conv62 | timeout: 10s)
[2026-06-21 16:14:22.027] [4913] [HailoRT] [info] [vstream.cpp:1114] [OutputVStreamImpl] Creating yolov8n/conv62...
[2026-06-21 16:14:22.028] [4913] [HailoRT] [info] [vstream_builder.cpp:220] [create_outputs] Output pipeline 'yolov8n/conv62': HW >> (HwReadEl8yolov8n/conv62 | hw_frame_size: 25600) >> (PullQEl_hw_read8yolov8n/conv62) >> (PostInferEl8yolov8n/conv62 | Quantization - src_type: UINT8, dst_type FLOAT32, limvals_min: -15.9876, limvals_max: 12.1285) >> (UserBuffQEl8yolov8n/conv62 | timeout: 10s)
[2026-06-21 16:14:22.028] [4913] [HailoRT] [info] [edge_elements.cpp:287] [create] Created (HwReadEl2yolov8n/conv63 | hw_frame_size: 2000)
[2026-06-21 16:14:22.028] [4913] [HailoRT] [info] [queue_elements.cpp:657] [create] Created (PullQEl_hw_read2yolov8n/conv63)
[2026-06-21 16:14:22.028] [4913] [HailoRT] [info] [filter_elements.cpp:372] [create] Created (PostInferEl2yolov8n/conv63 | Quantization - src_type: UINT8, dst_type FLOAT32, limvals_min: 0, limvals_max: 1 | Reorder - src_order: NHCW, src_shape: (20, 20, 5), dst_order: NHWC, dst_shape: (20, 20, 5))
[2026-06-21 16:14:22.028] [4913] [HailoRT] [info] [queue_elements.cpp:800] [create] Created (UserBuffQEl2yolov8n/conv63 | timeout: 10s)
[2026-06-21 16:14:22.028] [4913] [HailoRT] [info] [vstream.cpp:1114] [OutputVStreamImpl] Creating yolov8n/conv63...
[2026-06-21 16:14:22.028] [4913] [HailoRT] [info] [vstream_builder.cpp:220] [create_outputs] Output pipeline 'yolov8n/conv63': HW >> (HwReadEl2yolov8n/conv63 | hw_frame_size: 2000) >> (PullQEl_hw_read2yolov8n/conv63) >> (PostInferEl2yolov8n/conv63 | Quantization - src_type: UINT8, dst_type FLOAT32, limvals_min: 0, limvals_max: 1 | Reorder - src_order: NHCW, src_shape: (20, 20, 5), dst_order: NHWC, dst_shape: (20, 20, 5)) >> (UserBuffQEl2yolov8n/conv63 | timeout: 10s)
[2026-06-21 16:14:37.112] [4926] [HailoRT] [info] [queue_elements.cpp:855] [run_in_thread] Shutdown event was signaled in dequeue of UserBuffQEl13yolov8n/conv41!
[2026-06-21 16:14:37.112] [4925] [HailoRT] [info] [vdevice_native_stream.cpp:331] [read_impl] Failed read from stream HAILO_STREAM_ABORT(63) (device: 0001:01:00.0)
[2026-06-21 16:14:37.112] [4925] [HailoRT] [info] [edge_elements.cpp:396] [run_pull] Reading from stream was aborted!
[2026-06-21 16:14:37.112] [4925] [HailoRT] [info] [queue_elements.cpp:738] [run_in_thread] run_pull of queue element PullQEl_hw_read13yolov8n/conv41 was aborted!
[2026-06-21 16:14:37.113] [4925] [HailoRT] [info] [queue_elements.cpp:68] [operator()] Thread in element PullQEl_hw_read13yolov8n/conv41 is not running anymore, exiting..
[2026-06-21 16:14:37.113] [4913] [HailoRT] [info] [queue_elements.cpp:46] [~BaseQueueElement] Queue element PullQEl_hw_read13yolov8n/conv41 has 0 frames in his Queue on destruction
[2026-06-21 16:14:37.113] [4926] [HailoRT] [info] [queue_elements.cpp:68] [operator()] Thread in element UserBuffQEl13yolov8n/conv41 is not running anymore, exiting..
[2026-06-21 16:14:37.113] [4913] [HailoRT] [info] [queue_elements.cpp:46] [~BaseQueueElement] Queue element UserBuffQEl13yolov8n/conv41 has 0 frames in his Queue on destruction
[2026-06-21 16:14:37.113] [4927] [HailoRT] [info] [vdevice_native_stream.cpp:331] [read_impl] Failed read from stream HAILO_STREAM_ABORT(63) (device: 0001:01:00.0)
[2026-06-21 16:14:37.113] [4928] [HailoRT] [info] [queue_elements.cpp:855] [run_in_thread] Shutdown event was signaled in dequeue of UserBuffQEl12yolov8n/conv42!
[2026-06-21 16:14:37.113] [4927] [HailoRT] [info] [edge_elements.cpp:396] [run_pull] Reading from stream was aborted!
[2026-06-21 16:14:37.113] [4927] [HailoRT] [info] [queue_elements.cpp:738] [run_in_thread] run_pull of queue element PullQEl_hw_read12yolov8n/conv42 was aborted!
[2026-06-21 16:14:37.113] [4927] [HailoRT] [info] [queue_elements.cpp:68] [operator()] Thread in element PullQEl_hw_read12yolov8n/conv42 is not running anymore, exiting..
[2026-06-21 16:14:37.113] [4913] [HailoRT] [info] [queue_elements.cpp:46] [~BaseQueueElement] Queue element PullQEl_hw_read12yolov8n/conv42 has 0 frames in his Queue on destruction
[2026-06-21 16:14:37.113] [4928] [HailoRT] [info] [queue_elements.cpp:68] [operator()] Thread in element UserBuffQEl12yolov8n/conv42 is not running anymore, exiting..
[2026-06-21 16:14:37.113] [4913] [HailoRT] [info] [queue_elements.cpp:46] [~BaseQueueElement] Queue element UserBuffQEl12yolov8n/conv42 has 0 frames in his Queue on destruction
[2026-06-21 16:14:37.113] [4929] [HailoRT] [info] [vdevice_native_stream.cpp:331] [read_impl] Failed read from stream HAILO_STREAM_ABORT(63) (device: 0001:01:00.0)
[2026-06-21 16:14:37.113] [4930] [HailoRT] [info] [queue_elements.cpp:855] [run_in_thread] Shutdown event was signaled in dequeue of UserBuffQEl15yolov8n/conv52!
[2026-06-21 16:14:37.113] [4929] [HailoRT] [info] [edge_elements.cpp:396] [run_pull] Reading from stream was aborted!
[2026-06-21 16:14:37.113] [4929] [HailoRT] [info] [queue_elements.cpp:738] [run_in_thread] run_pull of queue element PullQEl_hw_read15yolov8n/conv52 was aborted!
[2026-06-21 16:14:37.113] [4929] [HailoRT] [info] [queue_elements.cpp:68] [operator()] Thread in element PullQEl_hw_read15yolov8n/conv52 is not running anymore, exiting..
[2026-06-21 16:14:37.113] [4913] [HailoRT] [info] [queue_elements.cpp:46] [~BaseQueueElement] Queue element PullQEl_hw_read15yolov8n/conv52 has 0 frames in his Queue on destruction
[2026-06-21 16:14:37.113] [4930] [HailoRT] [info] [queue_elements.cpp:68] [operator()] Thread in element UserBuffQEl15yolov8n/conv52 is not running anymore, exiting..
[2026-06-21 16:14:37.113] [4913] [HailoRT] [info] [queue_elements.cpp:46] [~BaseQueueElement] Queue element UserBuffQEl15yolov8n/conv52 has 0 frames in his Queue on destruction
[2026-06-21 16:14:37.113] [4931] [HailoRT] [info] [vdevice_native_stream.cpp:331] [read_impl] Failed read from stream HAILO_STREAM_ABORT(63) (device: 0001:01:00.0)
[2026-06-21 16:14:37.113] [4932] [HailoRT] [info] [queue_elements.cpp:855] [run_in_thread] Shutdown event was signaled in dequeue of UserBuffQEl14yolov8n/conv53!
[2026-06-21 16:14:37.113] [4931] [HailoRT] [info] [edge_elements.cpp:396] [run_pull] Reading from stream was aborted!
[2026-06-21 16:14:37.113] [4931] [HailoRT] [info] [queue_elements.cpp:738] [run_in_thread] run_pull of queue element PullQEl_hw_read14yolov8n/conv53 was aborted!
[2026-06-21 16:14:37.113] [4931] [HailoRT] [info] [queue_elements.cpp:68] [operator()] Thread in element PullQEl_hw_read14yolov8n/conv53 is not running anymore, exiting..
[2026-06-21 16:14:37.113] [4913] [HailoRT] [info] [queue_elements.cpp:46] [~BaseQueueElement] Queue element PullQEl_hw_read14yolov8n/conv53 has 0 frames in his Queue on destruction
[2026-06-21 16:14:37.113] [4932] [HailoRT] [info] [queue_elements.cpp:68] [operator()] Thread in element UserBuffQEl14yolov8n/conv53 is not running anymore, exiting..
[2026-06-21 16:14:37.113] [4913] [HailoRT] [info] [queue_elements.cpp:46] [~BaseQueueElement] Queue element UserBuffQEl14yolov8n/conv53 has 0 frames in his Queue on destruction
[2026-06-21 16:14:37.113] [4933] [HailoRT] [info] [vdevice_native_stream.cpp:331] [read_impl] Failed read from stream HAILO_STREAM_ABORT(63) (device: 0001:01:00.0)
[2026-06-21 16:14:37.113] [4933] [HailoRT] [info] [edge_elements.cpp:396] [run_pull] Reading from stream was aborted!
[2026-06-21 16:14:37.113] [4934] [HailoRT] [info] [queue_elements.cpp:855] [run_in_thread] Shutdown event was signaled in dequeue of UserBuffQEl8yolov8n/conv62!
[2026-06-21 16:14:37.113] [4933] [HailoRT] [info] [queue_elements.cpp:738] [run_in_thread] run_pull of queue element PullQEl_hw_read8yolov8n/conv62 was aborted!
[2026-06-21 16:14:37.113] [4933] [HailoRT] [info] [queue_elements.cpp:68] [operator()] Thread in element PullQEl_hw_read8yolov8n/conv62 is not running anymore, exiting..
[2026-06-21 16:14:37.113] [4913] [HailoRT] [info] [queue_elements.cpp:46] [~BaseQueueElement] Queue element PullQEl_hw_read8yolov8n/conv62 has 0 frames in his Queue on destruction
[2026-06-21 16:14:37.113] [4934] [HailoRT] [info] [queue_elements.cpp:68] [operator()] Thread in element UserBuffQEl8yolov8n/conv62 is not running anymore, exiting..
[2026-06-21 16:14:37.113] [4913] [HailoRT] [info] [queue_elements.cpp:46] [~BaseQueueElement] Queue element UserBuffQEl8yolov8n/conv62 has 0 frames in his Queue on destruction
[2026-06-21 16:14:37.113] [4935] [HailoRT] [info] [vdevice_native_stream.cpp:331] [read_impl] Failed read from stream HAILO_STREAM_ABORT(63) (device: 0001:01:00.0)
[2026-06-21 16:14:37.113] [4935] [HailoRT] [info] [edge_elements.cpp:396] [run_pull] Reading from stream was aborted!
[2026-06-21 16:14:37.113] [4936] [HailoRT] [info] [queue_elements.cpp:855] [run_in_thread] Shutdown event was signaled in dequeue of UserBuffQEl2yolov8n/conv63!
[2026-06-21 16:14:37.113] [4935] [HailoRT] [info] [queue_elements.cpp:738] [run_in_thread] run_pull of queue element PullQEl_hw_read2yolov8n/conv63 was aborted!
[2026-06-21 16:14:37.113] [4935] [HailoRT] [info] [queue_elements.cpp:68] [operator()] Thread in element PullQEl_hw_read2yolov8n/conv63 is not running anymore, exiting..
[2026-06-21 16:14:37.113] [4913] [HailoRT] [info] [queue_elements.cpp:46] [~BaseQueueElement] Queue element PullQEl_hw_read2yolov8n/conv63 has 0 frames in his Queue on destruction
[2026-06-21 16:14:37.113] [4936] [HailoRT] [info] [queue_elements.cpp:68] [operator()] Thread in element UserBuffQEl2yolov8n/conv63 is not running anymore, exiting..
[2026-06-21 16:14:37.113] [4913] [HailoRT] [info] [queue_elements.cpp:46] [~BaseQueueElement] Queue element UserBuffQEl2yolov8n/conv63 has 0 frames in his Queue on destruction
[2026-06-21 16:14:37.114] [4913] [HailoRT] [info] [core_op.cpp:186] [deactivate] Deactivating took 0.428722 ms
[2026-06-21 16:14:37.114] [4913] [HailoRT] [info] [core_op.cpp:186] [deactivate] Deactivating took 0.451408 ms
[2026-06-21 16:14:42.181] [6463] [HailoRT] [info] [vdevice.cpp:535] [create] Creating vdevice with params: device_count: 1, scheduling_algorithm: NONE, multi_process_service: false
[2026-06-21 16:14:42.192] [6463] [HailoRT] [info] [device.cpp:51] [Device] OS Version: Linux 6.18.33+rpt-rpi-2712 #1 SMP PREEMPT Debian 1:6.18.33-1+rpt1 (2026-06-01) aarch64
[2026-06-21 16:14:42.192] [6463] [HailoRT] [info] [control.cpp:113] [control__parse_identify_results] firmware_version is: 4.23.0
[2026-06-21 16:14:42.192] [6463] [HailoRT] [info] [vdevice.cpp:682] [create] VDevice Infos: 0001:01:00.0
[2026-06-21 16:14:42.198] [6463] [HailoRT] [info] [internal_buffer_manager.cpp:75] [print_execution_results] Default Internal buffer planner failed to meet requirements
[2026-06-21 16:14:42.198] [6463] [HailoRT] [info] [internal_buffer_manager.cpp:86] [print_execution_results] Default Internal buffer planner executed successfully
[2026-06-21 16:14:42.214] [6463] [HailoRT] [info] [device_internal.cpp:57] [configure] Configuring HEF took 21.601704 milliseconds
[2026-06-21 16:14:42.214] [6463] [HailoRT] [info] [vdevice.cpp:780] [configure] Configuring HEF on VDevice took 21.957463 milliseconds
[2026-06-21 16:14:42.215] [6463] [HailoRT] [info] [hef.cpp:1994] [get_network_group_and_network_name] No name was given. Addressing all networks of default network_group: yolov8n
[2026-06-21 16:14:42.215] [6463] [HailoRT] [info] [hef.cpp:1994] [get_network_group_and_network_name] No name was given. Addressing all networks of default network_group: yolov8n
[2026-06-21 16:14:42.216] [6463] [HailoRT] [info] [core_op.cpp:156] [activate] Activating yolov8n took 0.702777 milliseconds. Note that the function is asynchronous and thus the network is not fully activated yet.
[2026-06-21 16:14:42.216] [6463] [HailoRT] [info] [core_op.cpp:156] [activate] Activating yolov8n took 0.721704 milliseconds. Note that the function is asynchronous and thus the network is not fully activated yet.
[2026-06-21 16:14:42.216] [6463] [HailoRT] [info] [edge_elements.cpp:52] [create] Created (HwWriteEl11yolov8n/input_layer1 | hw_frame_size: 1228800)
[2026-06-21 16:14:42.216] [6463] [HailoRT] [info] [vstream.cpp:754] [InputVStreamImpl] Creating yolov8n/input_layer1...
[2026-06-21 16:14:42.216] [6463] [HailoRT] [info] [vstream_builder.cpp:102] [create_inputs] Input pipeline 'yolov8n/input_layer1': (HwWriteEl11yolov8n/input_layer1 | hw_frame_size: 1228800) >> HW
[2026-06-21 16:14:42.216] [6463] [HailoRT] [info] [edge_elements.cpp:287] [create] Created (HwReadEl13yolov8n/conv41 | hw_frame_size: 409600)
[2026-06-21 16:14:42.217] [6463] [HailoRT] [info] [queue_elements.cpp:657] [create] Created (PullQEl_hw_read13yolov8n/conv41)
[2026-06-21 16:14:42.217] [6463] [HailoRT] [info] [filter_elements.cpp:372] [create] Created (PostInferEl13yolov8n/conv41 | Quantization - src_type: UINT8, dst_type FLOAT32, limvals_min: -15.2439, limvals_max: 13.765)
[2026-06-21 16:14:42.217] [6463] [HailoRT] [info] [queue_elements.cpp:800] [create] Created (UserBuffQEl13yolov8n/conv41 | timeout: 10s)
[2026-06-21 16:14:42.217] [6463] [HailoRT] [info] [vstream.cpp:1114] [OutputVStreamImpl] Creating yolov8n/conv41...
[2026-06-21 16:14:42.217] [6463] [HailoRT] [info] [vstream_builder.cpp:220] [create_outputs] Output pipeline 'yolov8n/conv41': HW >> (HwReadEl13yolov8n/conv41 | hw_frame_size: 409600) >> (PullQEl_hw_read13yolov8n/conv41) >> (PostInferEl13yolov8n/conv41 | Quantization - src_type: UINT8, dst_type FLOAT32, limvals_min: -15.2439, limvals_max: 13.765) >> (UserBuffQEl13yolov8n/conv41 | timeout: 10s)
[2026-06-21 16:14:42.217] [6463] [HailoRT] [info] [edge_elements.cpp:287] [create] Created (HwReadEl12yolov8n/conv42 | hw_frame_size: 32000)
[2026-06-21 16:14:42.217] [6463] [HailoRT] [info] [queue_elements.cpp:657] [create] Created (PullQEl_hw_read12yolov8n/conv42)
[2026-06-21 16:14:42.217] [6463] [HailoRT] [info] [filter_elements.cpp:372] [create] Created (PostInferEl12yolov8n/conv42 | Quantization - src_type: UINT8, dst_type FLOAT32, limvals_min: 0, limvals_max: 1)
[2026-06-21 16:14:42.217] [6463] [HailoRT] [info] [queue_elements.cpp:800] [create] Created (UserBuffQEl12yolov8n/conv42 | timeout: 10s)
[2026-06-21 16:14:42.217] [6463] [HailoRT] [info] [vstream.cpp:1114] [OutputVStreamImpl] Creating yolov8n/conv42...
[2026-06-21 16:14:42.217] [6463] [HailoRT] [info] [vstream_builder.cpp:220] [create_outputs] Output pipeline 'yolov8n/conv42': HW >> (HwReadEl12yolov8n/conv42 | hw_frame_size: 32000) >> (PullQEl_hw_read12yolov8n/conv42) >> (PostInferEl12yolov8n/conv42 | Quantization - src_type: UINT8, dst_type FLOAT32, limvals_min: 0, limvals_max: 1) >> (UserBuffQEl12yolov8n/conv42 | timeout: 10s)
[2026-06-21 16:14:42.217] [6463] [HailoRT] [info] [edge_elements.cpp:287] [create] Created (HwReadEl15yolov8n/conv52 | hw_frame_size: 102400)
[2026-06-21 16:14:42.217] [6463] [HailoRT] [info] [queue_elements.cpp:657] [create] Created (PullQEl_hw_read15yolov8n/conv52)
[2026-06-21 16:14:42.217] [6463] [HailoRT] [info] [filter_elements.cpp:372] [create] Created (PostInferEl15yolov8n/conv52 | Quantization - src_type: UINT8, dst_type FLOAT32, limvals_min: -14.8019, limvals_max: 12.3526)
[2026-06-21 16:14:42.217] [6463] [HailoRT] [info] [queue_elements.cpp:800] [create] Created (UserBuffQEl15yolov8n/conv52 | timeout: 10s)
[2026-06-21 16:14:42.217] [6463] [HailoRT] [info] [vstream.cpp:1114] [OutputVStreamImpl] Creating yolov8n/conv52...
[2026-06-21 16:14:42.217] [6463] [HailoRT] [info] [vstream_builder.cpp:220] [create_outputs] Output pipeline 'yolov8n/conv52': HW >> (HwReadEl15yolov8n/conv52 | hw_frame_size: 102400) >> (PullQEl_hw_read15yolov8n/conv52) >> (PostInferEl15yolov8n/conv52 | Quantization - src_type: UINT8, dst_type FLOAT32, limvals_min: -14.8019, limvals_max: 12.3526) >> (UserBuffQEl15yolov8n/conv52 | timeout: 10s)
[2026-06-21 16:14:42.217] [6463] [HailoRT] [info] [edge_elements.cpp:287] [create] Created (HwReadEl14yolov8n/conv53 | hw_frame_size: 8000)
[2026-06-21 16:14:42.217] [6463] [HailoRT] [info] [queue_elements.cpp:657] [create] Created (PullQEl_hw_read14yolov8n/conv53)
[2026-06-21 16:14:42.217] [6463] [HailoRT] [info] [filter_elements.cpp:372] [create] Created (PostInferEl14yolov8n/conv53 | Quantization - src_type: UINT8, dst_type FLOAT32, limvals_min: 0, limvals_max: 1)
[2026-06-21 16:14:42.217] [6463] [HailoRT] [info] [queue_elements.cpp:800] [create] Created (UserBuffQEl14yolov8n/conv53 | timeout: 10s)
[2026-06-21 16:14:42.217] [6463] [HailoRT] [info] [vstream.cpp:1114] [OutputVStreamImpl] Creating yolov8n/conv53...
[2026-06-21 16:14:42.217] [6463] [HailoRT] [info] [vstream_builder.cpp:220] [create_outputs] Output pipeline 'yolov8n/conv53': HW >> (HwReadEl14yolov8n/conv53 | hw_frame_size: 8000) >> (PullQEl_hw_read14yolov8n/conv53) >> (PostInferEl14yolov8n/conv53 | Quantization - src_type: UINT8, dst_type FLOAT32, limvals_min: 0, limvals_max: 1) >> (UserBuffQEl14yolov8n/conv53 | timeout: 10s)
[2026-06-21 16:14:42.218] [6463] [HailoRT] [info] [edge_elements.cpp:287] [create] Created (HwReadEl8yolov8n/conv62 | hw_frame_size: 25600)
[2026-06-21 16:14:42.218] [6463] [HailoRT] [info] [queue_elements.cpp:657] [create] Created (PullQEl_hw_read8yolov8n/conv62)
[2026-06-21 16:14:42.218] [6463] [HailoRT] [info] [filter_elements.cpp:372] [create] Created (PostInferEl8yolov8n/conv62 | Quantization - src_type: UINT8, dst_type FLOAT32, limvals_min: -15.9876, limvals_max: 12.1285)
[2026-06-21 16:14:42.218] [6463] [HailoRT] [info] [queue_elements.cpp:800] [create] Created (UserBuffQEl8yolov8n/conv62 | timeout: 10s)
[2026-06-21 16:14:42.218] [6463] [HailoRT] [info] [vstream.cpp:1114] [OutputVStreamImpl] Creating yolov8n/conv62...
[2026-06-21 16:14:42.218] [6463] [HailoRT] [info] [vstream_builder.cpp:220] [create_outputs] Output pipeline 'yolov8n/conv62': HW >> (HwReadEl8yolov8n/conv62 | hw_frame_size: 25600) >> (PullQEl_hw_read8yolov8n/conv62) >> (PostInferEl8yolov8n/conv62 | Quantization - src_type: UINT8, dst_type FLOAT32, limvals_min: -15.9876, limvals_max: 12.1285) >> (UserBuffQEl8yolov8n/conv62 | timeout: 10s)
[2026-06-21 16:14:42.218] [6463] [HailoRT] [info] [edge_elements.cpp:287] [create] Created (HwReadEl2yolov8n/conv63 | hw_frame_size: 2000)
[2026-06-21 16:14:42.218] [6463] [HailoRT] [info] [queue_elements.cpp:657] [create] Created (PullQEl_hw_read2yolov8n/conv63)
[2026-06-21 16:14:42.218] [6463] [HailoRT] [info] [filter_elements.cpp:372] [create] Created (PostInferEl2yolov8n/conv63 | Quantization - src_type: UINT8, dst_type FLOAT32, limvals_min: 0, limvals_max: 1 | Reorder - src_order: NHCW, src_shape: (20, 20, 5), dst_order: NHWC, dst_shape: (20, 20, 5))
[2026-06-21 16:14:42.218] [6463] [HailoRT] [info] [queue_elements.cpp:800] [create] Created (UserBuffQEl2yolov8n/conv63 | timeout: 10s)
[2026-06-21 16:14:42.218] [6463] [HailoRT] [info] [vstream.cpp:1114] [OutputVStreamImpl] Creating yolov8n/conv63...
[2026-06-21 16:14:42.218] [6463] [HailoRT] [info] [vstream_builder.cpp:220] [create_outputs] Output pipeline 'yolov8n/conv63': HW >> (HwReadEl2yolov8n/conv63 | hw_frame_size: 2000) >> (PullQEl_hw_read2yolov8n/conv63) >> (PostInferEl2yolov8n/conv63 | Quantization - src_type: UINT8, dst_type FLOAT32, limvals_min: 0, limvals_max: 1 | Reorder - src_order: NHCW, src_shape: (20, 20, 5), dst_order: NHWC, dst_shape: (20, 20, 5)) >> (UserBuffQEl2yolov8n/conv63 | timeout: 10s)
[2026-06-21 16:14:42.439] [6475] [HailoRT] [info] [queue_elements.cpp:855] [run_in_thread] Shutdown event was signaled in dequeue of UserBuffQEl13yolov8n/conv41!
[2026-06-21 16:14:42.439] [6474] [HailoRT] [info] [vdevice_native_stream.cpp:331] [read_impl] Failed read from stream HAILO_STREAM_ABORT(63) (device: 0001:01:00.0)
[2026-06-21 16:14:42.439] [6474] [HailoRT] [info] [edge_elements.cpp:396] [run_pull] Reading from stream was aborted!
[2026-06-21 16:14:42.439] [6474] [HailoRT] [info] [queue_elements.cpp:738] [run_in_thread] run_pull of queue element PullQEl_hw_read13yolov8n/conv41 was aborted!
[2026-06-21 16:14:42.439] [6474] [HailoRT] [info] [queue_elements.cpp:68] [operator()] Thread in element PullQEl_hw_read13yolov8n/conv41 is not running anymore, exiting..
[2026-06-21 16:14:42.440] [6463] [HailoRT] [info] [queue_elements.cpp:46] [~BaseQueueElement] Queue element PullQEl_hw_read13yolov8n/conv41 has 0 frames in his Queue on destruction
[2026-06-21 16:14:42.440] [6475] [HailoRT] [info] [queue_elements.cpp:68] [operator()] Thread in element UserBuffQEl13yolov8n/conv41 is not running anymore, exiting..
[2026-06-21 16:14:42.440] [6463] [HailoRT] [info] [queue_elements.cpp:46] [~BaseQueueElement] Queue element UserBuffQEl13yolov8n/conv41 has 0 frames in his Queue on destruction
[2026-06-21 16:14:42.440] [6477] [HailoRT] [info] [queue_elements.cpp:855] [run_in_thread] Shutdown event was signaled in dequeue of UserBuffQEl12yolov8n/conv42!
[2026-06-21 16:14:42.440] [6476] [HailoRT] [info] [vdevice_native_stream.cpp:331] [read_impl] Failed read from stream HAILO_STREAM_ABORT(63) (device: 0001:01:00.0)
[2026-06-21 16:14:42.440] [6476] [HailoRT] [info] [edge_elements.cpp:396] [run_pull] Reading from stream was aborted!
[2026-06-21 16:14:42.440] [6476] [HailoRT] [info] [queue_elements.cpp:738] [run_in_thread] run_pull of queue element PullQEl_hw_read12yolov8n/conv42 was aborted!
[2026-06-21 16:14:42.440] [6476] [HailoRT] [info] [queue_elements.cpp:68] [operator()] Thread in element PullQEl_hw_read12yolov8n/conv42 is not running anymore, exiting..
[2026-06-21 16:14:42.440] [6463] [HailoRT] [info] [queue_elements.cpp:46] [~BaseQueueElement] Queue element PullQEl_hw_read12yolov8n/conv42 has 0 frames in his Queue on destruction
[2026-06-21 16:14:42.440] [6477] [HailoRT] [info] [queue_elements.cpp:68] [operator()] Thread in element UserBuffQEl12yolov8n/conv42 is not running anymore, exiting..
[2026-06-21 16:14:42.440] [6463] [HailoRT] [info] [queue_elements.cpp:46] [~BaseQueueElement] Queue element UserBuffQEl12yolov8n/conv42 has 0 frames in his Queue on destruction
[2026-06-21 16:14:42.440] [6479] [HailoRT] [info] [queue_elements.cpp:855] [run_in_thread] Shutdown event was signaled in dequeue of UserBuffQEl15yolov8n/conv52!
[2026-06-21 16:14:42.440] [6478] [HailoRT] [info] [vdevice_native_stream.cpp:331] [read_impl] Failed read from stream HAILO_STREAM_ABORT(63) (device: 0001:01:00.0)
[2026-06-21 16:14:42.440] [6478] [HailoRT] [info] [edge_elements.cpp:396] [run_pull] Reading from stream was aborted!
[2026-06-21 16:14:42.440] [6478] [HailoRT] [info] [queue_elements.cpp:738] [run_in_thread] run_pull of queue element PullQEl_hw_read15yolov8n/conv52 was aborted!
[2026-06-21 16:14:42.440] [6478] [HailoRT] [info] [queue_elements.cpp:68] [operator()] Thread in element PullQEl_hw_read15yolov8n/conv52 is not running anymore, exiting..
[2026-06-21 16:14:42.440] [6463] [HailoRT] [info] [queue_elements.cpp:46] [~BaseQueueElement] Queue element PullQEl_hw_read15yolov8n/conv52 has 0 frames in his Queue on destruction
[2026-06-21 16:14:42.440] [6479] [HailoRT] [info] [queue_elements.cpp:68] [operator()] Thread in element UserBuffQEl15yolov8n/conv52 is not running anymore, exiting..
[2026-06-21 16:14:42.440] [6463] [HailoRT] [info] [queue_elements.cpp:46] [~BaseQueueElement] Queue element UserBuffQEl15yolov8n/conv52 has 0 frames in his Queue on destruction
[2026-06-21 16:14:42.440] [6480] [HailoRT] [info] [vdevice_native_stream.cpp:331] [read_impl] Failed read from stream HAILO_STREAM_ABORT(63) (device: 0001:01:00.0)
[2026-06-21 16:14:42.440] [6481] [HailoRT] [info] [queue_elements.cpp:855] [run_in_thread] Shutdown event was signaled in dequeue of UserBuffQEl14yolov8n/conv53!
[2026-06-21 16:14:42.440] [6480] [HailoRT] [info] [edge_elements.cpp:396] [run_pull] Reading from stream was aborted!
[2026-06-21 16:14:42.440] [6480] [HailoRT] [info] [queue_elements.cpp:738] [run_in_thread] run_pull of queue element PullQEl_hw_read14yolov8n/conv53 was aborted!
[2026-06-21 16:14:42.440] [6480] [HailoRT] [info] [queue_elements.cpp:68] [operator()] Thread in element PullQEl_hw_read14yolov8n/conv53 is not running anymore, exiting..
[2026-06-21 16:14:42.440] [6463] [HailoRT] [info] [queue_elements.cpp:46] [~BaseQueueElement] Queue element PullQEl_hw_read14yolov8n/conv53 has 0 frames in his Queue on destruction
[2026-06-21 16:14:42.440] [6481] [HailoRT] [info] [queue_elements.cpp:68] [operator()] Thread in element UserBuffQEl14yolov8n/conv53 is not running anymore, exiting..
[2026-06-21 16:14:42.440] [6463] [HailoRT] [info] [queue_elements.cpp:46] [~BaseQueueElement] Queue element UserBuffQEl14yolov8n/conv53 has 0 frames in his Queue on destruction
[2026-06-21 16:14:42.440] [6482] [HailoRT] [info] [vdevice_native_stream.cpp:331] [read_impl] Failed read from stream HAILO_STREAM_ABORT(63) (device: 0001:01:00.0)
[2026-06-21 16:14:42.440] [6482] [HailoRT] [info] [edge_elements.cpp:396] [run_pull] Reading from stream was aborted!
[2026-06-21 16:14:42.440] [6483] [HailoRT] [info] [queue_elements.cpp:855] [run_in_thread] Shutdown event was signaled in dequeue of UserBuffQEl8yolov8n/conv62!
[2026-06-21 16:14:42.440] [6482] [HailoRT] [info] [queue_elements.cpp:738] [run_in_thread] run_pull of queue element PullQEl_hw_read8yolov8n/conv62 was aborted!
[2026-06-21 16:14:42.440] [6482] [HailoRT] [info] [queue_elements.cpp:68] [operator()] Thread in element PullQEl_hw_read8yolov8n/conv62 is not running anymore, exiting..
[2026-06-21 16:14:42.440] [6463] [HailoRT] [info] [queue_elements.cpp:46] [~BaseQueueElement] Queue element PullQEl_hw_read8yolov8n/conv62 has 0 frames in his Queue on destruction
[2026-06-21 16:14:42.440] [6483] [HailoRT] [info] [queue_elements.cpp:68] [operator()] Thread in element UserBuffQEl8yolov8n/conv62 is not running anymore, exiting..
[2026-06-21 16:14:42.440] [6463] [HailoRT] [info] [queue_elements.cpp:46] [~BaseQueueElement] Queue element UserBuffQEl8yolov8n/conv62 has 0 frames in his Queue on destruction
[2026-06-21 16:14:42.440] [6484] [HailoRT] [info] [vdevice_native_stream.cpp:331] [read_impl] Failed read from stream HAILO_STREAM_ABORT(63) (device: 0001:01:00.0)
[2026-06-21 16:14:42.440] [6485] [HailoRT] [info] [queue_elements.cpp:855] [run_in_thread] Shutdown event was signaled in dequeue of UserBuffQEl2yolov8n/conv63!
[2026-06-21 16:14:42.440] [6484] [HailoRT] [info] [edge_elements.cpp:396] [run_pull] Reading from stream was aborted!
[2026-06-21 16:14:42.440] [6484] [HailoRT] [info] [queue_elements.cpp:738] [run_in_thread] run_pull of queue element PullQEl_hw_read2yolov8n/conv63 was aborted!
[2026-06-21 16:14:42.440] [6484] [HailoRT] [info] [queue_elements.cpp:68] [operator()] Thread in element PullQEl_hw_read2yolov8n/conv63 is not running anymore, exiting..
[2026-06-21 16:14:42.440] [6463] [HailoRT] [info] [queue_elements.cpp:46] [~BaseQueueElement] Queue element PullQEl_hw_read2yolov8n/conv63 has 0 frames in his Queue on destruction
[2026-06-21 16:14:42.440] [6485] [HailoRT] [info] [queue_elements.cpp:68] [operator()] Thread in element UserBuffQEl2yolov8n/conv63 is not running anymore, exiting..
[2026-06-21 16:14:42.440] [6463] [HailoRT] [info] [queue_elements.cpp:46] [~BaseQueueElement] Queue element UserBuffQEl2yolov8n/conv63 has 0 frames in his Queue on destruction
[2026-06-21 16:14:42.441] [6463] [HailoRT] [info] [core_op.cpp:186] [deactivate] Deactivating took 0.427074 ms
[2026-06-21 16:14:42.441] [6463] [HailoRT] [info] [core_op.cpp:186] [deactivate] Deactivating took 0.437981 ms
[2026-06-21 16:14:57.713] [6507] [HailoRT] [info] [vdevice.cpp:535] [create] Creating vdevice with params: device_count: 1, scheduling_algorithm: NONE, multi_process_service: false
[2026-06-21 16:14:57.725] [6507] [HailoRT] [info] [device.cpp:51] [Device] OS Version: Linux 6.18.33+rpt-rpi-2712 #1 SMP PREEMPT Debian 1:6.18.33-1+rpt1 (2026-06-01) aarch64
[2026-06-21 16:14:57.726] [6507] [HailoRT] [info] [control.cpp:113] [control__parse_identify_results] firmware_version is: 4.23.0
[2026-06-21 16:14:57.726] [6507] [HailoRT] [info] [vdevice.cpp:682] [create] VDevice Infos: 0001:01:00.0
[2026-06-21 16:14:57.731] [6507] [HailoRT] [info] [internal_buffer_manager.cpp:75] [print_execution_results] Default Internal buffer planner failed to meet requirements
[2026-06-21 16:14:57.731] [6507] [HailoRT] [info] [internal_buffer_manager.cpp:86] [print_execution_results] Default Internal buffer planner executed successfully
[2026-06-21 16:14:57.748] [6507] [HailoRT] [info] [device_internal.cpp:57] [configure] Configuring HEF took 22.409056 milliseconds
[2026-06-21 16:14:57.749] [6507] [HailoRT] [info] [vdevice.cpp:780] [configure] Configuring HEF on VDevice took 22.735518 milliseconds
[2026-06-21 16:14:57.749] [6507] [HailoRT] [info] [hef.cpp:1994] [get_network_group_and_network_name] No name was given. Addressing all networks of default network_group: yolov8n
[2026-06-21 16:14:57.749] [6507] [HailoRT] [info] [hef.cpp:1994] [get_network_group_and_network_name] No name was given. Addressing all networks of default network_group: yolov8n
[2026-06-21 16:14:57.750] [6507] [HailoRT] [info] [core_op.cpp:156] [activate] Activating yolov8n took 0.633833 milliseconds. Note that the function is asynchronous and thus the network is not fully activated yet.
[2026-06-21 16:14:57.750] [6507] [HailoRT] [info] [core_op.cpp:156] [activate] Activating yolov8n took 0.650741 milliseconds. Note that the function is asynchronous and thus the network is not fully activated yet.
[2026-06-21 16:14:57.750] [6507] [HailoRT] [info] [edge_elements.cpp:52] [create] Created (HwWriteEl11yolov8n/input_layer1 | hw_frame_size: 1228800)
[2026-06-21 16:14:57.750] [6507] [HailoRT] [info] [vstream.cpp:754] [InputVStreamImpl] Creating yolov8n/input_layer1...
[2026-06-21 16:14:57.750] [6507] [HailoRT] [info] [vstream_builder.cpp:102] [create_inputs] Input pipeline 'yolov8n/input_layer1': (HwWriteEl11yolov8n/input_layer1 | hw_frame_size: 1228800) >> HW
[2026-06-21 16:14:57.750] [6507] [HailoRT] [info] [edge_elements.cpp:287] [create] Created (HwReadEl13yolov8n/conv41 | hw_frame_size: 409600)
[2026-06-21 16:14:57.750] [6507] [HailoRT] [info] [queue_elements.cpp:657] [create] Created (PullQEl_hw_read13yolov8n/conv41)
[2026-06-21 16:14:57.750] [6507] [HailoRT] [info] [filter_elements.cpp:372] [create] Created (PostInferEl13yolov8n/conv41 | Quantization - src_type: UINT8, dst_type FLOAT32, limvals_min: -15.2439, limvals_max: 13.765)
[2026-06-21 16:14:57.750] [6507] [HailoRT] [info] [queue_elements.cpp:800] [create] Created (UserBuffQEl13yolov8n/conv41 | timeout: 10s)
[2026-06-21 16:14:57.750] [6507] [HailoRT] [info] [vstream.cpp:1114] [OutputVStreamImpl] Creating yolov8n/conv41...
[2026-06-21 16:14:57.750] [6507] [HailoRT] [info] [vstream_builder.cpp:220] [create_outputs] Output pipeline 'yolov8n/conv41': HW >> (HwReadEl13yolov8n/conv41 | hw_frame_size: 409600) >> (PullQEl_hw_read13yolov8n/conv41) >> (PostInferEl13yolov8n/conv41 | Quantization - src_type: UINT8, dst_type FLOAT32, limvals_min: -15.2439, limvals_max: 13.765) >> (UserBuffQEl13yolov8n/conv41 | timeout: 10s)
[2026-06-21 16:14:57.750] [6507] [HailoRT] [info] [edge_elements.cpp:287] [create] Created (HwReadEl12yolov8n/conv42 | hw_frame_size: 32000)
[2026-06-21 16:14:57.750] [6507] [HailoRT] [info] [queue_elements.cpp:657] [create] Created (PullQEl_hw_read12yolov8n/conv42)
[2026-06-21 16:14:57.750] [6507] [HailoRT] [info] [filter_elements.cpp:372] [create] Created (PostInferEl12yolov8n/conv42 | Quantization - src_type: UINT8, dst_type FLOAT32, limvals_min: 0, limvals_max: 1)
[2026-06-21 16:14:57.750] [6507] [HailoRT] [info] [queue_elements.cpp:800] [create] Created (UserBuffQEl12yolov8n/conv42 | timeout: 10s)
[2026-06-21 16:14:57.750] [6507] [HailoRT] [info] [vstream.cpp:1114] [OutputVStreamImpl] Creating yolov8n/conv42...
[2026-06-21 16:14:57.750] [6507] [HailoRT] [info] [vstream_builder.cpp:220] [create_outputs] Output pipeline 'yolov8n/conv42': HW >> (HwReadEl12yolov8n/conv42 | hw_frame_size: 32000) >> (PullQEl_hw_read12yolov8n/conv42) >> (PostInferEl12yolov8n/conv42 | Quantization - src_type: UINT8, dst_type FLOAT32, limvals_min: 0, limvals_max: 1) >> (UserBuffQEl12yolov8n/conv42 | timeout: 10s)
[2026-06-21 16:14:57.750] [6507] [HailoRT] [info] [edge_elements.cpp:287] [create] Created (HwReadEl15yolov8n/conv52 | hw_frame_size: 102400)
[2026-06-21 16:14:57.750] [6507] [HailoRT] [info] [queue_elements.cpp:657] [create] Created (PullQEl_hw_read15yolov8n/conv52)
[2026-06-21 16:14:57.750] [6507] [HailoRT] [info] [filter_elements.cpp:372] [create] Created (PostInferEl15yolov8n/conv52 | Quantization - src_type: UINT8, dst_type FLOAT32, limvals_min: -14.8019, limvals_max: 12.3526)
[2026-06-21 16:14:57.750] [6507] [HailoRT] [info] [queue_elements.cpp:800] [create] Created (UserBuffQEl15yolov8n/conv52 | timeout: 10s)
[2026-06-21 16:14:57.751] [6507] [HailoRT] [info] [vstream.cpp:1114] [OutputVStreamImpl] Creating yolov8n/conv52...
[2026-06-21 16:14:57.751] [6507] [HailoRT] [info] [vstream_builder.cpp:220] [create_outputs] Output pipeline 'yolov8n/conv52': HW >> (HwReadEl15yolov8n/conv52 | hw_frame_size: 102400) >> (PullQEl_hw_read15yolov8n/conv52) >> (PostInferEl15yolov8n/conv52 | Quantization - src_type: UINT8, dst_type FLOAT32, limvals_min: -14.8019, limvals_max: 12.3526) >> (UserBuffQEl15yolov8n/conv52 | timeout: 10s)
[2026-06-21 16:14:57.751] [6507] [HailoRT] [info] [edge_elements.cpp:287] [create] Created (HwReadEl14yolov8n/conv53 | hw_frame_size: 8000)
[2026-06-21 16:14:57.751] [6507] [HailoRT] [info] [queue_elements.cpp:657] [create] Created (PullQEl_hw_read14yolov8n/conv53)
[2026-06-21 16:14:57.751] [6507] [HailoRT] [info] [filter_elements.cpp:372] [create] Created (PostInferEl14yolov8n/conv53 | Quantization - src_type: UINT8, dst_type FLOAT32, limvals_min: 0, limvals_max: 1)
[2026-06-21 16:14:57.751] [6507] [HailoRT] [info] [queue_elements.cpp:800] [create] Created (UserBuffQEl14yolov8n/conv53 | timeout: 10s)
[2026-06-21 16:14:57.751] [6507] [HailoRT] [info] [vstream.cpp:1114] [OutputVStreamImpl] Creating yolov8n/conv53...
[2026-06-21 16:14:57.751] [6507] [HailoRT] [info] [vstream_builder.cpp:220] [create_outputs] Output pipeline 'yolov8n/conv53': HW >> (HwReadEl14yolov8n/conv53 | hw_frame_size: 8000) >> (PullQEl_hw_read14yolov8n/conv53) >> (PostInferEl14yolov8n/conv53 | Quantization - src_type: UINT8, dst_type FLOAT32, limvals_min: 0, limvals_max: 1) >> (UserBuffQEl14yolov8n/conv53 | timeout: 10s)
[2026-06-21 16:14:57.751] [6507] [HailoRT] [info] [edge_elements.cpp:287] [create] Created (HwReadEl8yolov8n/conv62 | hw_frame_size: 25600)
[2026-06-21 16:14:57.751] [6507] [HailoRT] [info] [queue_elements.cpp:657] [create] Created (PullQEl_hw_read8yolov8n/conv62)
[2026-06-21 16:14:57.751] [6507] [HailoRT] [info] [filter_elements.cpp:372] [create] Created (PostInferEl8yolov8n/conv62 | Quantization - src_type: UINT8, dst_type FLOAT32, limvals_min: -15.9876, limvals_max: 12.1285)
[2026-06-21 16:14:57.751] [6507] [HailoRT] [info] [queue_elements.cpp:800] [create] Created (UserBuffQEl8yolov8n/conv62 | timeout: 10s)
[2026-06-21 16:14:57.751] [6507] [HailoRT] [info] [vstream.cpp:1114] [OutputVStreamImpl] Creating yolov8n/conv62...
[2026-06-21 16:14:57.751] [6507] [HailoRT] [info] [vstream_builder.cpp:220] [create_outputs] Output pipeline 'yolov8n/conv62': HW >> (HwReadEl8yolov8n/conv62 | hw_frame_size: 25600) >> (PullQEl_hw_read8yolov8n/conv62) >> (PostInferEl8yolov8n/conv62 | Quantization - src_type: UINT8, dst_type FLOAT32, limvals_min: -15.9876, limvals_max: 12.1285) >> (UserBuffQEl8yolov8n/conv62 | timeout: 10s)
[2026-06-21 16:14:57.751] [6507] [HailoRT] [info] [edge_elements.cpp:287] [create] Created (HwReadEl2yolov8n/conv63 | hw_frame_size: 2000)
[2026-06-21 16:14:57.751] [6507] [HailoRT] [info] [queue_elements.cpp:657] [create] Created (PullQEl_hw_read2yolov8n/conv63)
[2026-06-21 16:14:57.751] [6507] [HailoRT] [info] [filter_elements.cpp:372] [create] Created (PostInferEl2yolov8n/conv63 | Quantization - src_type: UINT8, dst_type FLOAT32, limvals_min: 0, limvals_max: 1 | Reorder - src_order: NHCW, src_shape: (20, 20, 5), dst_order: NHWC, dst_shape: (20, 20, 5))
[2026-06-21 16:14:57.751] [6507] [HailoRT] [info] [queue_elements.cpp:800] [create] Created (UserBuffQEl2yolov8n/conv63 | timeout: 10s)
[2026-06-21 16:14:57.751] [6507] [HailoRT] [info] [vstream.cpp:1114] [OutputVStreamImpl] Creating yolov8n/conv63...
[2026-06-21 16:14:57.751] [6507] [HailoRT] [info] [vstream_builder.cpp:220] [create_outputs] Output pipeline 'yolov8n/conv63': HW >> (HwReadEl2yolov8n/conv63 | hw_frame_size: 2000) >> (PullQEl_hw_read2yolov8n/conv63) >> (PostInferEl2yolov8n/conv63 | Quantization - src_type: UINT8, dst_type FLOAT32, limvals_min: 0, limvals_max: 1 | Reorder - src_order: NHCW, src_shape: (20, 20, 5), dst_order: NHWC, dst_shape: (20, 20, 5)) >> (UserBuffQEl2yolov8n/conv63 | timeout: 10s)
[2026-06-21 16:15:05.858] [6519] [HailoRT] [info] [queue_elements.cpp:855] [run_in_thread] Shutdown event was signaled in dequeue of UserBuffQEl13yolov8n/conv41!
[2026-06-21 16:15:05.858] [6518] [HailoRT] [info] [vdevice_native_stream.cpp:331] [read_impl] Failed read from stream HAILO_STREAM_ABORT(63) (device: 0001:01:00.0)
[2026-06-21 16:15:05.858] [6518] [HailoRT] [info] [edge_elements.cpp:396] [run_pull] Reading from stream was aborted!
[2026-06-21 16:15:05.858] [6518] [HailoRT] [info] [queue_elements.cpp:738] [run_in_thread] run_pull of queue element PullQEl_hw_read13yolov8n/conv41 was aborted!
[2026-06-21 16:15:05.858] [6518] [HailoRT] [info] [queue_elements.cpp:68] [operator()] Thread in element PullQEl_hw_read13yolov8n/conv41 is not running anymore, exiting..
[2026-06-21 16:15:05.858] [6507] [HailoRT] [info] [queue_elements.cpp:46] [~BaseQueueElement] Queue element PullQEl_hw_read13yolov8n/conv41 has 0 frames in his Queue on destruction
[2026-06-21 16:15:05.858] [6519] [HailoRT] [info] [queue_elements.cpp:68] [operator()] Thread in element UserBuffQEl13yolov8n/conv41 is not running anymore, exiting..
[2026-06-21 16:15:05.859] [6507] [HailoRT] [info] [queue_elements.cpp:46] [~BaseQueueElement] Queue element UserBuffQEl13yolov8n/conv41 has 0 frames in his Queue on destruction
[2026-06-21 16:15:05.859] [6521] [HailoRT] [info] [queue_elements.cpp:855] [run_in_thread] Shutdown event was signaled in dequeue of UserBuffQEl12yolov8n/conv42!
[2026-06-21 16:15:05.859] [6520] [HailoRT] [info] [vdevice_native_stream.cpp:331] [read_impl] Failed read from stream HAILO_STREAM_ABORT(63) (device: 0001:01:00.0)
[2026-06-21 16:15:05.859] [6520] [HailoRT] [info] [edge_elements.cpp:396] [run_pull] Reading from stream was aborted!
[2026-06-21 16:15:05.859] [6520] [HailoRT] [info] [queue_elements.cpp:738] [run_in_thread] run_pull of queue element PullQEl_hw_read12yolov8n/conv42 was aborted!
[2026-06-21 16:15:05.859] [6520] [HailoRT] [info] [queue_elements.cpp:68] [operator()] Thread in element PullQEl_hw_read12yolov8n/conv42 is not running anymore, exiting..
[2026-06-21 16:15:05.859] [6507] [HailoRT] [info] [queue_elements.cpp:46] [~BaseQueueElement] Queue element PullQEl_hw_read12yolov8n/conv42 has 0 frames in his Queue on destruction
[2026-06-21 16:15:05.859] [6521] [HailoRT] [info] [queue_elements.cpp:68] [operator()] Thread in element UserBuffQEl12yolov8n/conv42 is not running anymore, exiting..
[2026-06-21 16:15:05.859] [6507] [HailoRT] [info] [queue_elements.cpp:46] [~BaseQueueElement] Queue element UserBuffQEl12yolov8n/conv42 has 0 frames in his Queue on destruction
[2026-06-21 16:15:05.859] [6522] [HailoRT] [info] [vdevice_native_stream.cpp:331] [read_impl] Failed read from stream HAILO_STREAM_ABORT(63) (device: 0001:01:00.0)
[2026-06-21 16:15:05.859] [6523] [HailoRT] [info] [queue_elements.cpp:855] [run_in_thread] Shutdown event was signaled in dequeue of UserBuffQEl15yolov8n/conv52!
[2026-06-21 16:15:05.859] [6522] [HailoRT] [info] [edge_elements.cpp:396] [run_pull] Reading from stream was aborted!
[2026-06-21 16:15:05.859] [6522] [HailoRT] [info] [queue_elements.cpp:738] [run_in_thread] run_pull of queue element PullQEl_hw_read15yolov8n/conv52 was aborted!
[2026-06-21 16:15:05.859] [6522] [HailoRT] [info] [queue_elements.cpp:68] [operator()] Thread in element PullQEl_hw_read15yolov8n/conv52 is not running anymore, exiting..
[2026-06-21 16:15:05.859] [6507] [HailoRT] [info] [queue_elements.cpp:46] [~BaseQueueElement] Queue element PullQEl_hw_read15yolov8n/conv52 has 0 frames in his Queue on destruction
[2026-06-21 16:15:05.859] [6523] [HailoRT] [info] [queue_elements.cpp:68] [operator()] Thread in element UserBuffQEl15yolov8n/conv52 is not running anymore, exiting..
[2026-06-21 16:15:05.859] [6507] [HailoRT] [info] [queue_elements.cpp:46] [~BaseQueueElement] Queue element UserBuffQEl15yolov8n/conv52 has 0 frames in his Queue on destruction
[2026-06-21 16:15:05.859] [6524] [HailoRT] [info] [vdevice_native_stream.cpp:331] [read_impl] Failed read from stream HAILO_STREAM_ABORT(63) (device: 0001:01:00.0)
[2026-06-21 16:15:05.859] [6524] [HailoRT] [info] [edge_elements.cpp:396] [run_pull] Reading from stream was aborted!
[2026-06-21 16:15:05.859] [6525] [HailoRT] [info] [queue_elements.cpp:855] [run_in_thread] Shutdown event was signaled in dequeue of UserBuffQEl14yolov8n/conv53!
[2026-06-21 16:15:05.859] [6524] [HailoRT] [info] [queue_elements.cpp:738] [run_in_thread] run_pull of queue element PullQEl_hw_read14yolov8n/conv53 was aborted!
[2026-06-21 16:15:05.859] [6524] [HailoRT] [info] [queue_elements.cpp:68] [operator()] Thread in element PullQEl_hw_read14yolov8n/conv53 is not running anymore, exiting..
[2026-06-21 16:15:05.859] [6507] [HailoRT] [info] [queue_elements.cpp:46] [~BaseQueueElement] Queue element PullQEl_hw_read14yolov8n/conv53 has 0 frames in his Queue on destruction
[2026-06-21 16:15:05.859] [6525] [HailoRT] [info] [queue_elements.cpp:68] [operator()] Thread in element UserBuffQEl14yolov8n/conv53 is not running anymore, exiting..
[2026-06-21 16:15:05.859] [6507] [HailoRT] [info] [queue_elements.cpp:46] [~BaseQueueElement] Queue element UserBuffQEl14yolov8n/conv53 has 0 frames in his Queue on destruction
[2026-06-21 16:15:05.859] [6526] [HailoRT] [info] [vdevice_native_stream.cpp:331] [read_impl] Failed read from stream HAILO_STREAM_ABORT(63) (device: 0001:01:00.0)
[2026-06-21 16:15:05.859] [6527] [HailoRT] [info] [queue_elements.cpp:855] [run_in_thread] Shutdown event was signaled in dequeue of UserBuffQEl8yolov8n/conv62!
[2026-06-21 16:15:05.859] [6526] [HailoRT] [info] [edge_elements.cpp:396] [run_pull] Reading from stream was aborted!
[2026-06-21 16:15:05.859] [6526] [HailoRT] [info] [queue_elements.cpp:738] [run_in_thread] run_pull of queue element PullQEl_hw_read8yolov8n/conv62 was aborted!
[2026-06-21 16:15:05.859] [6526] [HailoRT] [info] [queue_elements.cpp:68] [operator()] Thread in element PullQEl_hw_read8yolov8n/conv62 is not running anymore, exiting..
[2026-06-21 16:15:05.859] [6507] [HailoRT] [info] [queue_elements.cpp:46] [~BaseQueueElement] Queue element PullQEl_hw_read8yolov8n/conv62 has 0 frames in his Queue on destruction
[2026-06-21 16:15:05.859] [6527] [HailoRT] [info] [queue_elements.cpp:68] [operator()] Thread in element UserBuffQEl8yolov8n/conv62 is not running anymore, exiting..
[2026-06-21 16:15:05.859] [6507] [HailoRT] [info] [queue_elements.cpp:46] [~BaseQueueElement] Queue element UserBuffQEl8yolov8n/conv62 has 0 frames in his Queue on destruction
[2026-06-21 16:15:05.859] [6528] [HailoRT] [info] [vdevice_native_stream.cpp:331] [read_impl] Failed read from stream HAILO_STREAM_ABORT(63) (device: 0001:01:00.0)
[2026-06-21 16:15:05.859] [6529] [HailoRT] [info] [queue_elements.cpp:855] [run_in_thread] Shutdown event was signaled in dequeue of UserBuffQEl2yolov8n/conv63!
[2026-06-21 16:15:05.859] [6528] [HailoRT] [info] [edge_elements.cpp:396] [run_pull] Reading from stream was aborted!
[2026-06-21 16:15:05.859] [6528] [HailoRT] [info] [queue_elements.cpp:738] [run_in_thread] run_pull of queue element PullQEl_hw_read2yolov8n/conv63 was aborted!
[2026-06-21 16:15:05.859] [6528] [HailoRT] [info] [queue_elements.cpp:68] [operator()] Thread in element PullQEl_hw_read2yolov8n/conv63 is not running anymore, exiting..
[2026-06-21 16:15:05.859] [6507] [HailoRT] [info] [queue_elements.cpp:46] [~BaseQueueElement] Queue element PullQEl_hw_read2yolov8n/conv63 has 0 frames in his Queue on destruction
[2026-06-21 16:15:05.859] [6529] [HailoRT] [info] [queue_elements.cpp:68] [operator()] Thread in element UserBuffQEl2yolov8n/conv63 is not running anymore, exiting..
[2026-06-21 16:15:05.859] [6507] [HailoRT] [info] [queue_elements.cpp:46] [~BaseQueueElement] Queue element UserBuffQEl2yolov8n/conv63 has 0 frames in his Queue on destruction
[2026-06-21 16:15:05.860] [6507] [HailoRT] [info] [core_op.cpp:186] [deactivate] Deactivating took 0.447055 ms
[2026-06-21 16:15:05.860] [6507] [HailoRT] [info] [core_op.cpp:186] [deactivate] Deactivating took 0.469463 ms
[2026-06-21 16:26:30.147] [7480] [HailoRT] [info] [vdevice.cpp:535] [create] Creating vdevice with params: device_count: 1, scheduling_algorithm: NONE, multi_process_service: false
[2026-06-21 16:26:30.158] [7480] [HailoRT] [info] [device.cpp:51] [Device] OS Version: Linux 6.18.33+rpt-rpi-2712 #1 SMP PREEMPT Debian 1:6.18.33-1+rpt1 (2026-06-01) aarch64
[2026-06-21 16:26:30.158] [7480] [HailoRT] [info] [control.cpp:113] [control__parse_identify_results] firmware_version is: 4.23.0
[2026-06-21 16:26:30.158] [7480] [HailoRT] [info] [vdevice.cpp:682] [create] VDevice Infos: 0001:01:00.0
[2026-06-21 16:26:30.164] [7480] [HailoRT] [info] [internal_buffer_manager.cpp:75] [print_execution_results] Default Internal buffer planner failed to meet requirements
[2026-06-21 16:26:30.164] [7480] [HailoRT] [info] [internal_buffer_manager.cpp:86] [print_execution_results] Default Internal buffer planner executed successfully
[2026-06-21 16:26:30.180] [7480] [HailoRT] [info] [device_internal.cpp:57] [configure] Configuring HEF took 21.635834 milliseconds
[2026-06-21 16:26:30.180] [7480] [HailoRT] [info] [vdevice.cpp:780] [configure] Configuring HEF on VDevice took 21.976148 milliseconds
[2026-06-21 16:26:30.181] [7480] [HailoRT] [info] [hef.cpp:1994] [get_network_group_and_network_name] No name was given. Addressing all networks of default network_group: yolov8n
[2026-06-21 16:26:30.181] [7480] [HailoRT] [info] [hef.cpp:1994] [get_network_group_and_network_name] No name was given. Addressing all networks of default network_group: yolov8n
[2026-06-21 16:26:30.182] [7480] [HailoRT] [info] [core_op.cpp:156] [activate] Activating yolov8n took 0.673463 milliseconds. Note that the function is asynchronous and thus the network is not fully activated yet.
[2026-06-21 16:26:30.182] [7480] [HailoRT] [info] [core_op.cpp:156] [activate] Activating yolov8n took 0.685463 milliseconds. Note that the function is asynchronous and thus the network is not fully activated yet.
[2026-06-21 16:26:30.182] [7480] [HailoRT] [info] [edge_elements.cpp:52] [create] Created (HwWriteEl11yolov8n/input_layer1 | hw_frame_size: 1228800)
[2026-06-21 16:26:30.182] [7480] [HailoRT] [info] [vstream.cpp:754] [InputVStreamImpl] Creating yolov8n/input_layer1...
[2026-06-21 16:26:30.182] [7480] [HailoRT] [info] [vstream_builder.cpp:102] [create_inputs] Input pipeline 'yolov8n/input_layer1': (HwWriteEl11yolov8n/input_layer1 | hw_frame_size: 1228800) >> HW
[2026-06-21 16:26:30.182] [7480] [HailoRT] [info] [edge_elements.cpp:287] [create] Created (HwReadEl13yolov8n/conv41 | hw_frame_size: 409600)
[2026-06-21 16:26:30.182] [7480] [HailoRT] [info] [queue_elements.cpp:657] [create] Created (PullQEl_hw_read13yolov8n/conv41)
[2026-06-21 16:26:30.182] [7480] [HailoRT] [info] [filter_elements.cpp:372] [create] Created (PostInferEl13yolov8n/conv41 | Quantization - src_type: UINT8, dst_type FLOAT32, limvals_min: -15.2439, limvals_max: 13.765)
[2026-06-21 16:26:30.182] [7480] [HailoRT] [info] [queue_elements.cpp:800] [create] Created (UserBuffQEl13yolov8n/conv41 | timeout: 10s)
[2026-06-21 16:26:30.182] [7480] [HailoRT] [info] [vstream.cpp:1114] [OutputVStreamImpl] Creating yolov8n/conv41...
[2026-06-21 16:26:30.182] [7480] [HailoRT] [info] [vstream_builder.cpp:220] [create_outputs] Output pipeline 'yolov8n/conv41': HW >> (HwReadEl13yolov8n/conv41 | hw_frame_size: 409600) >> (PullQEl_hw_read13yolov8n/conv41) >> (PostInferEl13yolov8n/conv41 | Quantization - src_type: UINT8, dst_type FLOAT32, limvals_min: -15.2439, limvals_max: 13.765) >> (UserBuffQEl13yolov8n/conv41 | timeout: 10s)
[2026-06-21 16:26:30.182] [7480] [HailoRT] [info] [edge_elements.cpp:287] [create] Created (HwReadEl12yolov8n/conv42 | hw_frame_size: 32000)
[2026-06-21 16:26:30.182] [7480] [HailoRT] [info] [queue_elements.cpp:657] [create] Created (PullQEl_hw_read12yolov8n/conv42)
[2026-06-21 16:26:30.182] [7480] [HailoRT] [info] [filter_elements.cpp:372] [create] Created (PostInferEl12yolov8n/conv42 | Quantization - src_type: UINT8, dst_type FLOAT32, limvals_min: 0, limvals_max: 1)
[2026-06-21 16:26:30.182] [7480] [HailoRT] [info] [queue_elements.cpp:800] [create] Created (UserBuffQEl12yolov8n/conv42 | timeout: 10s)
[2026-06-21 16:26:30.183] [7480] [HailoRT] [info] [vstream.cpp:1114] [OutputVStreamImpl] Creating yolov8n/conv42...
[2026-06-21 16:26:30.183] [7480] [HailoRT] [info] [vstream_builder.cpp:220] [create_outputs] Output pipeline 'yolov8n/conv42': HW >> (HwReadEl12yolov8n/conv42 | hw_frame_size: 32000) >> (PullQEl_hw_read12yolov8n/conv42) >> (PostInferEl12yolov8n/conv42 | Quantization - src_type: UINT8, dst_type FLOAT32, limvals_min: 0, limvals_max: 1) >> (UserBuffQEl12yolov8n/conv42 | timeout: 10s)
[2026-06-21 16:26:30.183] [7480] [HailoRT] [info] [edge_elements.cpp:287] [create] Created (HwReadEl15yolov8n/conv52 | hw_frame_size: 102400)
[2026-06-21 16:26:30.183] [7480] [HailoRT] [info] [queue_elements.cpp:657] [create] Created (PullQEl_hw_read15yolov8n/conv52)
[2026-06-21 16:26:30.183] [7480] [HailoRT] [info] [filter_elements.cpp:372] [create] Created (PostInferEl15yolov8n/conv52 | Quantization - src_type: UINT8, dst_type FLOAT32, limvals_min: -14.8019, limvals_max: 12.3526)
[2026-06-21 16:26:30.183] [7480] [HailoRT] [info] [queue_elements.cpp:800] [create] Created (UserBuffQEl15yolov8n/conv52 | timeout: 10s)
[2026-06-21 16:26:30.183] [7480] [HailoRT] [info] [vstream.cpp:1114] [OutputVStreamImpl] Creating yolov8n/conv52...
[2026-06-21 16:26:30.183] [7480] [HailoRT] [info] [vstream_builder.cpp:220] [create_outputs] Output pipeline 'yolov8n/conv52': HW >> (HwReadEl15yolov8n/conv52 | hw_frame_size: 102400) >> (PullQEl_hw_read15yolov8n/conv52) >> (PostInferEl15yolov8n/conv52 | Quantization - src_type: UINT8, dst_type FLOAT32, limvals_min: -14.8019, limvals_max: 12.3526) >> (UserBuffQEl15yolov8n/conv52 | timeout: 10s)
[2026-06-21 16:26:30.183] [7480] [HailoRT] [info] [edge_elements.cpp:287] [create] Created (HwReadEl14yolov8n/conv53 | hw_frame_size: 8000)
[2026-06-21 16:26:30.183] [7480] [HailoRT] [info] [queue_elements.cpp:657] [create] Created (PullQEl_hw_read14yolov8n/conv53)
[2026-06-21 16:26:30.183] [7480] [HailoRT] [info] [filter_elements.cpp:372] [create] Created (PostInferEl14yolov8n/conv53 | Quantization - src_type: UINT8, dst_type FLOAT32, limvals_min: 0, limvals_max: 1)
[2026-06-21 16:26:30.183] [7480] [HailoRT] [info] [queue_elements.cpp:800] [create] Created (UserBuffQEl14yolov8n/conv53 | timeout: 10s)
[2026-06-21 16:26:30.183] [7480] [HailoRT] [info] [vstream.cpp:1114] [OutputVStreamImpl] Creating yolov8n/conv53...
[2026-06-21 16:26:30.183] [7480] [HailoRT] [info] [vstream_builder.cpp:220] [create_outputs] Output pipeline 'yolov8n/conv53': HW >> (HwReadEl14yolov8n/conv53 | hw_frame_size: 8000) >> (PullQEl_hw_read14yolov8n/conv53) >> (PostInferEl14yolov8n/conv53 | Quantization - src_type: UINT8, dst_type FLOAT32, limvals_min: 0, limvals_max: 1) >> (UserBuffQEl14yolov8n/conv53 | timeout: 10s)
[2026-06-21 16:26:30.183] [7480] [HailoRT] [info] [edge_elements.cpp:287] [create] Created (HwReadEl8yolov8n/conv62 | hw_frame_size: 25600)
[2026-06-21 16:26:30.183] [7480] [HailoRT] [info] [queue_elements.cpp:657] [create] Created (PullQEl_hw_read8yolov8n/conv62)
[2026-06-21 16:26:30.183] [7480] [HailoRT] [info] [filter_elements.cpp:372] [create] Created (PostInferEl8yolov8n/conv62 | Quantization - src_type: UINT8, dst_type FLOAT32, limvals_min: -15.9876, limvals_max: 12.1285)
[2026-06-21 16:26:30.183] [7480] [HailoRT] [info] [queue_elements.cpp:800] [create] Created (UserBuffQEl8yolov8n/conv62 | timeout: 10s)
[2026-06-21 16:26:30.183] [7480] [HailoRT] [info] [vstream.cpp:1114] [OutputVStreamImpl] Creating yolov8n/conv62...
[2026-06-21 16:26:30.183] [7480] [HailoRT] [info] [vstream_builder.cpp:220] [create_outputs] Output pipeline 'yolov8n/conv62': HW >> (HwReadEl8yolov8n/conv62 | hw_frame_size: 25600) >> (PullQEl_hw_read8yolov8n/conv62) >> (PostInferEl8yolov8n/conv62 | Quantization - src_type: UINT8, dst_type FLOAT32, limvals_min: -15.9876, limvals_max: 12.1285) >> (UserBuffQEl8yolov8n/conv62 | timeout: 10s)
[2026-06-21 16:26:30.183] [7480] [HailoRT] [info] [edge_elements.cpp:287] [create] Created (HwReadEl2yolov8n/conv63 | hw_frame_size: 2000)
[2026-06-21 16:26:30.183] [7480] [HailoRT] [info] [queue_elements.cpp:657] [create] Created (PullQEl_hw_read2yolov8n/conv63)
[2026-06-21 16:26:30.183] [7480] [HailoRT] [info] [filter_elements.cpp:372] [create] Created (PostInferEl2yolov8n/conv63 | Quantization - src_type: UINT8, dst_type FLOAT32, limvals_min: 0, limvals_max: 1 | Reorder - src_order: NHCW, src_shape: (20, 20, 5), dst_order: NHWC, dst_shape: (20, 20, 5))
[2026-06-21 16:26:30.183] [7480] [HailoRT] [info] [queue_elements.cpp:800] [create] Created (UserBuffQEl2yolov8n/conv63 | timeout: 10s)
[2026-06-21 16:26:30.183] [7480] [HailoRT] [info] [vstream.cpp:1114] [OutputVStreamImpl] Creating yolov8n/conv63...
[2026-06-21 16:26:30.183] [7480] [HailoRT] [info] [vstream_builder.cpp:220] [create_outputs] Output pipeline 'yolov8n/conv63': HW >> (HwReadEl2yolov8n/conv63 | hw_frame_size: 2000) >> (PullQEl_hw_read2yolov8n/conv63) >> (PostInferEl2yolov8n/conv63 | Quantization - src_type: UINT8, dst_type FLOAT32, limvals_min: 0, limvals_max: 1 | Reorder - src_order: NHCW, src_shape: (20, 20, 5), dst_order: NHWC, dst_shape: (20, 20, 5)) >> (UserBuffQEl2yolov8n/conv63 | timeout: 10s)
[2026-06-21 16:26:30.394] [7492] [HailoRT] [info] [queue_elements.cpp:855] [run_in_thread] Shutdown event was signaled in dequeue of UserBuffQEl13yolov8n/conv41!
[2026-06-21 16:26:30.394] [7491] [HailoRT] [info] [vdevice_native_stream.cpp:331] [read_impl] Failed read from stream HAILO_STREAM_ABORT(63) (device: 0001:01:00.0)
[2026-06-21 16:26:30.395] [7491] [HailoRT] [info] [edge_elements.cpp:396] [run_pull] Reading from stream was aborted!
[2026-06-21 16:26:30.395] [7491] [HailoRT] [info] [queue_elements.cpp:738] [run_in_thread] run_pull of queue element PullQEl_hw_read13yolov8n/conv41 was aborted!
[2026-06-21 16:26:30.395] [7491] [HailoRT] [info] [queue_elements.cpp:68] [operator()] Thread in element PullQEl_hw_read13yolov8n/conv41 is not running anymore, exiting..
[2026-06-21 16:26:30.395] [7480] [HailoRT] [info] [queue_elements.cpp:46] [~BaseQueueElement] Queue element PullQEl_hw_read13yolov8n/conv41 has 0 frames in his Queue on destruction
[2026-06-21 16:26:30.395] [7492] [HailoRT] [info] [queue_elements.cpp:68] [operator()] Thread in element UserBuffQEl13yolov8n/conv41 is not running anymore, exiting..
[2026-06-21 16:26:30.395] [7480] [HailoRT] [info] [queue_elements.cpp:46] [~BaseQueueElement] Queue element UserBuffQEl13yolov8n/conv41 has 0 frames in his Queue on destruction
[2026-06-21 16:26:30.395] [7494] [HailoRT] [info] [queue_elements.cpp:855] [run_in_thread] Shutdown event was signaled in dequeue of UserBuffQEl12yolov8n/conv42!
[2026-06-21 16:26:30.395] [7493] [HailoRT] [info] [vdevice_native_stream.cpp:331] [read_impl] Failed read from stream HAILO_STREAM_ABORT(63) (device: 0001:01:00.0)
[2026-06-21 16:26:30.395] [7493] [HailoRT] [info] [edge_elements.cpp:396] [run_pull] Reading from stream was aborted!
[2026-06-21 16:26:30.395] [7493] [HailoRT] [info] [queue_elements.cpp:738] [run_in_thread] run_pull of queue element PullQEl_hw_read12yolov8n/conv42 was aborted!
[2026-06-21 16:26:30.395] [7493] [HailoRT] [info] [queue_elements.cpp:68] [operator()] Thread in element PullQEl_hw_read12yolov8n/conv42 is not running anymore, exiting..
[2026-06-21 16:26:30.395] [7480] [HailoRT] [info] [queue_elements.cpp:46] [~BaseQueueElement] Queue element PullQEl_hw_read12yolov8n/conv42 has 0 frames in his Queue on destruction
[2026-06-21 16:26:30.395] [7494] [HailoRT] [info] [queue_elements.cpp:68] [operator()] Thread in element UserBuffQEl12yolov8n/conv42 is not running anymore, exiting..
[2026-06-21 16:26:30.395] [7480] [HailoRT] [info] [queue_elements.cpp:46] [~BaseQueueElement] Queue element UserBuffQEl12yolov8n/conv42 has 0 frames in his Queue on destruction
[2026-06-21 16:26:30.395] [7496] [HailoRT] [info] [queue_elements.cpp:855] [run_in_thread] Shutdown event was signaled in dequeue of UserBuffQEl15yolov8n/conv52!
[2026-06-21 16:26:30.395] [7495] [HailoRT] [info] [vdevice_native_stream.cpp:331] [read_impl] Failed read from stream HAILO_STREAM_ABORT(63) (device: 0001:01:00.0)
[2026-06-21 16:26:30.395] [7495] [HailoRT] [info] [edge_elements.cpp:396] [run_pull] Reading from stream was aborted!
[2026-06-21 16:26:30.395] [7495] [HailoRT] [info] [queue_elements.cpp:738] [run_in_thread] run_pull of queue element PullQEl_hw_read15yolov8n/conv52 was aborted!
[2026-06-21 16:26:30.395] [7495] [HailoRT] [info] [queue_elements.cpp:68] [operator()] Thread in element PullQEl_hw_read15yolov8n/conv52 is not running anymore, exiting..
[2026-06-21 16:26:30.395] [7480] [HailoRT] [info] [queue_elements.cpp:46] [~BaseQueueElement] Queue element PullQEl_hw_read15yolov8n/conv52 has 0 frames in his Queue on destruction
[2026-06-21 16:26:30.395] [7496] [HailoRT] [info] [queue_elements.cpp:68] [operator()] Thread in element UserBuffQEl15yolov8n/conv52 is not running anymore, exiting..
[2026-06-21 16:26:30.395] [7480] [HailoRT] [info] [queue_elements.cpp:46] [~BaseQueueElement] Queue element UserBuffQEl15yolov8n/conv52 has 0 frames in his Queue on destruction
[2026-06-21 16:26:30.395] [7497] [HailoRT] [info] [vdevice_native_stream.cpp:331] [read_impl] Failed read from stream HAILO_STREAM_ABORT(63) (device: 0001:01:00.0)
[2026-06-21 16:26:30.395] [7498] [HailoRT] [info] [queue_elements.cpp:855] [run_in_thread] Shutdown event was signaled in dequeue of UserBuffQEl14yolov8n/conv53!
[2026-06-21 16:26:30.395] [7497] [HailoRT] [info] [edge_elements.cpp:396] [run_pull] Reading from stream was aborted!
[2026-06-21 16:26:30.395] [7497] [HailoRT] [info] [queue_elements.cpp:738] [run_in_thread] run_pull of queue element PullQEl_hw_read14yolov8n/conv53 was aborted!
[2026-06-21 16:26:30.395] [7497] [HailoRT] [info] [queue_elements.cpp:68] [operator()] Thread in element PullQEl_hw_read14yolov8n/conv53 is not running anymore, exiting..
[2026-06-21 16:26:30.395] [7480] [HailoRT] [info] [queue_elements.cpp:46] [~BaseQueueElement] Queue element PullQEl_hw_read14yolov8n/conv53 has 0 frames in his Queue on destruction
[2026-06-21 16:26:30.395] [7498] [HailoRT] [info] [queue_elements.cpp:68] [operator()] Thread in element UserBuffQEl14yolov8n/conv53 is not running anymore, exiting..
[2026-06-21 16:26:30.395] [7480] [HailoRT] [info] [queue_elements.cpp:46] [~BaseQueueElement] Queue element UserBuffQEl14yolov8n/conv53 has 0 frames in his Queue on destruction
[2026-06-21 16:26:30.395] [7499] [HailoRT] [info] [vdevice_native_stream.cpp:331] [read_impl] Failed read from stream HAILO_STREAM_ABORT(63) (device: 0001:01:00.0)
[2026-06-21 16:26:30.395] [7500] [HailoRT] [info] [queue_elements.cpp:855] [run_in_thread] Shutdown event was signaled in dequeue of UserBuffQEl8yolov8n/conv62!
[2026-06-21 16:26:30.395] [7499] [HailoRT] [info] [edge_elements.cpp:396] [run_pull] Reading from stream was aborted!
[2026-06-21 16:26:30.395] [7499] [HailoRT] [info] [queue_elements.cpp:738] [run_in_thread] run_pull of queue element PullQEl_hw_read8yolov8n/conv62 was aborted!
[2026-06-21 16:26:30.395] [7499] [HailoRT] [info] [queue_elements.cpp:68] [operator()] Thread in element PullQEl_hw_read8yolov8n/conv62 is not running anymore, exiting..
[2026-06-21 16:26:30.395] [7480] [HailoRT] [info] [queue_elements.cpp:46] [~BaseQueueElement] Queue element PullQEl_hw_read8yolov8n/conv62 has 0 frames in his Queue on destruction
[2026-06-21 16:26:30.395] [7500] [HailoRT] [info] [queue_elements.cpp:68] [operator()] Thread in element UserBuffQEl8yolov8n/conv62 is not running anymore, exiting..
[2026-06-21 16:26:30.395] [7480] [HailoRT] [info] [queue_elements.cpp:46] [~BaseQueueElement] Queue element UserBuffQEl8yolov8n/conv62 has 0 frames in his Queue on destruction
[2026-06-21 16:26:30.395] [7501] [HailoRT] [info] [vdevice_native_stream.cpp:331] [read_impl] Failed read from stream HAILO_STREAM_ABORT(63) (device: 0001:01:00.0)
[2026-06-21 16:26:30.395] [7502] [HailoRT] [info] [queue_elements.cpp:855] [run_in_thread] Shutdown event was signaled in dequeue of UserBuffQEl2yolov8n/conv63!
[2026-06-21 16:26:30.395] [7501] [HailoRT] [info] [edge_elements.cpp:396] [run_pull] Reading from stream was aborted!
[2026-06-21 16:26:30.395] [7501] [HailoRT] [info] [queue_elements.cpp:738] [run_in_thread] run_pull of queue element PullQEl_hw_read2yolov8n/conv63 was aborted!
[2026-06-21 16:26:30.395] [7501] [HailoRT] [info] [queue_elements.cpp:68] [operator()] Thread in element PullQEl_hw_read2yolov8n/conv63 is not running anymore, exiting..
[2026-06-21 16:26:30.395] [7480] [HailoRT] [info] [queue_elements.cpp:46] [~BaseQueueElement] Queue element PullQEl_hw_read2yolov8n/conv63 has 0 frames in his Queue on destruction
[2026-06-21 16:26:30.395] [7502] [HailoRT] [info] [queue_elements.cpp:68] [operator()] Thread in element UserBuffQEl2yolov8n/conv63 is not running anymore, exiting..
[2026-06-21 16:26:30.395] [7480] [HailoRT] [info] [queue_elements.cpp:46] [~BaseQueueElement] Queue element UserBuffQEl2yolov8n/conv63 has 0 frames in his Queue on destruction
[2026-06-21 16:26:30.396] [7480] [HailoRT] [info] [core_op.cpp:186] [deactivate] Deactivating took 0.423556 ms
[2026-06-21 16:26:30.396] [7480] [HailoRT] [info] [core_op.cpp:186] [deactivate] Deactivating took 0.434222 ms
